ret,vol
0.1083325769377485,0.13199072882559545
0.09113738818005002,0.14937726704743004
0.12138163113822142,0.14667728493003615
0.09926717889478485,0.11349078667832048
0.07938912590315558,0.12103362081217095
0.10642925274071792,0.11763060522328563
0.079866469725955,0.10707899553406545
0.11978254089915909,0.1335489563264982
0.023705147283895178,0.11432533810861498
0.10737812983669558,0.18602708071917864
0.09734731130582011,0.1316792776889356
0.05535371893783604,0.12273156598579889
0.09575702436657693,0.133697227119492
0.12869116822488438,0.15365374732211964
0.10514643671227239,0.12373797098979619
0.12547067516610916,0.1231644375104326
0.037299778622683674,0.11275696788723123
0.12711356568311277,0.13443368237425446
0.08530967338265202,0.12495343723679543
0.13926965884374526,0.1314306555191811
0.05992827480523449,0.14085896998835723
0.06454086746942043,0.13349900186383262
0.13214465657644453,0.13313149974316046
0.11734515212979915,0.12763635969316925
0.13453481106519258,0.13680657529009013
0.06934665102085602,0.13410976356876833
0.10714341979097065,0.12183070097334509
0.11314004753196313,0.13080306110059053
0.06732676252997026,0.1294412850172179
0.08868694188179493,0.11582209649650413
0.13184449751272664,0.14257068426871777
0.11265896043310152,0.12935929549835984
0.09628056745316334,0.16463918654697884
0.12578052566075737,0.13213085139339636
0.046723076911131506,0.10750555847575949
0.11673694491357642,0.13890938600882838
0.09032640613861549,0.11058360677240885
0.1042461376965127,0.13929538513511905
0.0696007134455725,0.10677618043599114
0.11839050456271547,0.1324409136478094
0.12422921599459522,0.11720063898203734
0.12495075058269897,0.1318514281056495
0.13200030183871703,0.13558863981606714
0.1291495837267962,0.14634883197618329
0.12822154218910253,0.16373253940392385
0.03669541799838931,0.12166668445237293
0.0759393059413288,0.14123230828028166
0.06359878936188784,0.1375389478505432
0.06669663563408831,0.10778897332966346
0.102660383736071,0.14272515725336196
0.09553524088389416,0.10856483618888123
0.0565226798580723,0.10695030236302315
0.1124481006593902,0.12937829635687498
0.0981321163662125,0.12928200468941603
0.10968533653272007,0.14047783450836732
0.12771231560302826,0.1461927836988489
0.13541046968133086,0.13112604170735467
0.026634393211886605,0.11973974370633207
0.05704299577776374,0.11165622841855391
0.11586774210715037,0.14475652200946673
0.12526768805148192,0.13392595897835094
0.1256220925489121,0.143260433813777
0.11634677820766023,0.11842438481718952
0.10467330827226468,0.15737597857330848
0.08460070764060974,0.14034997496248117
0.06374308438008108,0.1177947568471773
0.08546884973479633,0.1279158193111173
0.14698576250174045,0.13834486954521652
0.10073350135875464,0.11608627745025493
0.1242759462608781,0.16211241928765238
0.08329560289738157,0.11471086305417905
0.05004057604827386,0.11871070309083459
0.0722243292815254,0.14124862256096743
0.13559761325806585,0.12709104468757923
0.08050648970384443,0.15499381573879614
0.08208754837488966,0.12027456325698316
0.13258523108577683,0.14136483444842132
0.11171780434583935,0.1964421936198898
0.09311134382226005,0.1230446161211465
0.1277943488575685,0.12824605263768488
0.11476353968286014,0.13958349628570865
0.09225331458521761,0.12271750202251394
0.09921073017243989,0.1423535206376822
0.12063753887807013,0.17462928054505564
0.0807145889203591,0.1472961300646508
0.11799775503961284,0.14590127602787267
0.07434243944088459,0.1326386456700049
0.14099628273534442,0.13361371315699302
0.0821460422741883,0.1200290244312054
0.12430390922031412,0.12993754240564803
0.10968983441856767,0.14119611050582728
0.10734080678384436,0.1315182847995757
0.10902640197032165,0.14354477637184196
0.06314048112404988,0.10923978421070812
0.11185712772830335,0.14824759343010507
0.11197647785689283,0.1675807745168901
0.08809703189011045,0.17607453148211444
0.11571068818665639,0.12555258330139796
0.1532738985347088,0.12980910935776876
0.03307617166530201,0.11497703302613888
0.13496372129861578,0.1394669034583925
0.11900384620570359,0.14511590414468883
0.0910041881754846,0.11203246371807682
0.10572796056388428,0.11719006228571287
0.12080409349014047,0.16033420196144788
0.04090452126917783,0.11973607206618837
0.05437129941073318,0.12493556861582004
0.08747314875557602,0.11507572318982363
0.11593575403099596,0.13524315599848957
0.11877911647713683,0.15146384662355272
0.00806816698840316,0.11510075888183675
0.10241320256368643,0.1134549483130257
0.09008231598131056,0.1295675068093983
0.13106959675842259,0.1329636649083504
0.10033719156272455,0.15289341648078678
0.135147296973158,0.13793976040906147
0.1604956277604902,0.13134739490150962
0.11026496237326189,0.18147779159194513
0.03388968992893404,0.12216985500421931
0.12694640378202202,0.14260370982903725
0.07584002294656995,0.13184857941246247
0.05237136361807815,0.11950386956336591
0.09164924558739222,0.1207702408783611
0.12065711797211348,0.14429930856125028
0.0061488748388374495,0.12199733137782948
0.12490279319369058,0.16836326297654475
0.11065163481096957,0.147699648345414
0.10579822711880084,0.1345057922880959
0.13124996089288823,0.1439591820345703
0.08769306563276082,0.11726073428667806
0.10276951431602074,0.1640153428351223
0.02943208826699256,0.1274945912729327
0.06721959864641334,0.1337026183415516
0.14942952888036365,0.1364676824541082
0.10630774596795257,0.12963071148375327
0.08986456472106746,0.1107100162559406
0.08885538414544,0.12819871684661727
0.111157232618825,0.14736283224616517
0.09224130163211579,0.1577761390750568
0.1427581668054458,0.12406557061983657
0.10592183063732989,0.12609307095062594
0.07434625362272139,0.11879415019254372
0.12857820041477516,0.12479877752573072
0.11128081927933588,0.17581858808550044
0.0009335433484024616,0.12240801904693564
0.06989909937990263,0.1337097553106606
0.11872344240768029,0.14519409770452338
0.12172262844322296,0.13264148155942102
0.10764635670366325,0.15150396338346458
0.1352391279898164,0.12790614127995492
0.1331416283476141,0.12759847167622418
0.07741507654438246,0.13000885127035436
0.0801340057846367,0.1113072429371096
0.09768943932680846,0.11761844185254018
0.1373861800434343,0.1334370117772697
0.06424590799388083,0.11434570861178062
0.0983787212621675,0.12663655400765544
0.10470084624581892,0.1564789914179583
0.12606918675132026,0.1163264297594017
0.11381989120426148,0.12882863591856
0.03591106836824883,0.1168901140933808
0.08681361732709357,0.10893237136372017
0.11935726912568301,0.13583951783614834
0.07912164227575333,0.1512305818198748
0.13107783449394905,0.13904436425415917
0.13638924696085408,0.12787795869649934
0.12914747831936663,0.14285630054348805
0.06019685465114864,0.10459712915738668
0.11322256277369969,0.13091591150546764
0.09506376532689341,0.11591483517522352
0.08801096334785738,0.13715903903554758
0.10514014019804638,0.11546027241472448
0.07398854369970898,0.10923375925199032
0.0769245487415832,0.11123127368566657
0.08918192227892902,0.11390728162084296
0.04482097115580598,0.1168073895091287
0.05146586468805972,0.11311859838012231
0.07352986806029832,0.1138645031246721
0.11720268363268017,0.13333626627006637
0.11449743823779672,0.12138447764134624
0.13529523767999824,0.13484061460065175
0.06470759752941481,0.11295971093170513
0.12898978970417468,0.12697672116470315
0.10209887334000384,0.11701018700439975
0.06115092466664405,0.1308964629524971
0.160586974365573,0.1459592815225648
0.12056972956383413,0.13247288645838484
0.13893198198289278,0.13351159327803958
0.07972594458058485,0.12417145948516949
0.12115305196465513,0.14615675712004014
0.07140639009654651,0.1069560132554536
0.09849299234924169,0.11623578998513255
0.12737405555421474,0.12495196681026546
0.13994980287410913,0.14036270588579483
0.1245692958244516,0.12729102245375015
0.04931082526306328,0.10479803642167995
0.10154884663807698,0.12087902842961722
0.10811444325701679,0.1665959572566421
0.14285195900937206,0.136807468605188
0.10492083967722546,0.1287590016309535
-0.005305423142403398,0.12104270140350769
0.11467092618220123,0.1474494625077362
0.10999450885987712,0.12683421241484133
0.1174483767102891,0.13878030374628514
0.11187768347428985,0.16741522405320064
0.08943469217157855,0.11752988999658302
0.1273276181154439,0.12317166842935394
0.06825865843401767,0.10482280158642805
0.09660238674159208,0.1203918934979712
0.12156123863394437,0.13164720916130349
0.11567512265325577,0.1268725451690812
0.12483359828643992,0.15521963240536946
0.11815363196616684,0.162413792356408
0.10496745320178535,0.1273876145053687
0.11482540839449411,0.14120094123035534
0.1030450897593416,0.13228083740318713
0.10929737662939595,0.15225359801366453
0.1239577116342119,0.154686622585146
0.12598011492939554,0.11619184436371316
0.07099036645298684,0.13255576729156063
0.08065603828692533,0.14716384741168828
0.10626585307132907,0.13048292406611553
0.15080448564483534,0.1385507293115608
0.1221466240629093,0.15670076097210325
0.09421640864945825,0.12352691960963597
0.14109008222913016,0.14287254366463817
0.08905175244535453,0.1117178302385009
0.11425918195358181,0.11433356914899782
0.10759322535810842,0.1310147419426141
0.11998778353516246,0.1294977137663339
0.08942308783272422,0.16185161013743055
0.10843454611644221,0.1766631724569983
0.11330971943421095,0.11369890688379851
0.11238769230174162,0.14241945182018376
0.09921627129226156,0.12118104837619476
0.12595369372881104,0.1471836272514292
0.0907325715712495,0.1275364851435893
0.09862841600300369,0.13729169959618254
0.07218156965919253,0.13299850298279267
0.13776983522662922,0.13651479133192662
0.09529571252174666,0.1419283582084536
0.10329610839328948,0.12841505141229276
0.15298629211550113,0.12714913912921583
0.12915522204208657,0.1437721961286156
0.09696924846795234,0.14394652441240974
0.11358527209299896,0.15131261749327465
0.10983300514236066,0.1304773225684054
0.0889399143371922,0.11276682190129445
0.08657966600061065,0.12959983552769602
0.08033456653194251,0.12430535643285957
0.12099292670815294,0.12066618782404577
0.14534822971922864,0.1356985057166298
0.09482048953572214,0.10986449838623936
0.10199902168076858,0.1316448040078344
0.11625438816179162,0.13296731269932976
0.020346765706691028,0.1305710007027088
0.12802172640619144,0.12070294358235698
0.09830133237479434,0.13201058187784775
0.1360486236270528,0.1385226407571249
0.13843528063534818,0.1408469125259044
0.10874363502910002,0.1636340732628306
0.1136454713335481,0.12126271479297301
0.1192115350625166,0.1246225786734532
0.1375201082822229,0.12400317910690581
0.047736394101255256,0.10917908117612433
0.12330196248732231,0.13294794110408203
0.10433178967498864,0.144512578060565
0.024689874684973342,0.11620428442394236
0.11402033510778561,0.12544113961607617
0.12597006402489264,0.14225176062554182
0.025116957299909575,0.1209738192925385
0.1288526498372773,0.13068321136822408
0.10049707042476899,0.13349220103373557
0.11782156697855946,0.13717970992480427
0.11434791467221514,0.14764022025804915
0.10223232184757436,0.12187711227330816
0.10524332120794337,0.1384628577756608
0.04698933165462616,0.10693883727503356
0.0809523692203867,0.1104855454516573
0.17494406506290328,0.15497219954859703
0.11471097520205467,0.1529015347566663
0.10288036033163206,0.12961131989713426
0.137661743620653,0.1382130049932551
0.009076046553870815,0.11958927153721145
0.08920755161748907,0.11380252811869908
0.11201275336678897,0.14155046332817972
0.10727005117670273,0.11749299096224163
0.10226896389566824,0.14346468717774366
0.11547570440959722,0.12257292796170045
0.11830104245687326,0.12254959037376643
0.14727720865006638,0.1271030126675982
0.051947267517046494,0.11673463837063745
0.1063901752654202,0.12873004677723635
0.10960503173360141,0.13098922056985193
0.11407016229136947,0.1316801948021042
-0.010899365909742092,0.11857583469055255
0.10668496380352652,0.1261272566005192
0.1223834916738516,0.1282425771228403
0.07551252914525214,0.1061749737045523
0.11389672383253428,0.11874942087720332
0.05921537133342328,0.11321809308450542
0.0963681534322485,0.15289178687194735
0.11633255680133038,0.1266315312399245
0.12083566855510725,0.13839902983826513
0.11608704934588407,0.12955569039894013
0.056664126507788404,0.1265937343227607
0.12096564021783214,0.15217899216841177
0.0481247618762682,0.11618904650100838
0.10117268914571023,0.12005276848998722
0.13150458341013788,0.14552962402332528
0.09729934646942907,0.13309442297458132
0.12424051057044959,0.1280350459897706
0.1199881126813844,0.1395502914686228
0.072327322729916,0.137427812156094
0.1339781415738276,0.1302478921508855
0.06629869563562366,0.11710127272917503
0.12690950910439694,0.11696980406638828
0.06937671357472261,0.131246135694858
0.059591970047994894,0.112356177319463
0.12077414209481892,0.11313693590126123
0.10263095238538396,0.12669659601986805
0.0578792287001449,0.12541038334616475
0.1511226144934931,0.1255624442951914
0.08409602123018807,0.11082645131757769
0.047894200032976265,0.1131259371034429
0.07488841106110412,0.111982171770248
0.1257851973687279,0.13113869110407367
0.07129358074037243,0.11505487465841958
0.08777598809580034,0.11056752956480574
0.09172556126978582,0.1269248565367457
0.10511413013300183,0.12810008681558588
0.11776631601860744,0.1647459245478163
0.09120407770808937,0.1279824498726418
0.07972662094060343,0.12224581928046865
0.14277782551938126,0.12905043648528575
0.1299226274778286,0.14533292616403412
0.03864958292363333,0.1126585376163355
0.08965511943594302,0.17097589350922923
0.11841128622519184,0.1350395665258712
0.10376607485120039,0.14593217818134516
0.09509037200427342,0.17231767177059784
0.0686029799616312,0.13366352220712982
0.0984272398642627,0.13364202342532544
0.09601799687981312,0.11480194938959391
0.11327738307373075,0.12413405841776393
0.08017045276516516,0.16556663678139505
0.1450329503755442,0.1309165561580432
0.0005781313391637899,0.1140455964962742
0.10048058720563799,0.12611347907905843
0.09599667348167518,0.12078130415510036
0.12955013900655457,0.16242897773616607
0.13082217457623702,0.13383147103388665
0.07944856383370348,0.10592284765760202
-0.004104377601743543,0.11988891518805654
0.05955657108004499,0.12818921203249964
0.1326015258474401,0.12459362464628378
0.06314594282776095,0.10961102605709369
0.13216786599285316,0.13726394054897142
0.025099322701067364,0.11692913143636534
0.11466572049815303,0.1675786535617395
0.1124285194260287,0.13162014785034487
0.08046150649771897,0.10726898049637794
0.11665880779467404,0.12363396232743021
0.11872173428636039,0.14339137062602017
0.07037134321446628,0.11671260020425989
0.12382499101257369,0.14281220206417045
0.10250615308104143,0.15341116157567924
0.09354255539124925,0.11460081024411137
0.09303965033594613,0.12332917616597946
0.055375033944042626,0.12441142491874652
0.11482479406858191,0.1518465741690688
0.1023721465531349,0.12499057216848553
0.10659433095846282,0.1267649092135339
0.07139693813340799,0.16334806716935896
0.0949482439244157,0.11376400233699709
0.12995817857404668,0.13510110160459962
0.024357737719708148,0.11252193667214125
0.13312576684528113,0.14559353687464321
0.09637147395173558,0.12822028368095684
0.10104247810565307,0.17496283330550041
0.12476211561115041,0.14301710949026358
0.07344459617469914,0.1274006764785147
0.07523072907986637,0.11156787613314188
0.025079818142639956,0.10908006114753979
0.0759246561485433,0.12486568201880441
0.06486722911164744,0.11159085417427109
0.1174172073430938,0.1267943239110054
0.10025702201967514,0.15699433672380447
0.09937241856997214,0.1300375391602824
0.11898755842541389,0.12727849660468854
0.10743833565048998,0.13921455315914422
0.08153485217834447,0.11875484594637875
0.10644014258463777,0.11914676657633792
0.0833858671774097,0.1305111927319442
0.08747775851944793,0.13706709646444687
0.08286712872554824,0.12459923428024977
0.09017944560933347,0.12945788503934183
0.12332249578138019,0.12573145622362344
0.026290373173414146,0.11746967002526582
0.09636155935321414,0.13169964828220918
0.09875627666836898,0.1394607541710969
0.1408850548391284,0.13496281494077425
0.1135353908772195,0.14201502161096333
0.103696865945544,0.11612483052371436
0.008453769414684675,0.12209462692863693
0.087273089693361,0.11523048045462812
0.07927711126983884,0.12179140029433189
0.090666401476704,0.13431997061713058
0.13307429897257345,0.13686873119652046
0.11211338597718608,0.15459120817918773
0.08178632938040649,0.10895959785323248
0.12313820571385527,0.1422806970622377
0.1164575232772778,0.1483276842843537
0.07523213179528311,0.11964682845240583
0.1010613446268972,0.12802755010784964
0.15177629931555722,0.1350045136479371
0.04747183509237352,0.11868662061905971
0.11996268221256866,0.1433364292712955
0.14713324235356395,0.12648665921684207
0.08091075884084478,0.13556951101452258
0.1382080392282568,0.12492312274272874
0.13098248385551864,0.13489028881383192
0.08260492947625327,0.16330957366761892
0.05668616603213175,0.11033737902669033
0.12432669160715207,0.12077820269611508
0.10265528922685149,0.1344642514498682
0.11681438251623195,0.12562588203656275
0.11275559626984219,0.13427626148608893
0.08361526974894283,0.12536245179097205
0.10258808415784264,0.10847191536667103
0.11864424072464372,0.13329776973946908
0.11847660217272166,0.15158463679408507
0.037911852488290945,0.1170971983434692
0.10998166541028664,0.1252512197471827
0.13330431362136602,0.13943980096352995
0.10340838337386649,0.13058623407816514
0.1096554794219009,0.13726240050958316
0.1376642250838023,0.1303949374440861
0.11623228182908374,0.13126423500222845
0.11131099059893428,0.17898533829984623
0.12099565413476426,0.14442849995245738
0.07826761344738703,0.12097889992269685
0.05497944931165583,0.1094564877605731
0.11336968031338193,0.13162638117200845
0.0760885779462742,0.13271831102006953
0.14582590578532761,0.1324012238283029
0.09845695552546249,0.14884254793694324
0.08193736845621405,0.11686934249136054
0.14557751832538846,0.12851893398614422
0.14702498205912393,0.13298772968507194
0.08460556401396917,0.15645486242830636
0.1314557004765102,0.13895261576963933
0.06805475535406902,0.10671924468413475
0.10183086149583714,0.1331349065858603
0.09927568285625804,0.13284615661217425
0.07924024131358881,0.10753766066917683
0.1531666320633591,0.13814968303044667
0.11444138857950889,0.14749052836484952
0.09936743837834859,0.11346361860260928
0.10807159473862646,0.131103712464421
0.11485533695710448,0.12041974957679083
0.08692510764735185,0.16710278497553435
0.14814025606780512,0.13377273453003874
0.12642751011003533,0.13065496834189624
0.1020081669959362,0.11285268389261158
0.11390439761289066,0.13288428542518832
0.13728129730915384,0.13699567957127462
0.11496911125516578,0.12936261144062677
0.037577913100435775,0.1348026595783462
0.11928121692051245,0.12866184206579734
0.0705664827261696,0.1240491022197974
0.10705534312829001,0.1503624892923281
0.08783667863445413,0.1435767930042704
0.12644337459211366,0.13986374288241762
0.12380832374360394,0.13559944035005186
0.13433791902786016,0.1268629382031529
0.10690579851968324,0.13371538489913293
0.12435951987336237,0.12064899144024768
0.09015674348544983,0.11784277768835436
0.12999206701082816,0.1324737078105015
0.10642727199869723,0.14876705019773118
0.07951262737886645,0.11684541060333194
0.13939617466334292,0.1266236002291352
0.0899634466826039,0.1440993491228497
0.058470541606654776,0.12298585091321214
0.11641609580197351,0.14326819117340248
0.08971740800461689,0.12030258518615507
0.09653130682082223,0.13462723470814073
0.08669398619490538,0.1141790345323829
0.12957020212000883,0.13059217614770288
0.09798897137178375,0.12023538470373708
0.08482548175530717,0.11706287000267372
0.12306336315777312,0.12621335455097055
0.10166228684596167,0.12403323664328655
0.13718988747555474,0.13094309413720567
0.07544537251400281,0.1264312194086581
0.05392259344624925,0.1057026649236202
0.13962949047010567,0.1490332373211481
0.10669673670880667,0.12756780144009788
0.08959064307164458,0.13430968361019371
0.11012930600991949,0.14876351468762009
0.1443122826184385,0.13662849538150762
0.11923906467722103,0.12861515760991807
0.13133630261278112,0.15354987960035743
0.13731099269933517,0.1252666341435019
0.08795138642444386,0.11207140802695939
0.11033786588397093,0.15453716738084233
0.11852651556857396,0.13003475611164964
0.0472545150041172,0.11488668024897539
0.023104686224031272,0.10694301136641227
0.1517585606160879,0.12795236552670644
0.15578448248133253,0.1378074903387503
0.13634772743561313,0.12236878895286489
0.10658979857889762,0.12125235347309608
0.12153222953770988,0.12551983070668052
0.12077408949708666,0.14904945627595897
0.12692260237431943,0.12902039274242816
0.060020486216309024,0.14754291444010567
0.08238141259702697,0.12622056660835543
0.08630572498935134,0.1365062951211316
0.097155665668491,0.12099062120873932
0.11012951375831438,0.12189127240259598
0.10667608968179908,0.15403535927515918
0.11578102797672808,0.11977736427871877
0.08038789845528949,0.11236742924811345
0.016795294268273087,0.12561194862008485
0.10894505913001615,0.12028669333889223
0.10895222157091244,0.1540386700899814
0.1619188256679483,0.1375497875230303
0.08955195359321691,0.12274930630927497
0.16435705809676243,0.1480401097522489
0.11765571866167908,0.14293803744982533
0.13759434199734766,0.13467047306048308
0.020554615649686626,0.10553669926398465
0.06642724136421872,0.1302718498183478
0.1010734974544844,0.1600676652418073
0.0649579561910197,0.11268327616128773
0.1177161212863182,0.13824640831061655
0.07370496808533353,0.17650919726519881
0.11087704098860982,0.12996778060701597
0.09108461426746645,0.11811609227544025
0.12924694742897874,0.14489409502518838
0.08523081868676041,0.14499190773421464
0.11428072039245485,0.12221768683366331
0.11710324557819815,0.159173325848571
0.11160773692949616,0.16157133587919614
0.021096087386173176,0.11644565089364005
0.13675217798402342,0.126691756876926
0.09683528597548904,0.14633083453353413
0.1097682026521596,0.12788980563837737
0.05379399189024573,0.1366078473713932
0.13301551968684908,0.1394952342377294
0.11535427291753769,0.1598178379819131
0.12251960453885404,0.12077583587086672
0.1353644116086139,0.1490740844603322
0.09888391102105984,0.11295032083869257
0.09530761647154758,0.16672240693947626
0.1252864208492502,0.13067976473328827
0.1140357579887551,0.11864683378791262
0.10124770306033769,0.13934325232909658
0.045357268386853,0.10849425838389891
0.14342257828481358,0.12511950639692399
0.12841747863602007,0.14774242901386775
0.099301752815215,0.11331715285434686
0.11445090104634902,0.124037280978172
0.06864963263598235,0.1456663558121031
0.08324067966736755,0.11913350327331447
0.11818568672996418,0.1391324429012319
0.09285247119009632,0.12735816617771523
0.11937822044626932,0.1511938370604738
0.1317374782973202,0.12479989735653013
0.05492778023323481,0.1164648311708582
0.11215706667690785,0.15839122574472483
0.10446510881247614,0.11719995060639972
0.07516701696833995,0.13918030681955426
0.09130740364395282,0.11764115139763505
0.11084034419028946,0.1734557932943202
0.09459839429698483,0.13124227911921296
0.04618314814399696,0.11610282979065314
0.06436366366461749,0.10868785826171903
0.09620408964703124,0.11764156774789988
0.08580487193486822,0.10939755481042013
0.09215196733543225,0.12643323763098746
0.1321265526331744,0.1407682632653812
0.13653730700474093,0.13762128072586594
0.10015744861914956,0.15112311934182776
0.1192272762210363,0.13196256111585497
0.13196273298051275,0.14015909614399247
0.12612932242499092,0.12776156282257256
0.06932683355839658,0.11375993883422084
0.15256333637452815,0.12797654171945422
0.0921384795737217,0.11954264341971435
0.13376639213846503,0.14709310141622509
0.12291734518590719,0.12991702560742163
0.0837546476270338,0.1185702004738648
0.04733612959069821,0.11631136940376419
0.13487383142481646,0.13503678735246855
0.0873159846644565,0.1129351681897293
0.09505691250874956,0.1272050945000266
0.1249104812506374,0.1423449863433769
0.09602543968748259,0.1627858648970408
0.05621766702121027,0.12516043392803392
0.05425163394484964,0.1063899429400805
0.12130835631167526,0.12932592625427952
0.07565484871102462,0.16828700544937872
0.08836847393650721,0.12150107892695988
0.09625012694268435,0.14813583341943667
0.0974255553564738,0.16610608250864126
0.11433729788342306,0.15926259802944154
0.03255463209047016,0.11054927053230444
0.05909088543539646,0.13196563276696574
0.05951434264186005,0.11316775025153446
0.07149726895875859,0.116334256419472
0.12508142963691926,0.15329321555839098
0.09059226965847117,0.12562895322838497
0.11922586685812768,0.1256608008179118
0.014780301389735628,0.11970660384889308
0.05234741729044641,0.10706980323570331
0.132631143076474,0.13257387281774838
0.04234070702514714,0.1098266450889168
0.02131437998124249,0.11663416885533363
0.062209882137330974,0.1139472827818301
0.12645408649132925,0.1612994907639843
0.10772691236385926,0.15867988080963122
0.07318938073528952,0.1338163560174242
0.11419465012322452,0.12699643762685867
0.12455147100993906,0.13465481888263345
0.10360124923523553,0.11872587589203766
0.06364369397076407,0.11077925957760314
0.0973965466333395,0.11438776142678063
0.09127260302339087,0.12061621591668223
0.10838954714892014,0.12233714039409631
0.10186675839524047,0.15606188149159603
0.05740685634266768,0.12803672482611914
0.0867411866459884,0.12981431694544177
0.1239812305380141,0.14193496393903982
0.13932161254782843,0.1376634317234726
0.012944988853837547,0.1156525392696734
0.005099890798356967,0.11545954747939129
0.08154269086593721,0.1322736958827767
0.11395591032229939,0.15157283673688307
0.10975959740837199,0.1391864260125856
0.07275817166559839,0.11487669217002469
0.07070968270644827,0.11726715216928635
0.11620058728769023,0.12510364544238736
0.10411045759651627,0.12251896480898099
0.0991674878385905,0.11979288502646533
0.032052856054187104,0.1261326876594105
0.0889525333645019,0.14322243871412457
0.09167019000424924,0.12418048875384566
0.05866508004568448,0.10522057520121132
0.11840348732068923,0.13251273641301034
0.11322549102346166,0.13318439295149945
0.1134180314243193,0.1618116896425071
0.10722920519319228,0.1505057050155057
0.12495728233172601,0.14317945613144686
0.12413541524973032,0.14411150384673616
0.1442642493515748,0.14098710905107883
0.10539077852613692,0.1624815079959412
0.0806934179510101,0.10844192371399432
0.037333989291467806,0.11943326542571407
0.11481477225040218,0.13548158980109742
0.10753479171028633,0.12097332648009614
0.12422062341082199,0.13115976879645652
0.10506390633244833,0.14494593506461168
0.09216035032895345,0.15921030765100663
0.10144924239088592,0.1589889458324475
0.07533597474809803,0.10371949287151737
0.03054878348357607,0.11148247868345613
0.08233488264101037,0.12143295747380521
0.018304396178228807,0.11335524208107062
0.11267455641190556,0.12191767581539163
0.09886489854862905,0.1262406595417813
0.11100768765389071,0.15713668134884762
0.12992578621981424,0.13141394924862582
0.06962859288787446,0.11076798836105597
0.12430231956840926,0.15637764773744586
0.1337304908906308,0.13694475883151433
0.10627311983302173,0.11299458604010117
0.01974475548707246,0.1095061512428716
0.13223286413789562,0.1414015730497527
0.10840393231796756,0.136505117743321
0.08623386284600838,0.10897823486638296
0.10186342990940653,0.11722381637122758
0.12857431472171676,0.14766140384458462
0.14452671207751672,0.12626174042949115
0.09743661672968468,0.11529213273184268
0.12677210743999168,0.15097270799613963
0.05695618512940123,0.11842833489087082
0.11125579491985797,0.11867946388568568
0.052526018800235705,0.14299258067807702
0.12699365040636518,0.12596386652029376
0.06130019403126844,0.12075285308805363
0.12914005882505392,0.15451705389319334
0.12622571759781187,0.1299553256124646
0.12214548351812532,0.1644475635121721
0.132299323397559,0.13301760943573154
0.09784462921894763,0.15798752921362774
0.02844645088847033,0.12570881990664506
0.1382643992976243,0.12451044001201536
0.024529945649292437,0.10990564311755019
0.09049187896827865,0.1263196698899112
0.109809859906159,0.1755762086806144
0.037774387883923594,0.1265961584138473
0.04341690020945161,0.12800610067648718
0.11632394805781489,0.13076452102065111
0.1292003029716058,0.1339312574349878
0.13708764107107907,0.1258493089678
0.13983856187502952,0.13305041129747536
0.10509801570582707,0.16482040998725903
0.09215439498293287,0.11547135388614205
0.03589323647160838,0.11411592845877004
0.12085963349461443,0.15143637086605977
0.11497699876772502,0.12010063084593607
0.12872108295472165,0.14112115620985236
0.15788803388290393,0.13237416725700765
0.08869304740448536,0.13071820371316512
0.12576457086319037,0.13869442138248408
0.12173261956526668,0.14837632303709783
0.09193935289355944,0.1206660501138291
0.09382286196583049,0.10700441545032109
0.1033432113765058,0.15092431705864778
0.14086986385788294,0.13217130287544052
0.14363910644754707,0.1271595472238601
0.10005136403502543,0.12242224969016624
0.08320410448601141,0.11838910014624092
0.08482575312398141,0.1304697675312687
0.10491063117948447,0.14683252946401817
0.09637425216680795,0.12093666748144455
0.07981770350377182,0.11481276529684213
0.0868556023796398,0.12316937351571998
0.15187684274536253,0.14567170428305143
0.08348962381223285,0.11583606781500434
0.07546977961965512,0.1552148752969992
0.07135401412575082,0.1527319546270754
0.09358441138665477,0.11565424229940122
0.07243963548026291,0.12806958871806365
0.08146173614512339,0.11525316077553636
0.10347299552475511,0.15389464010814885
0.14122171144350001,0.12329933549671009
0.0989877710258363,0.1321302364437948
0.09614016069127891,0.11461196494355227
0.10407677902402562,0.1279661519154525
0.09641895702012857,0.12272696257312334
0.07198958987964053,0.14569490380209857
0.11587735614180339,0.13649187835469662
0.08573880839610791,0.15772748546400028
0.1223781059332141,0.13125100269535286
0.08304451620872502,0.1272432208262517
0.16354327369861066,0.1398432712684814
0.14635168065632323,0.13697780094191217
0.15323464681573684,0.12823236289675047
0.12742653509982327,0.11903217431085243
0.12323164284460494,0.12882421193034269
0.05580564712341828,0.11539316398696808
0.11772887846717328,0.14301456674838323
0.06938006290617116,0.11560487749138826
0.13242094780338523,0.13405904010519035
0.1030120017170624,0.1222368646186409
0.09238607380027303,0.12838453256162755
0.0756871514565364,0.10689015843934516
0.07038753630990771,0.1528617433998005
0.04968466138374782,0.1229369730026916
0.09990880903221407,0.13975930556926078
0.08239518758277854,0.1611971873944107
0.14753039507377094,0.1345400992338508
0.11006498308426707,0.13436070748928702
0.10535291698127791,0.14173384453725774
0.08283752194597634,0.1271780535447499
0.12342597365351878,0.14335698663926863
0.08635412783734164,0.11232258020968992
0.05721324981593466,0.1323222680781578
0.060183825133894864,0.10875787393381182
0.1314959473642221,0.14969232694153678
0.09678225601905426,0.11794531786127745
0.0928541354753383,0.11887289966067924
0.11398921079245668,0.1383474353608947
0.09898578538096037,0.14075134286031699
0.11868229711763541,0.14401730742698107
0.12736143241660747,0.15078974846624316
0.10681530668472751,0.13395122141022844
0.08200205258081655,0.11565589305038385
0.07181881884115526,0.10617313045580724
0.09874269912932532,0.13737515746716275
0.10270621917925919,0.15144780408805184
0.0724010031846368,0.10900540932444866
0.11950388406527888,0.13626815756754448
0.0979371001286764,0.11296730961562425
0.09500198883451534,0.11661866425816628
0.07406520793335225,0.10725372681369937
0.12897359653107754,0.13294368802215714
0.09860422743733512,0.14973428299765584
0.08405477644580611,0.12261217612022116
0.1043641820452378,0.16111942343554914
0.11579016723938819,0.13753784300134472
0.12664608010842154,0.1357936904170555
0.13798930660505432,0.13166749670243386
0.11381294287286166,0.12807816030193947
0.13158975185363883,0.1408402300088017
0.03602212256551669,0.1083363549018943
0.09959102220530995,0.1454225958374531
0.1112701477165987,0.16420656162039046
0.10841603325405592,0.16316985130320857
0.06710598211025795,0.11077842943044133
0.06079091402867229,0.10813182684900462
0.14247830120145136,0.13075097549938078
0.11020314214545818,0.13418259154359863
0.09970763439408221,0.12426278083875886
0.13340892571104151,0.1665261854611066
0.04539880513105381,0.12732222063440127
0.10661167205783936,0.1392726778977574
0.06026895561154744,0.11104725651080305
0.03929740147642827,0.11161824515898047
0.01449885481959818,0.11774717570792327
0.1221034595666882,0.12635961799438528
0.10462059961477364,0.16372491025679453
0.1227807485022892,0.14037142103153727
0.110532454858321,0.13134256316265583
0.11435881639847326,0.11559250178055709
0.062184803147631834,0.11375636693520226
0.05505471702360768,0.10790076805046737
0.09434144347743306,0.11593971037569478
0.09553253218547816,0.12104090430960493
0.14083549426070635,0.1288824006172851
0.09467235083900277,0.11491455020099599
0.03469178820457166,0.12240746123932998
0.0849107286143634,0.1470630874069963
0.11022465115172744,0.1264194580184759
-0.0008374619815153597,0.12272287047018302
0.09146401997497135,0.149970924317005
0.0743879026167101,0.11811794681849906
0.11207324568335832,0.18795824657442864
0.11483031958900008,0.1412017122628715
0.07961928464605736,0.10912992446927382
0.0744917022593036,0.12017548075273374
0.12804126490595027,0.1423755932268006
0.12564429231524313,0.13269831430349643
0.03478504530087908,0.10629237473900865
0.11884692589160042,0.13296670640804298
0.043859174299555694,0.10331586950426158
0.0388152912427812,0.10719062498756318
0.14353598096742115,0.14279716368219297
0.12091552577277484,0.14741842987969206
0.07632456423019741,0.11797406957595853
0.1312636111656851,0.13736147659744952
0.13235750313201514,0.12988326842190598
0.015375777578316558,0.1237474629680897
0.1426888847026758,0.1405353980786139
0.11427650594341043,0.134111037891945
0.0940271048095966,0.13705665881497214
0.0825669387769365,0.12430611982176908
0.1152813844934893,0.16625234294093508
0.11848071145902811,0.1361186352205213
0.061611409674580175,0.1042470984442052
0.14161550795706473,0.1362182206695756
0.0796786393423098,0.1591578891532065
0.10933324055728512,0.16926307285885553
0.05335732802507041,0.10894583393897099
0.0705503871171271,0.13006926260889035
0.1088844163401606,0.1391353683254652
0.10706107259345629,0.12515896241304292
0.11043773623655506,0.161686618293709
0.10011890061405715,0.13980970632685322
0.05542488316389563,0.1155530397912127
0.06548036340801884,0.11973436678697837
0.11556537075637607,0.15161661075777075
0.12502595215290072,0.1372110405051642
0.14869700725043383,0.12536834554880152
0.060835208706652426,0.1131005601552574
0.07260329754484336,0.13302069388943366
-0.0011458500743581762,0.12262644285590892
0.12612803662456265,0.13827175293842311
0.10260560026228346,0.12667109748958472
0.13326676797524017,0.13127788855804198
0.10613207346477505,0.16303985601765028
0.045946532274126595,0.1187005531940151
0.029833898598143088,0.11350027532085118
0.03843136101550007,0.1267701853329528
0.1476457542719664,0.1458285656405489
0.12410362215410507,0.12117070971141701
0.11464390493472211,0.16250491399138794
0.07955697216628327,0.1226104155537244
0.024172312350667687,0.10882496324662226
0.1336098277191546,0.13563033077913825
0.09902329080936437,0.1672446362176217
0.12462407395322207,0.11818169180057625
0.1673061395218955,0.14706328876784722
0.1222069099424244,0.12726268520468237
0.10950401336014244,0.14203604696976635
0.1264952632598731,0.14195442029284752
0.14007465817415451,0.13340921512695608
0.0898792530511744,0.13756986500285368
0.11290684812182528,0.12049562087905245
0.11977556126246469,0.14946572528970356
0.0991661815621715,0.15591712700258256
0.10127975048604355,0.17522089966976634
0.1109190149298926,0.12178218893644858
0.13127666185700052,0.12273823235081104
0.1307257123681712,0.11798683566043028
0.10330633350617767,0.16633598699401683
0.12853870184750332,0.1319750007145112
0.10891687159987533,0.13024005817153275
0.1355986469534346,0.12628738286190092
0.04384620127360696,0.11170827345565482
0.10006314745296063,0.1251925962290124
0.0060590510953346804,0.12228456342741333
0.11160468747436086,0.1583597208430687
0.16124490893256752,0.14510497264981326
0.11575355380917489,0.11745307621194093
0.09515068182067508,0.11949626271611342
0.06589129031578322,0.1140554416779869
0.0785564526896637,0.11166590257118408
0.07789992811964151,0.1250100058140851
0.062392807664768055,0.12360948258921614
0.07277204355143335,0.12107294075856904
0.10888635057371679,0.14218888602107446
0.12080257094051858,0.1540037756193511
0.11467024594168088,0.1403733798871905
0.1277168828780455,0.13569295830019285
0.12592501512475293,0.15884918257101846
0.06906003012297339,0.11332080840666833
0.1169313308385331,0.13385312652653006
0.0989455164268351,0.14382131053492986
0.11757083457681784,0.15621422309640745
0.097070828250038,0.10850020760656164
0.13687786667812604,0.14038195194031605
0.09167690346176023,0.11834852553424018
0.10512279713400077,0.1217342429910063
0.0766610003359187,0.13206113833776578
0.10661967605619141,0.148951148632508
0.10054550703491463,0.12486770969653505
0.12303704540435471,0.11781006825589169
0.09775035952760372,0.13212380318249373
0.13693404806271794,0.15713330074276147
0.12298953229642304,0.1615115159689641
0.12272776338316456,0.14722558933051313
0.07985313556521609,0.12088231800618394
0.14427524382088705,0.1386020926469663
0.10346898335024791,0.13066061006578905
0.11969897705621564,0.12872488040916238
-0.02132119322915837,0.12616889120413774
0.13536082790057286,0.13286402842540143
0.08576771327045694,0.10849697250519166
0.10104505102202292,0.12184901891541344
0.09308237846476683,0.11868851841832127
0.13177633133854508,0.14152198629206422
0.09542077588326914,0.11558184977373762
0.021960863359451785,0.1202210262042551
0.07102879748563927,0.1180172534830317
0.13194280007219591,0.1283306435965467
0.13057598568284715,0.14371570436666845
0.16503214818387218,0.14148118491387257
0.10102808198786845,0.1249647504512542
0.13407986278255518,0.13353271534303862
0.05525795851987088,0.10572424852263651
0.09290542483817793,0.17071445670285432
0.08962318055658604,0.11381822603746393
0.14729791223076782,0.1349192248484892
0.11914159589366102,0.15001891240628012
0.06728329729770337,0.10778760630150552
0.11219212055731831,0.12487937382053317
0.12908023232858074,0.1306388439259254
0.110794655535292,0.13549900669753825
0.12307248293836406,0.13106131140739874
0.14142532367621588,0.13379271250860697
0.05559884265787683,0.13058548802531905
0.06463033898991807,0.1387992315623953
0.10511491935270746,0.13200287341319217
0.07790082139391215,0.1332240733093305
0.021556570753797268,0.1136443605354659
0.14128779758850943,0.13812057161475474
0.13579292920032143,0.13574257237114024
0.13055202184654166,0.13368376466918425
0.08493704845045488,0.11112582378868334
0.12403305748157034,0.13076372579817472
0.1480802914697515,0.1478230054425928
0.08516961279001868,0.11710758058082456
0.02935890531199142,0.10623968822990168
0.1185984386357625,0.1846584751472588
0.14365212084575604,0.14019055596700147
0.07058520965993594,0.11842631189897944
0.13491950002006478,0.15081901049513835
0.0991282293411711,0.12521918535942173
0.040927414841750547,0.10516980251064989
0.07638234408965476,0.11834726256944357
0.0813788643648667,0.12722818890532198
0.13960955441628553,0.12939769361050585
0.03667218807258342,0.11027658664179517
0.14361454705156593,0.12893878000163397
0.1298070233573052,0.15874618912882532
0.07027465856784751,0.12227004984054608
0.07717161351223153,0.10886898071468473
0.12119211275325867,0.12134029040780767
0.02986094143479895,0.10596223562007076
0.11358455445803567,0.14693157178446473
0.12584383279822758,0.13987826163975423
0.09841381950416518,0.11847474762731433
0.15974153460066529,0.14497679255371917
0.10249396839781878,0.15686420272268922
0.09531284653871795,0.13656030644681696
0.038774470581277844,0.10769996009519131
0.10926300130492196,0.12649363099186497
0.09912267845071052,0.1341590226179549
0.09011171723873386,0.15169113241336646
0.11992806268461234,0.1333535642966753
0.14471769732549544,0.13206743732977017
0.04666676227627087,0.13957843404851064
0.08397781722915304,0.1220066387011351
-0.01011134302709464,0.1240539439737876
0.11638724192624933,0.1465838775684149
0.06540533444227689,0.12062951451195193
0.0809441707986217,0.10951921913288921
0.0887722773720374,0.13634271421340383
0.11290256353767421,0.13183977518260703
0.060357313868173695,0.11634875822639801
0.05956344769743542,0.11409991281118374
0.10320253930061116,0.12609856629576752
0.10473332232806055,0.12499635572628529
0.050000083433768924,0.10535809732510111
0.08889027642795407,0.12969868053169734
0.07727553165464066,0.13934115165892533
0.12186439585014189,0.11792650718229891
0.028710901207813035,0.1215462193316808
0.08217244559666016,0.13913376000449618
0.15554560176805815,0.12778513129193853
0.11569475885077146,0.1413886001360388
0.08212500195976127,0.11734947466724531
0.0824482955644217,0.11671428641569341
0.11585071213660555,0.1437147857653911
0.03933224114223522,0.1086282548785428
0.1309374583163147,0.12583816290729224
0.058964521620666926,0.137520440755402
0.13055503302536378,0.13633928838487883
0.02659858354875149,0.11571440428794445
0.08569340677698278,0.13010031177301395
0.13186523844994222,0.12131042211094954
0.07010499188692805,0.12291544314848463
0.08696352061149876,0.1425984415780979
0.1235737525501768,0.13970077781940685
0.11977087498112336,0.12228303420552397
0.1272701640308614,0.14029160238912994
0.03907454838214387,0.10576922114116992
0.1049931858695006,0.13453840829533717
0.11569341023288725,0.12297494293829034
0.11583987493916223,0.14880211260505422
0.04207479001679805,0.11505179711233043
0.12311720212381813,0.1399631421551973
0.12444859475812588,0.12339269164442779
0.11213067570137146,0.18040723540709186
0.05182826120349348,0.12692931523094111
0.10694614689946019,0.12687775616909294
0.10856211704013859,0.12808003084780836
0.06281179091012942,0.13853481514901042
0.030315687711498708,0.10899095609409175
0.12353362362714498,0.1381610864070137
0.016386680365544984,0.11864910771260224
0.08738609992685217,0.11534538542065563
0.07151522934049091,0.12829078578890768
0.12382274031078777,0.15105818998403375
0.09075732281124466,0.1361597634707376
0.11945262911764537,0.156324198978628
0.02637821923986737,0.11860207688117484
-0.004981676292645364,0.1174700553203876
0.09677979724044301,0.1304483034426706
0.15038417223759326,0.13096510069971862
0.12943485775886482,0.1354408943421046
0.09162108706933968,0.13326881009097394
0.08330951211788074,0.16158216061091504
0.09411145374662434,0.12589725557641823
0.11795354044648952,0.14922906797805574
0.05491733329970877,0.11138498220729445
0.11078871237933012,0.1237264916494972
0.11182949564129588,0.13787033443901553
0.10083525800201482,0.16511723268807685
0.11248636113329867,0.1337006495803859
0.12791167268737935,0.15778905842359228
0.11843126441556415,0.13367966039511278
0.12026467544413373,0.14411723010727068
0.10399258914863914,0.15055538549808292
0.11844591294083229,0.1290616093269332
0.09476576889516627,0.1227413569647424
0.1100984790872146,0.15101587750300838
0.10653622909554676,0.14276985803136924
0.12076416673927562,0.15041787885893168
0.0943133745363571,0.1666942410434697
0.11565795351517487,0.1519313318270807
0.0696827821055534,0.1245886111088908
0.03012722171483645,0.11099568526505944
0.12333962376588786,0.12454236048122132
0.0979403271984857,0.1357066446306035
0.11029409019742661,0.12358518934707707
0.04788541733266012,0.12266052609041693
0.10295840032511183,0.13745216568568983
0.12219804193554842,0.1416530148514121
0.10353539144648033,0.12091212416719373
0.10692095298685665,0.129311803994591
0.09360322358979858,0.12685853908744038
0.12341314762799341,0.1513997238712637
0.08670344680462871,0.11007779628003529
0.08913124503450454,0.12065271849866889
0.09730447574161608,0.17216078639558408
0.12821441679657603,0.12897083852507382
0.12584509184438508,0.13849753232150494
0.12498664995392192,0.1542536149453749
0.03441808198375895,0.11145478996847205
0.07042556357173689,0.12643585891392647
0.032008508466849,0.1251907497652102
0.10819144848733944,0.14110316745568072
0.09996005888627882,0.1566729206944473
0.10574920632914228,0.1476760386310827
0.10931991957182785,0.13708068125287068
0.1066931534410777,0.1307183218482604
0.09061181522107133,0.14702044573148165
0.11289403914819113,0.17223475767580188
0.11531509477998268,0.11929918356071285
0.13696827346652027,0.139194338655537
0.08334322505975053,0.11208597638907111
0.06606035761814895,0.1159668569038331
0.12884807146227115,0.1455578337681128
0.12440906091824144,0.12894830374063704
0.10620498521038696,0.12414121597710136
0.11081223367226054,0.13291892051905715
0.07292925665404203,0.11578640391301664
0.12457967868977589,0.14856861885946568
0.0599713479731082,0.10926060810187917
0.06975868511861977,0.11429358270951989
0.09096462998869312,0.14638163178250407
0.08347509766500187,0.11645103719451087
0.12863604290617933,0.12868905364449845
0.0906790379626943,0.12234680033920946
0.09182626972804366,0.17640962982951772
0.09240080994169866,0.12909074502284754
0.1132544759807628,0.14357634017100956
0.10773034296461469,0.15419024167831819
0.11449118532473308,0.14959574358767236
0.05366620499066141,0.12815883082927443
0.05242627008353863,0.1328667619929768
0.10859272571092535,0.16555187940238403
0.11365818989509355,0.15573018688909682
0.09941435584130763,0.12630044412218117
0.1218971418059943,0.13023500588503753
0.11420810400611991,0.15548391257739524
0.03687555668979454,0.10776565241960023
0.10860108368948976,0.12113828389513187
0.08864305507766729,0.135462308846591
0.06836747768757906,0.12508396784518871
0.1013210933713472,0.12877831102036008
0.11468746248838063,0.13691398323140203
0.10373994201128456,0.11724114005742331
0.13879798576112476,0.128518428692555
0.12853253320268065,0.14392730876462317
0.1110493191698406,0.12890918633466486
0.10772904230832836,0.16074183671640424
0.08027438585420882,0.11603810311696426
0.09748482241611924,0.1422842845487406
0.029062895851095134,0.11983719292622055
0.12741301839401176,0.12663470368585836
0.11654868576149027,0.12266392386141962
0.10992628989205266,0.11461895872544257
0.1438899169341535,0.1435885458998827
0.11236783729986263,0.16130974092399383
0.12262005661688828,0.1572710609922364
0.11289883453646013,0.12423592709830168
0.10047589308447732,0.1531337438572737
0.04855193556975156,0.11423837932241787
0.14209466281758737,0.13052274157850458
0.06250329008440053,0.11563794307053395
0.07864425227467485,0.13845742849313158
0.12252392590392898,0.14805229632261563
0.12540230359503168,0.12079729457838531
0.06363902285532652,0.12499403666555378
0.11634083114715019,0.14987827380226273
0.1344771063768137,0.13244401172756143
0.08136218607937405,0.11048435646199976
0.0968119932657797,0.14291624420825477
0.11980127623621294,0.1399179238547236
0.13707969369378317,0.1508185712263496
0.13115963791323723,0.14664514217054098
0.10732487078382143,0.141934187414026
0.020753746132843944,0.11448075357006654
0.04192075786794066,0.12329921680788852
0.07006947011468295,0.1179469315193635
0.11007637186604381,0.12150110777707016
0.1359655602545307,0.1373141976363324
0.11193833113656365,0.11889127882471766
0.027352439814919832,0.11638232377177739
0.12754123786683802,0.13932000000313766
0.10291258491110301,0.11683916956989666
0.05898182340962848,0.10819081424681373
0.06696722892709772,0.12676787798827135
0.12606748350325128,0.1383162459418423
0.10502809247115807,0.165159043485511
0.11138263204459829,0.12184231462233354
0.11438304472830085,0.11575866562141963
0.14327278964199136,0.1411819901507324
0.1198280423762424,0.13438317762136492
0.06272206219400993,0.1166926037166539
0.1222284309321616,0.12679976559138623
0.1240484536300746,0.13610666300868846
0.11509803777957939,0.13067435926943666
0.12179769796599352,0.13458732290187425
0.10047010172145174,0.15575127142644488
0.13050770809363657,0.1256710063995439
0.12009658951118518,0.1317321247911266
0.11727724009725986,0.12793798492355468
0.1009495546290157,0.15006728278033338
0.11341761972606085,0.12358248265593914
0.12944461718420985,0.12855249340083047
0.13863419488889425,0.14667456229810732
0.03258920485251621,0.10844731100948499
0.06681295555936383,0.12931918122828562
0.13894853490229495,0.14431116879427486
0.09783070812927762,0.12164534828240058
0.0690794326393928,0.1423198838639546
0.11216995307600269,0.16424833528673485
0.13546253020030452,0.13182608071288207
0.06999876720527512,0.11970675952480529
0.14988736630633048,0.13913946446787237
0.09968272037710275,0.19641342815052684
0.11397821878902727,0.15960413840310797
0.0295600794413516,0.12053279269865663
0.11151812103324907,0.12295285246506361
0.11399484008416369,0.13298656914381865
0.10884587676384157,0.13787280247418493
0.0519700425684955,0.13104958718963586
0.08810766936698157,0.1772866225670826
0.1270868855409646,0.13124851203831822
0.09552092088507086,0.13104725469108885
0.1131547174268841,0.12197056137942815
0.07672590713785658,0.11244625725558406
0.058530946135819675,0.10432926954814986
0.10918418323558388,0.13202000557998955
0.08785973980366296,0.14006481350598224
0.10800171165965122,0.1284853714068625
0.12852342248020923,0.12378337463890644
0.06422811286389686,0.11945851323473916
0.12149850349278435,0.1300793211149644
0.13316164351970045,0.14705628095469386
0.12598244928274493,0.12369007745376823
0.08686292120216847,0.11918751761050463
0.08401476563901043,0.12222772831401232
0.04520430361766331,0.11413692463724594
0.0775895961201124,0.12790130412911452
0.11517250852239945,0.15054767636341138
0.11273066905228818,0.14111959174782296
0.10636820806349,0.13153073085624542
0.103856052529843,0.14069707180759425
0.09409278052175948,0.1869415094145388
0.0966447075049909,0.18003457211394572
0.15457675207437752,0.13032268760486015
0.10601449668288454,0.13133233645902478
0.08051477811892105,0.12844097337323201
0.058966044592374825,0.11253851298452895
0.0949154217060638,0.11855418982735053
0.10140283584725461,0.1145547673452364
0.0905694130146713,0.11631372722868999
0.1499959245191254,0.14996768578066696
0.08538016287110206,0.12432719264228896
0.0788421802215986,0.1404194334716212
0.10749829781171683,0.1539580269983748
0.11200049671298165,0.12425134552813386
0.1458842876142679,0.12948453051505965
0.057641341661344686,0.12313251791738088
0.1279512366054851,0.13759458720033618
0.13403553362059883,0.12973144145372917
0.11265503855022016,0.16819817676510224
0.08315167876908257,0.17925465254922116
0.08815654784731929,0.11467574998990113
0.04086596249852099,0.1025772280386496
0.11508085554662245,0.12550583607787882
0.07293443903891113,0.11514335733266894
0.07747211822082431,0.12172660375402074
0.11688789443784459,0.11973906840662188
0.12506106603022193,0.12531253787977933
0.05863045847061942,0.10893598540316715
0.12672911157200312,0.14676356741411586
0.04942132816714788,0.1102975432416977
0.09119091028105804,0.11423734302573166
0.11068386328838445,0.12343405399112263
0.13120046511031044,0.13357091404714008
0.1497607612257737,0.12748781444327117
0.11709057716824454,0.12758519771446125
0.08225556032389475,0.12155881456867748
0.07004072284964527,0.11541662054622388
0.10306693547263104,0.15050842240279572
0.09807815450326263,0.1628065011480624
0.12597837269970474,0.14534426877460357
0.10386198960312579,0.12312493813655638
0.12122007006567041,0.13144276448701403
0.12746738035019362,0.13911108374431214
0.06960010787790859,0.10364927898704988
0.14192627761320215,0.13518353978231282
0.116230001353938,0.12823258753279268
0.09101719558248639,0.16141609996356734
0.12516527770072983,0.13968996376240767
0.09164664503976876,0.1549253067958093
0.09307326653172597,0.14204186630877955
0.08360328318174381,0.13446367506798967
0.0954157697185545,0.12777487899284992
0.0793155284755605,0.14467138672999927
0.07372379380746309,0.1264288411061464
0.14583752520343915,0.1305602619831948
0.14597298313585708,0.1341795495255003
0.11191478812676611,0.12382837117720343
0.1015947939856746,0.15914623003341535
0.09996070507337315,0.13262288288661767
0.024483104353868912,0.11364223336290882
0.12781162006283758,0.13186605218062766
0.12732395026901583,0.1213673679392222
0.08221933018317502,0.13786185694231343
0.15242422594392432,0.14263941477710715
0.08020951271834974,0.11205333615526679
0.11294580204827728,0.14758301254027373
0.0579599716607844,0.10939781498828631
0.11550306020483525,0.13642963607048092
0.08580411839972503,0.1290019811531559
0.09278733190422978,0.13634954295270632
0.06019729535027339,0.10937798086992812
0.1361435821510221,0.12819324830871812
0.036644650192816416,0.13008701877503767
0.0455627177333838,0.10545214731470055
0.10667585459467213,0.1259057128881743
0.10576275883812114,0.136239926755398
0.1132686535336698,0.12353993485379998
0.11845699713499117,0.11860559081733708
0.08669619897302833,0.1179007617580251
0.05522530812981144,0.11851592388532346
0.08789976286348014,0.12802453846074555
0.08878600039817829,0.11823380167839638
0.10821086452466397,0.12129591506187015
0.12152584910764364,0.13863634281332524
0.06878192506132805,0.12135274795481098
0.0795455282649216,0.14097504853978637
0.08557388042657746,0.1304305484549868
0.12455123787350664,0.1507059395712955
0.1080634776474183,0.11775622084816702
0.11866101578909397,0.12085510512165819
0.04177790863752698,0.11188417763362205
0.13595619655688668,0.13831840696648073
0.10338286257929558,0.12744921010708793
0.1252802490658424,0.13702089326291106
0.12587280722145477,0.1476754235794571
0.03514529869354726,0.11849916348145413
0.07184843629478943,0.12143352600599633
0.13210821208537693,0.13371309125358197
0.11597924205309595,0.12086214037823963
0.09841021726387306,0.1298472981930804
0.04943669277020519,0.11524150288274608
0.1290289347623268,0.13845430109070786
0.08392255697142442,0.11574135458225229
0.11918939970945014,0.15010060634646658
0.10908625731953264,0.13340277540801695
0.12931481039809978,0.13244003410917476
0.10345160359912384,0.11437235429100966
0.14295896525419388,0.14826659488537983
0.0446875097854991,0.11499909061607429
0.1026219356720181,0.13649172654755384
0.05505955094159533,0.11791769908448474
0.11751554306774735,0.13024737400302314
0.11180576088923355,0.11786198738902126
0.022412575252381432,0.12075605360683925
0.10894491923037569,0.12777123625180511
0.1147383445173603,0.12398611905415814
0.1460473478903555,0.12831206012754356
0.12260621241427176,0.13620963862936264
0.06794275478040868,0.12398320769338579
0.11226095213288015,0.12431353285468218
0.11921428336904893,0.13801691678363182
0.020652532532610846,0.12320142028080344
0.10490877893231743,0.1259861054444128
0.12671882886989805,0.12403277196206298
0.0908090726126489,0.12803897446889656
0.10239603701666737,0.12177736242388097
0.07152478588898104,0.10703357532684511
0.11927637294576718,0.12178613306968138
0.15243728295803924,0.14597403058026276
0.07793098917238693,0.13343189719568976
0.07083199446761684,0.1146591624168136
0.06691973133786262,0.14201021360549143
0.1351363037804934,0.12507508301947767
0.12420141390714289,0.14383811469892654
0.06251189638247764,0.11743468473075781
0.12355733126263616,0.13619621289189046
0.0352617516355328,0.1273602739765434
0.12444557293902436,0.13177289101238285
0.12169208842903752,0.14371760627970515
0.1136324060327082,0.143992026794961
0.04619392031286291,0.10404145227712887
0.11852234801421595,0.1554936353031614
0.11348556392428022,0.17154266253719466
0.018330036656790283,0.11462756324360704
0.1621901134000358,0.13842375361458403
0.11119858943268524,0.1289938356564078
0.10598900660316483,0.1646259757324857
0.11744934522263349,0.17028520704131592
0.1297129297264641,0.13770178051559095
0.0537614033289839,0.11630406019819287
0.14030981354182753,0.13903424525976904
0.10100905407545216,0.13066813589883702
0.1217025812742604,0.13834831210250984
0.0998975841551116,0.12028712119707846
0.05493108058721402,0.11586495425214548
0.1280990849098561,0.15002394269317298
0.020347935937784327,0.1139108765577435
0.09848248176060379,0.17899356615426693
0.1140804794591227,0.12217259215633346
0.0926742409821017,0.12604910002769676
0.01875899386918823,0.11432077897618732
0.06209927220584184,0.12253454111421462
0.11721916311239233,0.13082537160715196
0.10396389568937552,0.1398317839960205
0.11299686344977862,0.12076797121703599
0.11517417058396172,0.12448785217260043
0.15168162986903042,0.13792842175539569
0.0607059783713027,0.1294366102745152
0.09946049277972509,0.14056755681313585
0.08088669022375627,0.13904329228446055
0.036984278323373074,0.11682637226821897
0.12543541850202505,0.13513236507107126
0.15339194277870583,0.1341895668948407
0.11996020285638272,0.1252468048707838
0.12235945903661516,0.13387852224200894
0.10421622277261658,0.14583577132669337
0.0906839363002983,0.137938356890852
0.11511839049180822,0.13930797697080313
0.10336991000460895,0.12010723409932021
0.06240074663499685,0.10765482481894252
0.12045135867117879,0.15852461107220348
0.13956004566704555,0.13648725342807813
0.066453522371176,0.1120177947423027
0.1196671127806985,0.16564577398208144
0.08069322231451061,0.1477977988863172
0.11543281898311403,0.15587620127186996
0.0771055780992731,0.11133663415739938
0.10451015940898492,0.1398756800538937
0.1056653720723936,0.12848645250752744
0.13362984297463057,0.13447631115942074
0.10447677388152096,0.11516855435476096
0.12673210416202002,0.130566615376842
0.10537143444626534,0.13910368041791765
0.1471032554644535,0.13861333297358694
0.05874004201740451,0.11521813654198992
0.1217924622160587,0.17630523272517207
0.11835427788740133,0.1292915272479697
0.10222304617841799,0.14722865298394938
0.11305096495737957,0.19558467008490332
0.061710897478453375,0.14785732531553397
0.09689475655949069,0.14016758344120736
0.04876472558008786,0.10971150032764583
0.15441841188700098,0.13456653728745524
0.08116667953294565,0.1738271304199175
0.096850094118891,0.1315546797933675
0.14264653390370313,0.1375638905611827
0.07606701937456624,0.11112663165956842
0.039118323395599786,0.10883331819441268
0.13131170127935488,0.13936635721115073
0.1231548323171352,0.1345228352211643
0.09414895064208037,0.11195492005809454
0.12283818208054295,0.1451441173665894
0.10468956983026646,0.13280594905378434
0.10836503275279444,0.13370240006364478
0.04782889698504121,0.10830795279978932
0.1567899298149443,0.1352343347573217
0.09026222759241381,0.12157977197536761
0.0909990473486299,0.14350784567286387
0.06339768578626777,0.11860557651508483
0.04279902284404044,0.11326536962122113
0.12276961440395531,0.12427450006752078
0.05059300079707028,0.11713813358321871
0.11922453271025436,0.1531110504835224
0.06734403059618616,0.11111529473120854
0.11766631291494783,0.12759261458632878
0.0692015091526252,0.13513455095269533
0.06093684987144354,0.11373293137244861
0.1071022236770136,0.1342396263046062
0.10014954989905807,0.12725780378123708
0.10073981366052208,0.1164514347577908
0.10411621632474082,0.12838311605023592
0.06839754729379828,0.13565934672713098
0.1332379176723422,0.14259295314532128
0.12665617893277895,0.14020344054655628
-0.006339328060247111,0.12253874895070885
0.10122196952513669,0.15733364669461386
0.1551789761052939,0.13502280115315168
0.1249649956255455,0.130960202706653
0.043129388660125424,0.1051741340952383
0.13076347722606935,0.11510068915976295
0.15153217140466238,0.14290992979152634
0.07255457457788067,0.11854263185048235
0.05064142971004372,0.11698207837182847
0.10716351867480968,0.1208450253642876
0.13787175103359797,0.13053399090348392
0.1274330325552993,0.11798464745350333
0.09281814039339698,0.1377779940789405
0.06106085491372078,0.11521116180417121
0.08662705828157705,0.10583201672742071
0.08416917570452778,0.17018402821490494
0.04043257553909525,0.11465804014566215
0.09126651644133224,0.1142997516384684
-0.016314575456027554,0.1274635633606663
0.12760429653244254,0.13298058717275596
0.12298383181127445,0.13017614566545246
0.1040918516929551,0.10790061032204347
0.1065687659490768,0.13398227388042974
0.06788980785573055,0.12092102865366025
0.12540747267401975,0.132494950384145
0.11790465513803644,0.13818746380144842
0.06826515493903315,0.11385018410554108
0.13296179080852044,0.12659228052219607
0.09092101866033474,0.15520829786123397
0.10597950157332828,0.11630063118038383
0.14553176232496848,0.13487623154262712
0.10286834946976275,0.11398783379274523
0.09649346564518424,0.12541697377040367
0.1458448984496767,0.13086556958351586
0.11310020529610972,0.1178054219607597
0.08329671463110919,0.11491326103607384
0.01942507675067718,0.11895214908954602
0.10960877831675667,0.12926440250804566
0.05636120722488,0.11182603178290151
0.10762911726847885,0.12973177255170057
0.10359891213200373,0.12401930801942257
0.14311541743573178,0.13594188811883468
0.12802826299999504,0.13896997540533806
0.13390036032576266,0.1345123572335409
0.17882018635576757,0.15841596925178286
0.10929046784227964,0.1360792792034607
0.11412775885141066,0.12425798686045482
0.06504932644202632,0.11366337541679297
0.10524171484121916,0.12765580048139638
0.0978041779208538,0.15428492649485553
0.05465621479612383,0.13946528713165993
0.10022874308593245,0.1360707503879757
0.06532017776698407,0.15265999402947844
0.12901682142931115,0.13631184248877187
0.13931820521270566,0.130724894643238
0.1079415654559285,0.12748472716064918
0.11575033215913261,0.14855320607730788
0.13712737479347697,0.15118170274176423
0.11102109615596939,0.14062529183579806
0.12858532149578003,0.1473959702964263
0.09052124656728022,0.12614728837697214
0.10424892216575467,0.16658229937059582
0.06938115213463672,0.13834924795732356
0.1598601612818405,0.14229737202846568
0.10745254464689474,0.18490967611261333
0.12404071160383741,0.1326094198151808
0.11635112492943703,0.12204957079665565
0.12849248576599007,0.1546403555613227
0.10060481662743692,0.11434461635031326
0.08144358508318374,0.11593101256975942
0.09915192502679732,0.10878959139424003
0.10305596030953265,0.1262763943395992
0.10625096464240744,0.12832721063302863
0.12240026349237494,0.14478163296128585
0.10957084564363562,0.16645507184138533
0.14517907329619903,0.13805458945016688
0.08517922160483835,0.10921543216334867
0.09436594175873464,0.14300160718561114
0.10126955189659911,0.17662061509915664
0.149660217468157,0.13936985014577946
0.10982256221082243,0.1498783030239832
0.06640202291886729,0.1296022009856183
0.093982642777335,0.13007527009059874
0.12581666391379223,0.15343323200460107
0.009742487236317515,0.12892378701992227
0.12451895983464241,0.1217898463074659
0.11085271023710916,0.14867988812913388
0.10239210769873583,0.11504295205099804
0.11475861413583387,0.12250835006678601
0.1234809684112522,0.15212379650368044
0.12039803916988114,0.128920262298136
0.06352956680082007,0.11191025266409144
0.07754406305268781,0.10638709752815016
0.09334221894587601,0.11954745239312378
0.10758650078798204,0.1379033868026679
0.025430186351714554,0.12227247004838075
-0.03972395423743571,0.13735619335041502
0.021320545323846488,0.11561740957131758
0.1127385265976313,0.1475665046906121
0.1509828838908192,0.1266485564021919
0.01158301103637191,0.1167831616494026
0.12853212398413363,0.15936927483762095
0.12507987174013327,0.15686225445967505
0.0916066431347253,0.11649390466465455
0.1308223330033191,0.1461585151288396
0.15597124260678252,0.1408583586473942
0.13971604908973115,0.13898739057103973
0.056981180420342566,0.1364526467100949
0.07240074418863601,0.1293091885136799
0.12895370489277228,0.13602886252705956
0.11785008413670067,0.11830537191857148
0.10436235941726668,0.12337513812625645
0.0681773128479151,0.13638323085797785
0.04692960150033511,0.10946761163081599
0.09963693110567799,0.11297394635107624
0.061391493249868465,0.12768417048654226
0.14109934903234442,0.12652669132986014
0.06293089118913854,0.16014765870438655
0.10525895746563484,0.16560951402096563
0.11470116435703288,0.13320484094805052
0.11390508792731796,0.1360028664914637
0.11892858583530387,0.17656604341397916
0.12309271953070966,0.139773922399903
0.12055371851613143,0.14139362290126642
0.11392896125067045,0.17046801082152166
0.11084653602433385,0.14445751885043026
0.1117515468831436,0.13915655146933276
0.13597783238413902,0.13566055300233645
0.1083333783164998,0.1235709631957508
0.1078631727968234,0.13182665549157502
0.15382602920358313,0.14721709941205324
0.03423114635710881,0.10901360198855811
0.12289278377300399,0.15145025303480442
0.11079361167912782,0.13778200767881374
0.06171856805066092,0.11320939219285288
0.10263887260033552,0.11109151460303074
0.026491463995128587,0.11519059808940221
0.07876305072680369,0.11087954237659353
0.12597406656128074,0.12937680584042313
0.11160553581329824,0.11930292619906328
0.032743323209599794,0.11388044706862112
0.07080717756102659,0.11753620370234814
0.129898309738534,0.12454741477056992
0.1049093005022751,0.12078231300117026
0.10668439804157384,0.12333701591805782
0.1304944032652001,0.13209062146736242
0.10956334710314508,0.114189274720275
0.10877465391206712,0.13787777888138725
0.06315190448224552,0.11775027601709562
0.12015205603676797,0.16629579793776186
0.1417249658974441,0.13304477112028892
0.11404328302906704,0.1361180051746028
0.14648841563401097,0.13970984216420487
0.11589732164360238,0.16555267105676824
0.17170636991210247,0.14822348328822746
0.14093481306813016,0.13538272078485963
0.1374437621839435,0.13953167316493104
0.11596628591380514,0.15200214788356944
0.1135242303343062,0.1163763764796292
0.12390046896230247,0.14009893820725255
0.023245042320815014,0.11424192405169128
0.13585535721776926,0.1414861868987372
0.11136983028136406,0.1485799900072519
0.03794058050061057,0.1104681991917
0.13817561423963043,0.14317504848343518
0.10701121835549457,0.16431711444977198
0.10525205395122415,0.12679113919719973
0.058162081369494106,0.13625099328893223
0.12380847309703286,0.13981565206705654
0.0788290955668442,0.12889882189387536
0.03208884504369702,0.13458438226092537
0.1276279132542395,0.12720121257074427
0.061312126237525195,0.13533244876258005
0.12835259301780222,0.1310764849513583
0.11861221557353285,0.141685848891966
0.1107952354275222,0.13558598813239134
0.08898719869741079,0.1325458236723189
0.11653432079134202,0.15200332489786064
0.06554670565056009,0.10961815747198571
0.0849925525016097,0.12489967478360686
0.05946587820098971,0.10811042905202825
0.06065402111539661,0.14048652963785024
0.1644205242587429,0.15687051286743725
0.09720998879908727,0.1133282908750883
0.12393783616587117,0.13439157413032762
0.14579137559884522,0.1292364816995877
0.11959049635686048,0.13614311390100936
0.11828469732422145,0.11945624393679884
0.0920268868717507,0.1442759809641746
0.08544831153994896,0.14025079545580027
0.013817642103826085,0.13141111538776096
0.09981198565518301,0.14162338259913906
0.10046169438338073,0.12412413405204083
0.06914933172357898,0.11573569960184105
0.09063437846621099,0.10894344727923032
0.12374058911069709,0.16326072395342234
0.140149049471232,0.1401660368691004
0.1091900670426065,0.12083241595667703
0.13003779496406695,0.12707890985444503
0.10603244541357346,0.12022216568185327
0.10288051973568152,0.1455170069499875
0.14317906273252473,0.13044073436884235
0.13257428224695478,0.14795773257246186
0.11272156692913961,0.12303529953129314
0.04322511941393925,0.11214131677563931
0.09242505705591932,0.1486441867189732
0.06159515158531682,0.10626222496241171
0.10539788154327627,0.15794029501791262
0.10011158589434307,0.14272935877411663
0.06792680580774871,0.14121035269347368
0.09871299806531,0.1154405153109854
0.0664481346577662,0.12035244020500703
0.04611992213685243,0.11205273556318449
0.10560302293691022,0.1604089956773563
0.1495139162002873,0.1403435993935323
0.12708977225926568,0.15859542841581953
0.10885961241658218,0.1578647123317383
0.062312013860154024,0.10841479054675894
0.09540900374767995,0.11391180888016497
0.07545843912279612,0.11639587064471249
0.059793541987368345,0.11557280649477555
0.11259179623427057,0.13754518921275405
0.15908947613641627,0.14082840824062617
0.11638250670012568,0.12496945144165725
0.10347175620094677,0.13541415425495623
0.14157507379605425,0.13894818466902892
0.12360642477713515,0.1382212446095945
0.04684078536609309,0.10882031453396503
0.06761489593465737,0.11534223039332812
0.06226104916402756,0.13218437376256947
0.11071309118069668,0.12087212410008952
0.09770184989777028,0.13343891229391452
0.06934999286534495,0.11386169077498305
0.10216629271534819,0.13563997343331455
0.10351759575678016,0.11914131753015868
0.08166739895112658,0.11377778088754177
0.06098803677545897,0.11619254502108758
0.05766383205934486,0.12369194413321682
0.07656403287718241,0.13753089325849283
0.12177598241366375,0.12067387565168464
0.12521031260970092,0.12158817922540927
0.13058049483695316,0.14536065692273842
0.1467944705658839,0.1296519128952466
0.04574566218442987,0.12017729851431472
0.09573869682024473,0.14252678517315234
0.11478120249446562,0.140863993222091
0.09756875820686839,0.12912669884036063
0.08189357049132155,0.1371025806406466
0.12101593437452499,0.15381202759515294
0.11700190535063199,0.1485735948921123
0.10193277475430958,0.12361923378915887
0.12126294449478398,0.14400406324374673
0.10110227998661328,0.11801560187402306
0.08638999220208143,0.140440615117343
0.12298973679420652,0.13986435430420652
0.08809226159018861,0.1521228882067292
0.06963326367415819,0.12682137404351015
0.11490766256651658,0.12059554237416839
0.057110685199735965,0.14298707161529886
0.08963550763398716,0.12247900407103277
0.09519742452503091,0.12184236775964864
0.050737361783659105,0.12174608166672046
0.032844869823733164,0.1153925825299465
0.0559707855779531,0.11766713741938922
0.12561518128204702,0.1398504233422856
0.10371181261571782,0.17214647688845192
0.09403707828901668,0.12965760636167292
0.11527608258007951,0.1523157796165959
0.10709653673270568,0.13407057464004954
0.10907915636662137,0.13161630612018171
0.1002173712621326,0.1340208507524662
0.1174916429395441,0.1241055103306365
0.07363601711239903,0.12300335226405885
0.09043070824781285,0.1285509020971859
0.10700198080339815,0.14176723392236584
0.08882960705330642,0.13026157994365145
0.06490892974878248,0.11454860211895361
0.1420777787888059,0.1394123750004092
0.08218472949872822,0.10739058928211992
0.11667264883083082,0.12793003703285544
0.15030738242961775,0.13231176622577093
0.156986177381336,0.13360467246765548
0.0900480246340462,0.11995031990422078
0.11126968604971638,0.1269512766511347
0.12745031848283814,0.13147831043422156
0.07105498649388944,0.1366661554775123
0.10790022196598797,0.1335787837676884
0.06896713274906809,0.11797753209897967
0.09066257453899969,0.11316687187360897
0.13452629428827584,0.12808101100799607
0.14841439443159224,0.1266387649761235
0.10123813883192345,0.13354766624463818
0.05201676181766698,0.10493857948072752
0.09615399778350389,0.13750971382558033
0.08201055022140502,0.1210333656507543
0.11363339139023772,0.12214068421925361
0.054140958211179986,0.11492681379106551
0.12285108873143079,0.12880998774082977
0.10944943025144747,0.14808303683070312
0.08998536600663441,0.11939293729564944
0.13141974281003194,0.13555758870424656
0.09386763099768518,0.156601250147837
0.15069531113473011,0.135985115129667
0.08068004326066985,0.12012678796453627
0.10208552217334765,0.12025108010709892
0.11384993767854884,0.1313371988256686
0.0626784711041775,0.1414200109953952
0.11066329278285368,0.11914034325077726
0.09426808592736027,0.18136797540045038
0.10923991495630739,0.12790690549190897
0.13039259045205737,0.13321673096870376
0.12656641661224502,0.13864889619024068
0.11158606646247933,0.12938482397633536
0.11839480095605652,0.14910286358122504
0.11889094570981656,0.12685160924338887
0.06963487330996926,0.10748727831927488
0.09385231719544365,0.13596604962793857
0.08293172125062398,0.11631493575995899
0.1090278314086113,0.1302335233950937
0.12906727359822218,0.1318251340931567
0.12831958638994,0.1356703915879255
0.12497427423485175,0.1308744736099371
0.12039688607646762,0.12796447560722846
0.1222813173316313,0.14823213223024856
0.08323606017374768,0.148261376093102
0.1331006531121773,0.13727853643204285
0.09629621997473385,0.11284189681602866
0.09025078641941044,0.15561853369677714
0.057053061166448885,0.11741998706431192
0.02740373673527225,0.11247405316998037
0.06412446607259194,0.12563435269341203
0.05578293282711071,0.11761717825215635
0.09546905335929494,0.16130713837636398
0.0665532141924424,0.10923438259703537
0.11523488033678746,0.1309540692694365
0.09506806417654531,0.11721003603798183
0.11301354549641163,0.1310769176735961
0.07638828361669456,0.12033027476274699
0.0850215134804642,0.1182647736966815
0.09207918209699498,0.1149374861930073
0.10215263896179445,0.13890880713173803
0.0954138187786093,0.12524615486247903
0.13086571919204024,0.14075613765897857
0.11356572344776836,0.12686488747507296
0.11641527859221386,0.12133066991701194
0.12124951079139341,0.1645238123759532
0.11267336798688242,0.13652686683022833
0.12380844092517171,0.13938837096107282
0.0980032321895671,0.1513823032028866
0.10654070979727046,0.1638978238118866
0.035026756301110594,0.11813268744585315
0.08239949694363632,0.11231084588165524
0.11801816609326807,0.12688047516166187
0.060618218152725466,0.13390399610132994
0.10052479805747663,0.16649036040756218
0.10460038069955724,0.11668933226525981
0.10768210706642238,0.13460297424980944
0.07531230193316062,0.10789578610151268
0.07303148594122462,0.11376423172405487
0.10565641512264323,0.12860710782959422
0.07476830473958579,0.11731678212919758
0.09603390367557778,0.17564405395457794
0.11891280717657399,0.11893130278074683
0.13187161565444,0.14005491543451057
0.0857313666529085,0.11725268374136923
0.13023750751429897,0.15003871869989105
0.09126642272956052,0.11050253732622214
0.10492425790667152,0.1363978944994266
0.10534608923847663,0.16534591879009383
0.016411296716794727,0.1089193369302111
0.08242973487838529,0.15027077155764731
0.11317003403139612,0.17077816939171953
0.08217635718067366,0.1270084998505331
0.1204787058083503,0.1338004057833316
0.1463907840965118,0.14364775157686152
0.11039414817813924,0.1190445087426185
0.10553566622801265,0.1587229664960508
0.12143719014983831,0.1719663642666655
0.07555708616304108,0.13372481710056225
0.11394241957149187,0.16137694894244436
0.13040716764938898,0.14663541769993962
0.10515183646815482,0.14931990883803864
0.09944090679434545,0.14654159746573397
0.12131404463833803,0.1302179171219049
0.11899268486589573,0.14571678578186104
0.13501163953107392,0.1279545134857565
0.1240709113070846,0.12147347497645157
0.10104197542839866,0.12552047754730952
0.11123332394953575,0.11929782863566721
0.10796431075242498,0.15009491959391683
0.06696941350203568,0.16462556861061414
0.11236671794185592,0.15004545761830346
0.11440673899550553,0.15354960780869512
0.12124289464893581,0.14510022648905999
0.06814522916618194,0.10721358712412399
0.12753488896053677,0.1243275047521636
0.08083233012162211,0.11418412064512586
0.07150337267791083,0.11350841180850409
0.08129697884525729,0.12038041815170689
0.13007822424760598,0.13945563519276963
0.07595411808468991,0.13183832794475256
0.09373913710184054,0.12168379169004838
0.11816812263750041,0.13156624005686576
0.04952595804945244,0.1113462993856435
0.09498128105300072,0.13462200104804628
0.10771415483510358,0.13077791520982324
0.11352821242172204,0.11828576050478035
0.1061200656616244,0.14642152697340474
0.1009330602825864,0.16492006446275387
0.07423275564974247,0.12029063805663186
0.10716675174197753,0.14440288123530876
0.0856114815866957,0.1364674817926273
0.11479948394584728,0.13646031411312673
0.12219182541187323,0.12874469728433652
0.10314935696093082,0.14601654230075067
0.10110255939564343,0.19267430583558176
0.12047010923361434,0.1535242097242767
0.07251160949065927,0.11983624679566413
0.05024019242183982,0.11999327570511273
0.1349783349487759,0.13687647345512166
0.09099484987926712,0.13643175823994486
0.05005239739982365,0.11614035903570163
0.11383724517156277,0.12466394616317084
0.0397943799412636,0.11604151288470382
0.06810465301621274,0.11142256135097818
-0.0024188983850895393,0.1166969380452319
0.12209105379182353,0.13094106503320918
0.1050327473907178,0.11026253080539412
0.0875866232847116,0.15548448322008326
0.08373733144361759,0.11891539845435813
0.13789764541774174,0.14388669050424016
0.10057174127832905,0.15923344844636655
0.13967341982311487,0.12891335873269616
0.1330130487023366,0.13221563951686235
0.1124744118604202,0.1781696086743665
0.11189460139142708,0.18939152126772824
0.10860826289278852,0.14426414989038835
0.12745931639774652,0.12898877672758424
0.08468615196656126,0.1283586149288816
0.11976149234440604,0.1526528178551198
0.06523222427033137,0.12071476930262376
0.12679194284640113,0.13298767792566454
0.0874377324746509,0.13817882704682644
0.1096932229350121,0.14007687837095112
0.009935109358980697,0.12022160500262925
0.07856191593034696,0.1323019334297334
0.09071085074138102,0.11843404595838411
0.14694812384227635,0.13534794028845515
0.06291855966111853,0.11073442399588354
0.10240463628340502,0.14937116009401485
0.07779536391895027,0.11301995346296118
0.024187272923265342,0.10855023517967675
0.14033652248460507,0.1343411558257055
0.12981119326791818,0.13302638592025684
0.11147592826776036,0.17986662751517163
0.11298892209074082,0.1188600260580026
0.10506711490623102,0.12822871776673356
0.1040599391887143,0.12237581689000031
0.10572345064509828,0.148533974146802
0.07006714581209875,0.11110100554123223
0.08083300326955681,0.12640590140082072
0.08528237239865079,0.12663100639894848
0.08577552845671042,0.14024380767259373
0.1545939019123003,0.13045275195573575
0.06578617576807597,0.1140999255378026
0.09283452190951445,0.14842343923480922
0.0728839917287361,0.10387644209642244
0.05789856569987632,0.12036482008129633
0.12473123245681919,0.13921718913209935
0.04753305791763545,0.13136684836094867
0.10527435465678231,0.14889117956961678
0.13011461932788088,0.15632652314293996
0.07216189031038057,0.13181161463011343
0.11731236540257485,0.11566638123262232
0.07020030183576077,0.13875514052581167
0.07695884949129114,0.11659222748348615
0.14734058686295926,0.1341354175512213
0.1554115541059171,0.13765428850690087
0.06677023434710752,0.12135581841141997
0.11235467756898378,0.138380024635027
0.10075142878397633,0.11926978528108641
0.1297020044814336,0.1555299011229933
0.14598484838679754,0.13761099520958353
0.08668708900974664,0.11692593434103515
0.0952863145800725,0.14286441138294947
0.1306822256212447,0.15106496024355376
0.07882021413920855,0.1449012691978418
0.11529105319590201,0.1545202110742136
0.09024073545872513,0.14560690519482894
0.07137729341645986,0.13942320871845723
0.11423728535670434,0.13515339397567427
0.11973490488472108,0.1376855771692553
0.09736914623396159,0.1837196393365583
0.1115937750508999,0.13153958084120673
0.0931801414182461,0.1485879208608095
0.06022561495054432,0.1354241536527932
0.12415402293715214,0.13889300518341968
0.08449291875376222,0.1224984318185773
0.10183120499045835,0.12032348983256078
0.06533476524930493,0.1303215935016747
0.16388590909885023,0.14516849710077934
0.11440609451151879,0.11933670944931898
0.12851928742652047,0.12756531168496163
0.12247664264060226,0.15022997471991106
0.10699540169997929,0.11732673007645217
0.082869006299969,0.12185600757154456
0.0861260586517481,0.10983484446524588
0.13981202937951956,0.13052759407360168
0.10899970531451407,0.16438005146696472
0.08252243788563067,0.10825189466937502
0.10981280154086885,0.1269411853788818
0.08795378261377754,0.15916230553962252
0.13664574804550306,0.12291043697190288
0.1049544952856366,0.15101602369061246
0.11816426161315537,0.13298365916160007
0.10424659028648592,0.15048655629691532
0.11871897398639265,0.1460324501979942
0.11270887477061045,0.14379392194097396
0.10565719830011357,0.12405503188117382
0.11164093914953281,0.13148155372227294
0.038310397019833034,0.10832721310072724
0.07295448487003545,0.11840863909103112
0.08937993846897062,0.11593776846680326
0.09563627807802214,0.12117107926237743
0.07669145822880884,0.12941872449370603
0.11712152754988199,0.1250073954959306
0.09346382959447926,0.12038011150652839
0.11188597116361888,0.13585942964390982
0.06512540142614709,0.13843733124727145
0.0790277901059805,0.1486581458663249
0.1211505835097034,0.13713349683842244
0.09143766756077178,0.14462979886305674
0.1147784580281245,0.13638509626563988
0.07488969789568395,0.10946766517138704
0.102549454419182,0.1371603062620887
0.12757402072771823,0.14199142288460673
0.13615288781593288,0.13236071132810762
0.03433218924351592,0.12171175057336403
0.07335267174540083,0.11406620549438941
0.12707162193079563,0.156601455465124
0.1281325109920129,0.12822440294753132
0.11756173951924306,0.12667409476049055
0.09893685341566327,0.11267411244980335
0.11077684468228269,0.14458004907662436
0.09240281087845675,0.14326095284746995
0.10352485909008685,0.13124582415225092
0.09311710137500703,0.16688964342332283
0.06719057024771556,0.1415844115964169
0.10222754722264396,0.13755403264139476
0.10480626717021618,0.12112322913711755
0.09886789032503168,0.12711905630383788
0.020134298241257752,0.12577814085475486
0.08907135821936774,0.11417812200080253
0.1313384242025755,0.1264215557347855
0.10151505287442111,0.14463011460162786
0.09037423877739982,0.12014912416607586
0.10466760127365686,0.1432384630512633
0.09205686240241068,0.13522521053164305
0.1345548620411483,0.13563702006589393
0.11480695889520709,0.15844557911512538
0.08210139161689022,0.14308972169439768
0.05238569675457598,0.1140126272036812
0.143217494400731,0.137606537502923
0.14177447768590046,0.13026272221043178
0.15671857304898373,0.14214573364616517
0.09627336204378295,0.17284281386959774
0.08804685962813835,0.13824461797420567
0.12336683622975089,0.13051551284502574
0.135880864477699,0.13520122950443497
0.016508037660034634,0.12041928768909661
0.10675014257295828,0.15930738090735336
0.07848884845832114,0.13682229993531547
0.11762551281478029,0.1383610151346364
0.11266922234869053,0.15932060106885032
0.14547978033675563,0.14014802744199012
0.04748712202906978,0.11394893615052315
0.12289981012974084,0.15874410069022526
0.1250778206108118,0.1362853413345698
0.10339934274581446,0.11556082159997852
0.09848665682793066,0.13348199386254406
0.10134866625341934,0.1626192793013578
0.062232290490659155,0.12068030574216902
0.07469485642321373,0.14047587711897183
0.12609219267297994,0.15621858145179393
0.12416964471957292,0.14770969965371525
0.09395425129967461,0.12166816945355602
0.11180564659549111,0.16231065685989116
0.00713327305821574,0.12299307430980838
0.11392688395720484,0.13338084927086147
0.07182253276676272,0.11064678543122837
0.1170180176190522,0.14124193052446601
0.1435236565024864,0.1280184832960416
0.1487273810502125,0.12954711191814985
0.068051923560348,0.11160005788515717
0.12236427805696565,0.15261983092067802
0.11666715249939393,0.13232091417297343
0.13259522399323453,0.1335128797634456
0.08420305720278698,0.11985527098405768
0.06360545843690589,0.11853704465559411
0.09933013685277158,0.13123838495462625
0.051560160401633366,0.1045474433271701
0.12613288989162827,0.14321952711368824
0.051988662897822904,0.12367130364106677
0.13283384200992518,0.1298648261960186
0.10803424557700725,0.11664809768755129
0.11883392504383375,0.12358372860727426
0.08232194437221448,0.1285152885312136
0.11937983090290569,0.13283525521386033
0.10515402123980663,0.14002588170834246
0.09829173564652677,0.11366075852325765
0.08804015862631197,0.15278741005905805
0.09486028429129098,0.12435910376561952
0.07229525964288423,0.15497061858441452
0.07132834316365612,0.13113645074376845
0.03586276169901366,0.10870848791430808
0.06543226409916109,0.1188504399325859
0.14155999247802112,0.13488751148583475
0.04740985491612719,0.11111475603770284
0.09917866926122328,0.1381259345360642
0.138442970943807,0.1308714936857635
0.11154077919847469,0.14083361530410238
0.11941290821409235,0.12855912640209685
0.11833988885650898,0.13875504357998641
0.023977151462898937,0.11192350495164352
0.07802211245149487,0.12469533612093193
0.11165381007060766,0.1341355831234923
0.02068529113597184,0.13244215487250052
0.1243925272002253,0.1387437789955211
0.059849928434154175,0.12095986768751162
0.13390308454711333,0.12989997097780484
0.11500381482385941,0.15057796813321037
0.08217143538464992,0.1088892762699944
0.13064860752498594,0.163108432455953
0.15721953471551775,0.1500777945843298
0.11988157892394544,0.13675205029152596
0.09142481323342128,0.11498060526387793
0.11937453530705072,0.15974007423232248
0.061984769544321944,0.10770322106780936
0.13039603030437802,0.12553420580343766
0.08740535185861323,0.12417399138794662
0.15163986857276224,0.14358165505077822
0.10468029926357499,0.12671429274890375
0.12537868582720532,0.11795995921829516
0.03548368115261046,0.10644365810050385
0.0970766157520763,0.12169712595336166
-0.016917581592900292,0.12674967315231508
0.10803177385930045,0.12433083194799908
0.08831398327236797,0.10941382858919835
0.061445711275289513,0.1297445614332448
0.12076808207957963,0.1694655023571294
0.06105158879922501,0.1327604917163296
0.12641386220214565,0.13042578414277844
0.1135827408905297,0.11773468808436736
0.11145771192257126,0.16373879803072286
0.07483287940919911,0.11142472511094101
0.14083210599728715,0.1377386632882541
0.06966972030867145,0.11169071426631871
0.10392101244405229,0.12855653760447097
0.08314032607089558,0.10422290157849161
0.09725950458111741,0.1184247896916574
0.06086769587360502,0.10672536223973556
0.035428603194254435,0.11927710660652983
0.07286772793021082,0.11107167235299405
0.1035541798362212,0.14407494512357655
0.08529682396876134,0.1242709195019584
0.13587718072143876,0.1310450769052548
0.0010271077874768816,0.12108980343877389
0.12047414062611893,0.15933843756956376
0.06448329638390347,0.10632126796847878
0.13054233672508767,0.15422676763397883
0.05030224266628856,0.10752856622434635
0.09512684246666844,0.11563873421202532
0.10879917628061056,0.14300484092718443
0.09975963418974412,0.1265775459621702
0.11064855437651831,0.1661786088912975
0.12743486242074747,0.13559227245194136
0.12618391335061713,0.12815239315042576
0.09510850293102455,0.10813445605517757
0.08749662912465145,0.12118361806866192
0.10874117407169892,0.13815829236934388
0.11954579377110305,0.12706556039438385
0.10843674542840195,0.13306167800567056
0.11031523781068345,0.1264554010550115
0.06874311706956873,0.11366470809563167
0.09985916118444237,0.13531403779865664
0.10035065014970207,0.13491722542395376
0.1212279535513048,0.1365991586081982
0.10096220738745444,0.14391202823468865
0.1075798311899904,0.15222390630802804
0.09381825133018193,0.13371606179038825
0.09213837078735641,0.14489605065111166
0.08662334068546892,0.1611331804638245
0.13444625399821444,0.12565679772577823
0.1207205784401013,0.15817236176495095
0.12024191054154121,0.1325767333629224
0.06888107695791318,0.13723453075582553
0.08047854154258377,0.12457561257994368
0.09092685236942878,0.13212894278222198
0.09775078896446422,0.1567582157226305
0.11972635483625615,0.13481735022709546
0.13202233612168562,0.12762270118187516
0.10545517914618255,0.149677738624589
0.05214165758983735,0.12541626586292268
0.11061337429689228,0.12556553156683178
0.10571697494791794,0.15562916443281277
0.1276554398464517,0.13526557572557463
0.094168743640617,0.13580108790669657
0.11942201750333764,0.12912180049043553
0.12280269886874168,0.13060733034060645
0.11263642019762156,0.13794286617810797
0.10657550703404015,0.1254159891144391
0.13428743806584414,0.1428202279860057
0.0503025720975991,0.1357092794338642
0.06964936870228954,0.10625803332018272
0.08559210766627948,0.1317150712906067
0.11501342227877645,0.1407094223024881
0.11319384880434151,0.1538958307609158
0.11255258905999771,0.1795343724947823
0.10561466798928312,0.11384234111411602
0.09221338462010165,0.11947463249084424
0.15770931909613717,0.13566354714604187
0.1403496794450683,0.13011314303380817
0.11581278605202472,0.1389752869739209
0.12243348066040916,0.13812296648978098
0.11111074992501396,0.14107407121220095
0.11056778889538753,0.12561020032317186
0.10528127049980811,0.1596559685189912
0.07412447899128252,0.11957759113287067
0.10745527155277132,0.12656847616843878
0.16072371134662639,0.14281928709523645
0.10316338376663903,0.16336838838109383
0.06132625181458838,0.13774977087892065
0.0748019313409332,0.11834955538235904
0.07557355233164391,0.11308569632238298
0.11099284788258668,0.15901474628503068
0.12459294333251436,0.1380682486152757
0.060867811383676335,0.11323431329927065
0.12775290440508702,0.13749396940775618
0.107217140636522,0.12176574102577631
0.06630594868891254,0.11409310575621219
0.11412468265376002,0.12732211377103192
0.09546351512537019,0.1298270500336627
0.06851567539866016,0.13107939914987432
0.11695414419240746,0.14878636274820073
0.07272009732378193,0.11317700262793493
0.077170114810155,0.11057511994897314
0.02627110027990607,0.11795074032625506
0.13894187019364143,0.12232711612016087
0.11606627898067887,0.13855822923918035
0.035774076046610065,0.11390428482838881
0.13452935366939692,0.1250007771516739
0.10712068416140101,0.1348889125454773
0.10019659659968905,0.11344568628654988
0.11915133417588966,0.13908501755968863
0.12064359574940375,0.1349031778824538
0.11509668504298319,0.14307862820087736
0.04924048409934001,0.10845366856744218
0.07659244371706385,0.12097330899995189
0.14926086883512726,0.1380456903801296
0.1382652103122256,0.13426774392621518
0.005085774535726777,0.12226806137459474
0.0958625801065464,0.11383267037713914
0.09631367912810833,0.11906820159044368
0.11248277017339953,0.12024002213871442
0.11464333593469492,0.12713751450546765
0.096137673979874,0.11658981927001336
0.0676427836932393,0.10535670908484776
0.08889504959364973,0.13686144542383752
0.08254361333305667,0.13537991775053465
0.086073779309466,0.11552314656848729
0.1448478584836754,0.1329435344338523
0.09338184384619995,0.12905731703207338
0.11054435270628576,0.11521861681733554
0.09811180450779955,0.11596927547660942
0.11454925198962516,0.12146228564450874
0.04457708621832894,0.10980791709493792
0.10338741929365221,0.12259937736597185
0.07856568222018796,0.12286280362540011
0.11374849075684652,0.11246819418584254
0.1271591482140468,0.13345967737354958
0.0936808731662852,0.1525905895607425
0.12442438382844585,0.1326948336701752
0.07499000689908711,0.11358386084227391
0.14675608282375394,0.14075145016053392
0.1208492452845647,0.11883578948150386
0.09012877440618401,0.11949247805084605
0.11554773647162689,0.12948493568224798
0.12748274779563148,0.13105076491112155
0.0924368789155524,0.18344813557143078
0.1180902994299387,0.12577620583036997
0.12914611177133326,0.1332329336220491
0.08471556029554485,0.15960497075088023
0.1013092483704023,0.14028110657234444
0.029525459348064335,0.11386060051144875
0.1245412438698775,0.12450391197945938
0.10519467547819808,0.1245611630000195
0.1311375212947524,0.13311311898123543
0.06331220763565978,0.11884569415925589
0.0987978001686267,0.123154173432591
0.12076280062895245,0.12906280796828853
0.09378101003837916,0.11926668816959397
0.06582949138421015,0.10962528682369131
0.10825772263657117,0.1348256546229129
0.1335018344564931,0.1278139958659503
0.0804037675944901,0.1456351442185937
0.11870554112953088,0.11529640797103534
0.11338563470366815,0.16601475055550927
0.1201709391859619,0.15141362680906809
0.10544049495208979,0.16305207359336313
0.08336829484288821,0.12363329281872885
0.11159315011643997,0.12437366201653316
0.10768763280373804,0.1434851134432327
0.1089438467650467,0.12471139605563517
0.07476506553035575,0.1505839912101018
0.060286792007319345,0.11280942758497241
0.14127617123284725,0.13360812094546973
0.11006239247605841,0.12163062935409492
0.06717139981933731,0.11035329649990328
0.11805349127283396,0.14809287660576204
0.07162286125934003,0.111165030065626
0.06699765496812676,0.14408555103009327
0.10243370658014665,0.13081835809332082
0.07711942577271005,0.11509043218246413
0.12114581058605034,0.13249951106501795
0.045873678336287194,0.11970125818369319
0.10097650357657183,0.13403517531982934
0.10272557601758871,0.15308019198686734
0.10084220619874587,0.16621882856172315
0.03873627102597496,0.1193250299642145
0.10415280166231815,0.16309710168792912
0.08999258693812692,0.11018992872303339
0.059865958681563,0.13892718590408376
0.14562655235354519,0.1437690870508712
0.08316706176941362,0.11223132316185847
0.09472394402170613,0.16732369167588448
0.07755450174909738,0.12425016949225687
0.12619517257871107,0.13534145097608283
0.09255820229268982,0.16727441976526503
0.07596167868020803,0.12287549430364224
0.11421001151748597,0.1349464225939662
0.11756434338191832,0.13331435613094994
0.01973893000148815,0.12515576789445076
0.07356460519173111,0.12245236071441687
0.049175325368146255,0.12548960151337457
0.13700209022437515,0.1355303679812847
0.07671128304568034,0.11558503380035444
0.10297564802451059,0.1393229778122033
0.1024005162636822,0.16661815377638262
0.08807922955430378,0.13539559832617853
0.07121087332643485,0.11054479831698935
0.11548086386731769,0.15628269747000192
0.09028215362088166,0.12910635586849517
0.13669922510360766,0.1258200194415652
0.10967920237894002,0.14962467711485194
0.08901799157052045,0.12337469987820375
0.04933650662260498,0.12362477786139453
0.08137820654667484,0.11131033844739027
0.09300902110909981,0.12104612498443346
0.10683603117979905,0.15764745561771526
0.12203065068749988,0.12296912525264617
0.12940212370949308,0.1541334091218212
0.09147031441617473,0.11553341580847913
0.13497298329789048,0.14636022133064974
0.03329205712497798,0.10726123006869555
0.07466284871444855,0.133464983312992
0.14658955876779733,0.13056226571677185
0.12887852352085943,0.13197145138486527
0.0986995491702134,0.13475266413135847
0.12997434206946365,0.12440292488025573
0.1166372440786705,0.13729588016967756
0.07524580763516518,0.11967151678913182
0.09305320468960437,0.12931465547196452
0.14051776295152058,0.13761588139612585
0.031629083427112945,0.1112596070939417
0.0928121435136337,0.11954825757117957
0.12397639071437107,0.13208268149575797
0.1254702065542661,0.12384492188264824
0.10846756735142708,0.12368889051684738
0.036042770787980266,0.10754743695533032
0.09857557687712024,0.134878651627449
0.12646001399236362,0.12274080499846207
0.08076080708560814,0.12914343525860775
0.14740930667912927,0.1313997951798138
0.05712408519525916,0.11885092530704813
0.07649801845613502,0.11626408552863328
0.1452621713871823,0.1313670113002454
0.06481813575182471,0.12522876792708137
0.1379869414979121,0.1324486415306088
0.13085697539164254,0.13284813264334386
0.06565033670291784,0.11871805332760367
0.14528312185431436,0.13428152159920667
0.13607427209311235,0.1286634891547864
0.11498717290569212,0.12898972517142077
0.1511705755458549,0.14178007008017296
0.12030399356857682,0.14646600208655458
0.09450097183836886,0.12417477102240304
0.09408142534440901,0.1483829809402923
0.11504728805495772,0.15884774180409972
0.01634331416640798,0.11206837473155755
0.093338570425147,0.17663576789598853
0.045398503702234694,0.1244552783382248
0.0747935740094274,0.124969994460353
0.07769784664607118,0.11654552190520696
0.03557243667191914,0.10895245124648152
0.1076319865927852,0.12095099531534502
0.06417987175647252,0.1365774219628543
0.05240012601060835,0.11712269228280689
0.0878521939275469,0.12291593554753251
0.11193471848242242,0.1263986168774197
0.10555320944940184,0.1527325177461213
0.10431993219411477,0.15506358408104737
0.07977828069988556,0.1277988459660605
0.09050239420396611,0.1222353128833663
0.12384150074201658,0.15109281433121657
0.11951913852649558,0.13534008910983292
0.09088296802368213,0.11310594789876303
0.050329477239547664,0.10430446646349768
0.11144800335236642,0.1168071600178143
0.06441286064624116,0.1365023139921736
0.03254003063003659,0.11329742348119376
0.13085885963261487,0.12264009559084167
0.07610181077849484,0.13695339965917006
0.12586684656011432,0.14385192309924716
0.14713459441010113,0.13223004168421776
0.09656509771393294,0.14552222449849195
0.04856127084124836,0.11138962437052644
0.051929244677134605,0.11931417881695601
0.10737475128202742,0.1430166245408696
0.12559983946338749,0.15970543962242026
0.06264764122288789,0.12480789690375534
0.09406106336171595,0.11948399212402112
0.1450482902721203,0.13611967386746698
0.12346220275897937,0.13320635576946968
0.06320888991246842,0.1270754794902959
0.10622682140927318,0.15086585024391963
0.10317732491551723,0.14509685223794
0.11088990261158282,0.1382607956071015
0.0944353282545404,0.14252593133533203
0.11292460080799395,0.13205202994592102
0.11470900494434555,0.14106629224516173
0.11347692004567371,0.18567590983684917
0.030949770448707656,0.1118960739379115
0.07818492017298664,0.13995718136937849
0.10127006638596919,0.11447307601602955
0.1281569424657969,0.16041761254660405
0.0735313121098172,0.11348707740403764
0.10143711226413207,0.19220987516505622
0.11581467720533475,0.1182459463976915
0.114676139824997,0.12427015688694297
0.06792154801442792,0.1525228236406714
0.06606219723676071,0.13271511403925254
0.07537286181725115,0.11334746655642394
0.10708495042102743,0.16611533595020098
0.09780430852247775,0.147977804078028
0.10963641577120907,0.1155199176703885
0.12212151965681362,0.12274680847726316
0.08369278501016586,0.11639612571149062
0.09661040378559695,0.12511827684295576
0.11899854054262592,0.15866315921361476
0.10344489262532953,0.1272850395025834
0.10699050071565636,0.11739118310118321
0.10614542701423577,0.13396889860275374
0.09817941270369895,0.11082022371292063
0.1483354909693676,0.1315862397506173
0.06809624721550774,0.10979662352423557
0.12808470626651827,0.1339530529722048
0.07755807671262545,0.11586166831181498
0.09245720927852605,0.1300247054246415
0.1285324752452208,0.12267020756814745
0.06479615734404999,0.12761464326340238
0.1412537505196442,0.13647599780956246
0.07142072727868992,0.14046569454726673
0.12454380989674449,0.13601408245896773
0.061602042057581095,0.11722932926614804
0.0966345800367941,0.15722070892863196
0.09847385891201749,0.15959213978538306
0.11418127941202907,0.15479074022261494
0.04696829959539747,0.11198837877274305
0.09575057939207618,0.15017682208560182
0.12905569216972967,0.14037496868549018
0.07242970384434377,0.13527006817976633
0.10706330834017774,0.1710445348491679
0.1188899641040693,0.16280409450813557
0.1193809461829614,0.12198958829320503
0.11049700204035234,0.1376083412637886
0.058567388675541725,0.12853924087478547
0.03144338245574911,0.10771514671120064
0.0952366467785212,0.11698297465310682
0.09614090176615593,0.12548579691403003
0.13760372621144473,0.12258324736131421
0.12259428320681351,0.134935567104989
0.07720052689930176,0.11060628407357266
0.09786999857073894,0.12046398580675162
0.12043715835522403,0.13004860093079632
0.08644976058165499,0.11524971510667477
0.07158858495402015,0.12421978560033145
0.06451861208319713,0.11157951090810724
0.12852339524897854,0.1276727643666888
0.10593010002699811,0.12825147946762783
0.11257806863666187,0.12880041645616547
0.1130996177409511,0.15673748629491338
0.12463151234674547,0.1386221496319583
0.12938456454882097,0.12535556643937584
0.08227762536051245,0.12286300608010628
0.05153717366825253,0.11418463482493438
0.12735231853155743,0.12847808179462888
0.07333148562121355,0.11043827905049813
0.06289216054306426,0.10554003256278364
0.11421128998457246,0.15849348100555874
0.09822572126091471,0.13622887363334021
0.08231556744699763,0.1320147608785196
0.11982693361619032,0.16047137537873343
0.11473258192191234,0.12483708215617069
0.023363751415734185,0.11161749917669277
0.13278315523707498,0.13398870874424681
0.10087294297361236,0.15377837871815606
0.06859539765236239,0.12499437096484843
0.09408977210179145,0.1463171349234713
0.08784697921726611,0.14054111646635659
0.09566210182719498,0.14873041005718332
0.06309953590354878,0.12212288227138124
0.12827375981319838,0.13332915008134325
0.06941480372837555,0.11490228882826581
0.06864217388558326,0.13145552322576534
0.11485947098571977,0.13769132645520482
0.12397856841189632,0.12167805230932494
0.03135723337850142,0.11756699273152192
0.15348797663344124,0.1394393446682741
0.11937311019884914,0.14241917855371294
0.08526839258856361,0.16071048363745136
0.12569212050051365,0.16739814645792603
0.07043026720675981,0.13338705945863763
0.08979000765612283,0.1148914664592014
0.10779501025953353,0.1353354292734585
0.12144963253934694,0.1264333391735969
0.10968872068442427,0.16268288017174462
0.1428441604862603,0.12957399555114604
0.10025845489067559,0.11493050301756612
0.11390023583745651,0.127052614727634
0.07502039471228068,0.10594135558045738
0.08746458292364642,0.1084388441822416
0.1394144018436418,0.12874924511385963
0.10741891914930396,0.13214798395148794
0.13728510098111688,0.13081406161994194
0.08452634029745786,0.12344261961598361
0.04529119816722356,0.14399506302399595
0.13143737348608964,0.13434572306461637
0.12816235147953084,0.14070956905394047
0.004538191366298211,0.11989412469569549
0.09871350829289152,0.12951251541068992
0.13797195690532957,0.1366503162882746
0.01777412485953818,0.11635434276048628
0.13680190592367147,0.1320704353141675
0.0932089460278211,0.1269513368653282
0.06811611843856161,0.11396889423622973
0.025258361670599992,0.12117683505920972
0.09634460629149676,0.14891495345315028
0.12760164481496042,0.12529032227782955
0.05668348861791156,0.12537419071239406
0.09158490276222103,0.17501325423021258
0.14282598823500756,0.12738670863865437
0.08247713822834973,0.14265322170845002
0.1494195466928179,0.12889186497358351
0.12249015972765846,0.12545915673979466
0.027155676429550767,0.1269405688528
0.02633014495261255,0.1175481996232934
0.08317107380148532,0.1688401510630568
0.12542808230511532,0.13715191043877292
0.12892438574332998,0.12804091528831918
0.11592793014696849,0.14744108261423355
0.13425043053648927,0.15140654030592154
0.06498085560479225,0.11101486793998498
0.16834690449371337,0.1491885164242606
0.09816692491925276,0.1592870246724495
0.08698863742362557,0.1248571330415463
0.13706011464880694,0.12738587608607171
0.08268879725623593,0.15879053122899187
0.11702862501601982,0.12196809516991616
0.05866605064464119,0.13247504306488533
0.07574143813698347,0.11703493487657111
0.0869636250636043,0.15322786469060684
0.08912064727192817,0.1317757687637447
0.09671217034814028,0.134363781034122
0.10305405475995609,0.1390410259677103
0.08905806886127372,0.1165741383984624
0.10316336041952419,0.14600686684750153
0.10273754841286531,0.13402217517334164
0.07894542823227178,0.14487213093687942
0.11968447105710865,0.1387492585565223
0.09593194183177822,0.13168758514208861
0.1304834040245896,0.14789207938025628
0.12947773279067307,0.1284285337510102
0.08593457670002318,0.11361526912862338
0.12447751285225545,0.14016865457948358
0.06645257927820927,0.1512886998247203
0.1250224110474245,0.12034218570810731
0.07969073653424981,0.14782215826011308
0.1284077268222121,0.12622951537702748
0.04876554696114367,0.10745291980364283
0.11136462108727038,0.13232653794238175
0.06458762953375981,0.12205171215498563
0.12337301096851318,0.1456608114478932
0.11934923961655493,0.12059556740551736
0.04869207693004991,0.11039987070963522
0.086827887238725,0.12214083470345757
0.06537428788911123,0.11496774991105327
0.11542606764788207,0.1352036901574484
0.10273560035296722,0.11361303084509504
0.08636516028515846,0.12366823268044846
0.10888554961658582,0.1291777853337987
0.12477137060096492,0.15662948134331225
0.10992247173317432,0.12240700626473065
0.10044236585536735,0.1384138443219565
0.09590970691582318,0.11993874541497337
0.12553412081341514,0.13431968230403243
0.10357908773630113,0.15784993889986912
0.1133579642792821,0.13721477881700322
0.0944297968797182,0.1301614001164105
0.12383056823367497,0.14129700388696267
0.10995441137356651,0.11534268622291596
0.12204620964658261,0.12320590235523468
0.052064265994506975,0.13124097639428633
0.10858483299748255,0.15823463907275487
0.05088724695890792,0.10945193434466535
0.09186662272748773,0.12163380480091485
0.0928676749042869,0.12142460249021761
0.049686406213204276,0.14661844505438695
0.06540352057584198,0.1179763425307669
0.1046583584347069,0.15744964811159826
0.11447137713964656,0.12178400526883795
0.10326639382954568,0.12964921023157513
0.07211168501916417,0.12700502760637572
0.01732183601591275,0.11612997059940718
0.0809421597680254,0.11316705779788569
0.08322981996207282,0.12404428698410563
0.12101942858085453,0.12130060749619008
0.015453562135013185,0.11612171816649783
0.11551300794389507,0.16223677474523895
0.130518566553113,0.13491329962410858
0.08145393766225492,0.1333856224986425
0.13893729649748615,0.11895222611465008
0.12067193743176034,0.13233056829115378
0.108269653542783,0.13334127338163956
0.10210404406575686,0.1273672199522974
0.13040578996932817,0.132030156829165
0.039679377578561166,0.11785136482128332
0.06846872828818829,0.10887768188455141
0.1063014425183531,0.12090931624113245
0.13925061837266317,0.1310380418794363
0.10309010838100002,0.14616091454482041
0.14782563222835937,0.13503555861207064
0.1137420138449469,0.16155660638824068
0.13375388026829862,0.14057857733467413
0.09626257261570938,0.12044241333842057
0.07168351099683712,0.10511013243018975
0.08639451181171168,0.13893332745155945
0.08095362130622244,0.12300503618331816
0.015662840426068053,0.1120151049879299
0.1163106290765319,0.11550675757547178
0.12053380991905366,0.13443673803177536
0.08204582939712045,0.10693522328343194
0.10886808984497556,0.12489990138402236
0.121885978680344,0.13002240301378487
0.09707144349820432,0.13108187559301604
0.11652481111481672,0.1636606419104932
0.13497297932828028,0.1376737281552676
0.12652539032989132,0.12252884439960324
0.11267074299291516,0.12367481495355169
0.0875793008612038,0.11531079580495533
0.10565772958610248,0.14254941512120123
0.0966207977602079,0.1336069532511663
0.10809119245006528,0.12398553851899698
0.1159720702064975,0.13653326573924748
0.0715361196350334,0.1339308998390494
0.10750407814573358,0.12437711002722185
0.10028168787215837,0.1352519326482603
0.10547927901322231,0.15492739381586507
0.12107441641295605,0.14686586464742554
0.10848837254746757,0.13541817024671318
0.11365091472431019,0.1331315602743767
0.11904138339061629,0.1443598369558639
0.009129982294825326,0.12051783492682844
0.10079767544129267,0.11754306914641793
0.1100083748345466,0.11336056327482724
0.120103776624087,0.12500910864338136
0.15410257278762504,0.14380839030105988
0.10809971742034265,0.14821293928978163
0.0710527132990106,0.1263491853345748
0.10200551454998492,0.12244644491177868
0.04366648235075996,0.14214914666114908
0.06606641191339536,0.15049496157611025
0.11678993897952965,0.13301126429233964
0.08753765856297754,0.12832531347850698
0.007692046246719188,0.11791489698072345
0.16964652547742892,0.1533250245327557
0.0835897935867731,0.11198643400600988
0.12076301700786073,0.1474017962012094
0.13268240651846405,0.1602587557323241
0.035601592576227005,0.10766522021884713
0.07484398262139703,0.12139457461958755
0.10001517278392012,0.13177498520610703
0.1449060949014194,0.1311478094023094
0.10721928927096255,0.1698391558268813
0.07050042056330033,0.1377476011646204
0.12762893105277012,0.13081068139552865
0.0996607952073939,0.12367081321121838
0.13878945783987762,0.12308522187596965
0.10387317434200978,0.15464498511262134
0.10086251203468398,0.15432286540235632
0.15954973552798943,0.14603308134548024
0.12987968724430646,0.12880146915684157
0.10705274176807353,0.14172172411772857
0.12843241547500414,0.14655634813689894
0.03647911269640199,0.11506165906027406
0.15183556650849,0.12819430785140035
0.07942660492468087,0.132085650788066
0.11524663665226514,0.16015944120838696
0.13529625148765193,0.13799348175031048
0.11197622259563628,0.13179645012657526
0.1168082559917979,0.15255826170204922
0.13993131564400307,0.13080978340115246
0.1343293506012824,0.13314769048626565
0.053049958283051854,0.12474329541011325
0.127905290079587,0.1311733933551217
0.1336321127824605,0.13764963408331263
0.14611532655609608,0.1281047944321841
0.08356737004710355,0.1458698856026988
0.06286223121747844,0.11986305472431687
0.1379170398409099,0.15163593973046155
0.10359461971546817,0.14447557494202976
0.06947646974239956,0.12456744962120228
0.10623218712443784,0.14437277481829824
0.0998557185492171,0.16305282828081485
0.08141475578311985,0.1168324405462585
0.10596582883625871,0.14856691110477416
0.08956148677195744,0.1201272480980094
0.0724194222645611,0.10850438023552682
0.10349423287377849,0.16524773990883107
0.12240306453481961,0.12322863465900409
0.10556217741255128,0.16249049254908765
0.0971607019419505,0.11914910945226674
0.09594399859125266,0.13290260326727968
0.12201200033120221,0.1346898175619012
0.15230651771728068,0.13507770999786037
0.08470276853569074,0.13608367657622358
0.12179062770218822,0.14650352670089004
0.09552393929103857,0.11242786191440562
0.11532622092795214,0.12932095670688962
0.1302765670732961,0.1438490094421668
0.09801995945754789,0.14866102544835907
0.0668166327449395,0.12290773268364154
0.08165262579254703,0.1466526865399298
0.132964479277375,0.13700460184674296
0.11529254952966186,0.12716892913138225
0.08520288190185099,0.12135742539061427
0.04636393522600651,0.10669939864461032
0.14903770136629058,0.14378645466278367
0.11625938818090267,0.13461623021605518
0.1307702141020491,0.13287262903181946
0.11899684431211233,0.13240489547258483
0.07193414622805076,0.12090944324983105
0.00719441926282597,0.1125967683287728
0.09100098738550493,0.10795248927722313
0.13043046705392122,0.1319881584733397
0.15998205960818865,0.132169278817368
0.12581792127790167,0.1356660455077624
0.09562420156370469,0.1270576242742929
0.0204712218363816,0.11759910341954083
0.0891199723890955,0.11679990755565751
0.04918715936508457,0.12396167719977134
0.11613857213901277,0.16523170953432686
0.1350653912822229,0.12280957999322106
0.05664307927743934,0.10690674590713847
0.10115750829229422,0.14969200772014774
0.13861338344216645,0.12973908453510635
0.098424862613717,0.15037695024300554
0.165858758250433,0.13893053553388057
0.06518833627297915,0.13182026368413002
0.049126312338285356,0.1303334789376443
0.04158823810032289,0.11498120600934202
0.09561876842097358,0.1352785146710959
0.11512051353325366,0.12031955663214748
0.10321746768319794,0.13854977817252576
0.10857378213586742,0.12630100908598538
0.05479479695771945,0.10380256518358846
0.09598777617419875,0.12662260824858454
0.07671786277962417,0.1148598704262921
0.09982082841505335,0.13193786132205748
0.10303139923059057,0.14837413906004912
0.10562334094376906,0.1375243750740371
0.12133055553208774,0.12315574909594773
0.11014767312941014,0.17854845808963582
0.09267591998824926,0.11641370989332865
0.09926013656025988,0.1275475792789028
0.10637971767579076,0.13313030415979438
0.11800402913937627,0.1399962802045346
0.0948239526758426,0.1155073045383212
0.1125720885196772,0.13561451586717005
0.09398984660031673,0.13090592324363587
0.1631011773433129,0.1563913869410948
0.10941753255360173,0.1309088246347129
0.11910918562710668,0.14313008510416123
0.13558667357259632,0.12715080956803845
0.1550500346514351,0.1411039861592438
0.0798254021690071,0.13607730604290547
0.06169716422517857,0.10710563101336663
0.11928830219772282,0.13554134176609597
0.12444197134880904,0.15891579606440573
0.1183283531771461,0.1565818461772115
0.0757602000849428,0.14439212667254014
0.08331849730307289,0.1471055969822886
0.14550215616477857,0.13557053053374724
0.13144800735702822,0.12786913177130652
0.08849819855523976,0.12310612904072281
0.021383814714333704,0.12454189991905791
0.03188630118182493,0.12144918633492245
0.12985593155493735,0.12656876133980252
0.10244801024465207,0.14268076115605108
0.008738741953970251,0.12128792792033125
0.07018985466109345,0.13355190348001864
0.09426300945114573,0.1294829519490367
0.11689650783185306,0.1367225337012137
0.14554501535150682,0.13456195037312055
0.1358738616862136,0.15284186538085257
0.10602405535725849,0.16971148708430092
0.1072981486877504,0.17526740308200753
0.044684013076683286,0.10270728751441628
0.17317741550985571,0.15712827628741788
0.13360526828348127,0.138849937151434
0.06753391483427117,0.14212947673573573
0.11616176746684534,0.17243841348835479
0.07539273845352783,0.13481179329179396
0.10831909614852434,0.11593225220363858
0.1170065148440243,0.11856451335462363
0.12566994137657184,0.1431341412802151
0.12856190656108538,0.12680293695804165
0.08629208654238237,0.15346690262520724
0.009566936406192435,0.11543247184564523
0.1499407499942154,0.13201323006927168
0.11460144156174155,0.13785585189474245
0.07523589241823375,0.12923401848687363
0.1146736305569469,0.12559165500035174
0.11142307041628402,0.15658047956198443
0.08097304899707197,0.10676251901001318
0.10132917283872983,0.16882773895688477
0.1398088909356486,0.12820454224433772
0.12039978016629607,0.1348945620517335
0.08984243046980431,0.12671388911860662
0.07044147421802664,0.15171192777774173
0.08086098204803621,0.10996375075959729
0.1373162845689634,0.12716723565110322
0.09966680531265718,0.1498905092102905
0.10939216363234344,0.16869597303235886
0.10720035313793855,0.15275673933685716
0.08911451038991415,0.12170678510570436
0.14833119796019884,0.14691635006988055
0.03646486767295401,0.11103332417748463
0.09689189392548417,0.13605226206107368
0.1207119599806582,0.15353714063887208
0.1168854026995553,0.15774155651491134
0.09201324695647334,0.13688805223847872
0.09855012019488955,0.158233741658052
0.08208524170553162,0.11229546845910807
0.07767475165189491,0.11968311370399587
0.1198311223443282,0.1296623393714234
0.10577242843234443,0.12574898204044072
0.10358595430408639,0.1383679259989194
0.10352576659807891,0.13478615092079924
0.1022410515849061,0.11936931982400048
0.10197569497773215,0.12513508631177706
0.0990428803508901,0.12461716739688425
0.10053812182562243,0.15443860641594673
0.1497892976651726,0.1380516032890419
0.13304716660923255,0.1306486796169745
0.05805464967829115,0.11924079021118766
0.11366291259619948,0.11796028782434488
0.11373559098554668,0.12301365385476518
0.1260008468740246,0.1435689261344251
0.10257426999915481,0.15381643190109484
0.1017342100742283,0.12596504551960233
0.12777885407882203,0.14373851781397934
0.02907662842509182,0.12175738228603701
0.12761477863890555,0.12033135413794102
0.13447862174432115,0.15118919941861783
0.08231150429613902,0.14927386162940415
0.11740243814307937,0.14963317643363738
0.12005089411926669,0.1456102448811033
0.09266019074837004,0.11916825848580327
0.11161993103102943,0.12830658605801315
0.10406718016714911,0.12175189199934432
0.12296172448029313,0.1442591813128471
0.10284365443253635,0.13168363672940972
0.09490246224396247,0.14591896423049613
0.10591365834128766,0.1326705214961028
0.0921396217949233,0.12760389067262196
0.12479373349449686,0.12786303019528913
0.11598126731093103,0.13469237932118244
0.08983030199175132,0.15504383130540994
0.12578708544715414,0.11942075141722266
0.12435837618854488,0.1378067908250444
0.09787982756546788,0.14627479783955097
0.10366148143395167,0.12027391654647644
0.11730301899212434,0.13082967545923188
0.10386498799406546,0.12855624631809187
0.06434883488854123,0.1098972623474794
0.11576957499868912,0.1204728211486899
0.12821167609457515,0.14591135007218706
0.057272315911173745,0.10857038265176035
0.09811554424327126,0.12573943401018978
0.06679380965785198,0.11130811785585601
0.11978615581649595,0.12276553704285126
0.1297516970468897,0.13561415114124445
0.08112850310323924,0.11230503898442658
0.12317542697715814,0.1468351931831198
0.10757385606215399,0.11781465606935554
0.12851372694820792,0.14189283745982822
0.11355132584538015,0.1208616108382175
0.11494876686138641,0.1327106469786181
0.12364488879464522,0.1679251985351416
0.10906229935590031,0.1563168265739861
0.11128590571224518,0.14750868705171144
0.1408722181979804,0.13442541440691283
0.04738132450198776,0.11964982027191164
0.12440382382485413,0.13585225430201345
0.12430746704895387,0.12587494958462636
0.14831930469118065,0.13692365874615653
0.04194877921776695,0.10664206470193276
0.1044373832073617,0.1371874166559638
0.06415669427276727,0.1358409523326543
0.09734458105362491,0.12882948127773475
0.07910781994083257,0.12460038242277303
0.056625744631996974,0.10965213939100228
0.12373687843371657,0.12649107419733163
0.12922330819301525,0.1310798162964244
0.03624664882544978,0.10809144016163942
0.11825045501147896,0.15918237424615236
0.0626821698041631,0.1094790890207785
0.09362649810832771,0.11900339800771749
0.10689579045156986,0.16051977114170632
0.08345629137168299,0.11016007288416026
0.05000055535634068,0.11436845390365216
0.1174261916748184,0.1591467797569336
0.12529052197015303,0.13148396551857136
0.14011049323283822,0.13544246132112434
0.05807895796493473,0.12731843248346258
0.0835676292002519,0.1181988772882308
0.07947183417369104,0.11023319517776087
0.1266433216638605,0.12633100863193392
0.056781836275304115,0.13065724780735502
0.10421971866327145,0.12141670377484677
0.06863373983599383,0.11925530425737181
0.05754365276157957,0.14926196725969523
0.12879080624265757,0.12551296968486703
0.11420854623222253,0.14619570717668795
0.036058233575351636,0.12334269229399694
0.10833359045240987,0.1317673003707131
0.11039551521910759,0.1329976205680559
0.121930632974688,0.1363184024030561
0.11487412189506829,0.12736183421685265
0.12063506212700476,0.13660391767607039
0.084629210016431,0.11726015401432319
0.08164312253704648,0.13473504477083664
0.08544761922476024,0.1518399991688663
0.14407897504130465,0.1325208683066683
0.0958774822663618,0.13413873403260498
0.10834483324359379,0.14460110219591957
0.07993145205798273,0.14485157089880718
0.14890128414441448,0.13676882224936265
0.1415372611731084,0.13433572392672793
0.08205564242346122,0.11349422323097068
0.06955133192469254,0.10739601725916108
0.0711371900645236,0.1311564293960435
0.06407900677789927,0.1212007288873336
0.05684826183174769,0.12525574885493126
0.08309251751230864,0.14011718741968499
0.07125618189615827,0.11945629954012217
0.04162650255977358,0.12465519944219615
0.11256607882164836,0.15040928314103655
0.06329550147667017,0.1351788885312695
0.10374524173465254,0.14833760490928333
0.12165297972150091,0.1251914689624729
0.0639422987788993,0.10952980066548974
0.08489202802023171,0.12846023330465042
0.09469713958536057,0.14021989653558653
0.12937045967877298,0.14552538119968425
0.08474261485673938,0.14150947745507206
0.05238234393797071,0.11351584074158763
0.09994038458139913,0.14023621122189361
0.12821246752294613,0.1283837840609869
0.13193055863799164,0.13131313868159755
0.10149769488001166,0.1392176839973711
0.13198587409442394,0.1319140041982397
0.11177348690784553,0.14686838262015683
0.0700148645453144,0.12847130260936523
0.10245264528980903,0.13316965359047156
0.09479043287057101,0.11345058472024538
0.12103927518995393,0.13808856929377253
0.11819348854614654,0.14186809531493358
0.10426537383983335,0.16243925610132284
0.1158208362668889,0.11921277014596474
0.12915986218432843,0.1364650976895748
0.12590593003662434,0.15318377817315199
0.10959622825840043,0.11333677834148846
0.1097010997239631,0.13343163133494199
0.07487068074942228,0.1354879273637453
0.14404489999947262,0.13055152482638874
0.12597923393381297,0.1414634590524487
0.10194566482901961,0.13392808210605683
0.061454094180290034,0.14493675833213449
0.11824041476805762,0.13540623632486506
0.07000219631767617,0.14253011792162928
0.15452920773657214,0.13127537728572228
0.0921053420727092,0.12793522308495733
0.06714328586252724,0.11912608622683407
0.09398457575686253,0.13284339845409476
0.09796576145324273,0.1315983863551435
0.1127606980427431,0.14753245636110354
0.0994786622919469,0.1728749029332147
0.09877673360436304,0.13004705433724909
0.12314450684462894,0.137813644231597
0.13500083789090417,0.13058245814200814
0.1040534270911748,0.12685838820280296
0.12589299777133964,0.1398931674790768
0.13116551296928586,0.12750660172995906
0.10354666894736439,0.13089062417410288
0.12561786685502574,0.14138719981402878
0.04916672830920204,0.11326252308251875
0.05453071310522756,0.10920274229301669
0.11277559294886205,0.12743492879730833
0.07638521930074199,0.12432380053052498
0.145368790593814,0.13848901132217425
0.09816779248101763,0.11819376776070158
0.10850030834048427,0.16245496969351747
0.10591792622887428,0.11664849011791252
0.050559131404853866,0.1047427080645173
0.048475726197689514,0.1089348166697993
0.10578726481101208,0.13322479539427373
0.0674202589337347,0.116640054096322
0.1055468517587929,0.1591709210692041
0.0717943519633933,0.12414180298891236
0.1086400226930245,0.11906158062366447
0.10965280498760338,0.139417835827536
0.016185648500801404,0.11948554126860482
0.0256424563454708,0.12389236997345097
0.13125701053769362,0.1626801289923485
0.10734636025239547,0.15984950191531985
0.05395732312216581,0.11030256989685187
0.08705792999531373,0.11256022815194773
0.08682013144393924,0.11642644740823566
0.10948486285224474,0.17950404891664248
0.07769493860186741,0.13250834781316218
0.12984739240090032,0.15268722536136717
0.11793553874427248,0.11875777650114307
0.09294313417361887,0.11933808326167494
0.0785684696867947,0.1099567144080965
0.1293625902702639,0.12561881270876374
0.11660115220737731,0.13566923683669183
0.07639237815349009,0.16412175786460076
0.12002715916195228,0.1267557023478152
0.12816638706395242,0.12712050983035023
0.12068923677157702,0.14581580953992063
0.10591276692617284,0.12073094388087931
0.10270450802261506,0.1425831717211719
0.05757173238468476,0.11281323498652922
0.12408982358466139,0.15275340560101022
0.11866466542111254,0.14310104827310885
0.04433067717833378,0.12189885799842326
0.04032354502378493,0.1057324209565202
0.06798087501464453,0.12706898390100038
0.12471812671394175,0.13220563901305127
0.1493843299946893,0.13341178918729063
0.13055118706357519,0.12120955034033115
0.0923750134611919,0.1162484075293615
0.12024069258953407,0.1500418274026018
0.08454286054621266,0.11601226039541693
0.11327757630573504,0.16815185922613254
0.11186426929402479,0.141515790463504
0.11522336023982022,0.11895602004250601
0.07525602816720914,0.1281335169351406
0.12392669362197782,0.13407290985300907
0.11217725840229648,0.12417662535282449
0.13647659098015344,0.12991231386116733
0.0847581878831738,0.12112240486795985
0.0599080556766242,0.10949274123278857
0.12116864096382764,0.12673856743581802
0.10787557917049978,0.1363991522364617
0.10446942585695988,0.11987999014430296
0.12322046343531859,0.12539773213860012
0.07761429862665435,0.11141114817771074
0.10618669537951762,0.1356020436970706
0.1459831887067358,0.14304446731585874
0.06286396583474493,0.11976502445691613
0.059122267212399625,0.13941760179783216
0.06559597273621816,0.12411469723313127
0.0328787887791407,0.1243733325650004
0.09009724030014772,0.1239427710065508
0.10173060063390474,0.12785509454162325
0.12326814230616126,0.1264617315752945
0.07282120244483514,0.11528249560888913
0.08725303661755604,0.10878183579320631
0.12947077538657056,0.13847761729281743
0.11603286032577018,0.1366398150427576
0.08960845303726234,0.13032834781654745
0.10954607228432124,0.12299573063247994
0.110556213883803,0.13989668343810105
0.11422788307617071,0.15272532724707774
0.09869483232877065,0.14118609652963948
0.09071424435964606,0.11408578976801877
0.08931872398775834,0.11480571705512652
0.1100956160804753,0.1424123823924775
0.10478668426562193,0.1200020457639345
0.0700313888565002,0.12750016348836565
0.09077345580625458,0.11900441038577282
0.12339074474474072,0.1301259813485611
0.051630283203706086,0.1085798932388956
0.048491315550910116,0.10580694143194953
0.14062774834637784,0.12514254277260647
0.1072301788383985,0.13132275613083555
0.11407474801528933,0.13973444416020814
0.14357923639441628,0.14976165526256902
0.12058869484252796,0.1141516639427935
0.10827832129698284,0.14126385787530324
0.10976716029024558,0.15774689359416352
-0.014882797420320362,0.12012357905414565
0.07092468203216662,0.108868789644045
0.03855775817291107,0.13017103898027926
0.07536364219867563,0.1178788061104329
0.07002534955114192,0.10500564310347213
0.1308633516114896,0.1362634914749439
0.11899935401653143,0.14857100256616254
0.05426150362233427,0.10678618941697178
0.11107191968894084,0.16428076979999304
0.09316488134132901,0.1314266107665365
0.1359351324445046,0.13227543810738
0.04583849514336445,0.12230360547550992
0.07820019539826188,0.1576111014588751
0.04620920922545388,0.10922043703242075
0.09933004719895742,0.16693333450774167
0.0638685733123119,0.1093274327838092
0.07312994753759433,0.12331006031722605
0.0875125586071343,0.15200542202265885
0.12512513261661706,0.13679615802163309
0.10292425132652787,0.12194547296525464
0.12169570252313017,0.12391235866706865
0.12330986661655889,0.1400692166205871
0.0680383804120743,0.11592336383045196
0.09197802656680334,0.12193256164214081
0.0688522918143293,0.1206388059814313
0.07657375639480292,0.1510317179261455
0.07693730984873129,0.1374606848180192
0.06218263696224949,0.11690924301653007
0.07943709132177898,0.14362213151753672
0.14640354524659202,0.1423355007847957
0.12507082548951454,0.1459378311170321
0.07595475833466826,0.11779009638436241
0.11423710719555702,0.11627201137643806
0.11889037050198749,0.13526769560601898
0.11833263093423567,0.1315792281411066
0.15984154787447893,0.1310613238922069
0.024951840305172945,0.10667714993686116
0.08269836491348458,0.1053057581678561
0.14742451074422144,0.14860457704033797
0.1511506077929115,0.13999225034579718
0.12674995997072214,0.12358034437087351
0.11451880625580522,0.13103378366851479
0.1199417886167563,0.1660842329528029
0.09018623193841172,0.14228784751636778
0.10150971531330677,0.15071421479691594
0.09558716085894925,0.12704051551156983
0.1450117347527817,0.13583647720874809
0.10431987204963533,0.12688155921275612
0.07995797243539932,0.12240111757705105
0.12144552724768023,0.13669194044034796
0.13835999011240097,0.128291123175807
0.09702260427814821,0.13748016449546613
0.1364930919897034,0.1321758558545075
0.11477638998186679,0.14109549200359436
0.1135212123013089,0.11767650372201008
0.07295178411264361,0.1623659088392679
0.12988787727222117,0.13418660110262706
0.12267360821032942,0.13822780390923856
0.03721172782793768,0.10728080282680887
0.08739805707699827,0.12779430741324618
0.1108398688208044,0.12416973288872885
0.09539449659431465,0.12324665959813405
0.1065007594493861,0.16091436942276544
0.14842634635235338,0.13360303074253033
0.11240832262947272,0.14832528657791247
0.11625225300766479,0.13804000732273364
0.11313073320673778,0.11840036120965912
0.086345729239397,0.18113811903480434
0.06721256051517432,0.10953842291194099
0.08720909998340476,0.16359313445502371
0.07419845354711249,0.13335803583661487
0.12121695231486718,0.1614001736842279
0.027895139140160015,0.11449586426572113
0.1066436163915021,0.14663709651523962
0.0929261407497893,0.12265535592862588
0.09865692684119606,0.13975156739882133
0.11953544416258322,0.1305955867027513
0.048094668182046364,0.11461626460447902
0.17328787953537758,0.1475996497218195
0.08274989696862446,0.16434874347679684
0.1274526708214548,0.14096401494941616
0.08345731100000552,0.11037282170273413
0.15316069426017734,0.1248370299650126
0.09949613071112509,0.14882367486004677
0.0956275601019073,0.12939748703034118
0.06822409569498344,0.1467715527145138
0.08912605714438926,0.11817901625476562
0.03382810917957329,0.10792798505590594
0.1234675132492904,0.14242195818324885
0.12859600276443767,0.1382831988464613
0.10675937864640565,0.1264321032975344
0.09505938092641915,0.11995334944081316
0.07284162285024039,0.1316377080667263
0.08598587564463812,0.1110508830865133
0.10551742058677538,0.12457125027114022
0.14947647748666537,0.13462214931719152
0.10206639030835614,0.19492224527318627
0.06705757330419988,0.11907473952174442
0.08965669175114879,0.1344816607972196
0.08475396692919557,0.12489989674170125
0.12271250854103867,0.1569442644680756
0.14432301172569822,0.1364197344164056
0.0809258867687636,0.12026439359287115
0.07083650110968809,0.14380337627451356
0.09287235403665042,0.15164024363511877
0.0935683218635769,0.10933597649702291
0.10290770223118656,0.11744851709378905
0.09416401267423768,0.16101408806208756
0.13228994982936418,0.14143373022812375
0.10326325370155628,0.15470614783888323
0.13123245301323327,0.1265184263034194
0.06420080258300706,0.11592892060241265
0.06591244938328943,0.13025080593276145
0.0921213752123957,0.11345608370356537
0.13245803664484548,0.12262978447480159
0.1207987565280778,0.13645787337346466
0.10677738596761491,0.1298674082249232
0.1473955777727523,0.14591071465539177
0.11335935976638217,0.13704388370347675
0.12224916203801622,0.12488105243218373
0.11029916414082763,0.1259229528834945
0.12936831607574834,0.14331387536952905
0.12906910258490845,0.13810131189076102
0.06112531072420428,0.1383346710683358
0.08383586700586873,0.12731812767939485
0.05556030043662616,0.11378539581208715
0.1405514656659551,0.1335542295052409
0.056766014549752455,0.102719128334571
0.0807220779418152,0.13366878010763691
0.02212211138283937,0.13196133062643114
0.1068868319137713,0.12513966259307707
0.028385262807763184,0.11657199659937072
0.13452218071878552,0.12849016029465965
0.09617649805310928,0.15823802869002665
0.1244810841350427,0.13843704982938507
0.0697930836972738,0.1268991274134653
0.1213920861374332,0.16754366433213874
0.10722780224992903,0.14233492619557145
0.09645531085083763,0.15079714405868638
0.13615890366297856,0.1254761753049537
0.1200182376279811,0.14249673705624955
0.11596584545401002,0.13603733793181613
0.12624092670959686,0.1313177811044398
0.10111625041217266,0.1534835258854195
0.1375955989497636,0.14614574870555275
0.0683069557646652,0.13158301131695194
0.1271640517099773,0.13875368839477192
0.10597548082642771,0.12363780613180098
0.09269279167248021,0.1214934834899509
0.10117886889663787,0.1340554160919757
0.10696257877874693,0.16677277530740364
0.10313178387078076,0.12807444076997374
0.1136515119006147,0.11341282712910766
0.07826386314409194,0.11975553330478336
0.09644167699443014,0.1535320315216992
0.13457319372892332,0.1526446219950408
0.11852972752137633,0.14995692635704486
0.10729608838446739,0.15960831075159942
0.1508081512605746,0.12866423522741
0.12415051699639673,0.14341464074551946
0.09545024870607728,0.1641303637078386
0.13777652626866418,0.13228481710957993
0.12257819012604661,0.12319668323134828
0.13068907079430175,0.13946151700969078
0.10541852587454804,0.12426806601894931
0.1239438604465539,0.1423427670232404
0.08042914073750154,0.10832416284311618
0.11201541651641495,0.14307714386063008
0.0565654058531933,0.10240034959275099
0.10111752504416206,0.1373176445913339
0.12150470757100221,0.11970009283457209
0.14854957482894082,0.1371445587408467
0.15606081735951358,0.13259242481089278
0.13057593158410538,0.1280389312291875
0.10468473502576053,0.11686646736449947
0.06641347938406725,0.11394688939377079
0.12145180378274023,0.1270030329432481
0.042263406821978405,0.11666073787754568
0.1309076266046284,0.1250794816710778
0.11142353613720914,0.12148484673660656
0.08599433412328067,0.12970107478593842
0.13231156394446536,0.12318672398589237
0.09572553610294741,0.12014688897721108
0.13643321630655783,0.13337025866337204
0.08718595804741255,0.13050610977690955
0.08781370178632578,0.13930372520586728
0.06981642689679429,0.1314450967953385
0.1355825258307249,0.13331202729693328
0.08903077166964461,0.11591769703690481
0.13337714887846555,0.1313275177177314
0.10795412881116082,0.12487855309358349
0.0893050394861711,0.11862383328251307
-0.019849069396562134,0.12697323948354364
0.13678394231494723,0.13788584365094914
0.11858202469906362,0.14059714904050163
0.07171379955969687,0.11925010842837717
0.11669616231206825,0.1400153008058685
0.12030269259030964,0.13731539191217593
0.14760471352703083,0.13828003936545566
0.1398318572696123,0.13631317716514338
0.08228093246297,0.11582084147822722
0.12881076546876458,0.15370652127445972
0.10141955540675449,0.12564135235433443
0.08033173534443734,0.14727376677365828
0.08987880053504123,0.1119006782519451
0.0774975755528549,0.10898460088076252
0.12237318568373845,0.142361974616094
0.06071886662086238,0.12236361798137516
0.12854610129988728,0.14686304850267157
0.12604994267229527,0.14302287629949573
0.1261631506434155,0.1433411926621275
0.06324442381403798,0.11326843825994166
0.12297676789322973,0.154961198998572
0.12171635894036485,0.1232605991938131
0.12837159629852324,0.13342754936820517
0.16907480165735572,0.1619468148851004
0.13257661367435825,0.14708487982921148
0.14016783117431073,0.12917620933123292
0.1319780246353751,0.12983885595339079
0.10632345947512266,0.15146926980978093
0.12236242138674716,0.12121823034611158
0.08873624301619647,0.11883593266358579
0.009460254058965101,0.116578193571436
0.12915872718349136,0.14177542597586718
0.08975254174177297,0.1334891728125211
0.10945063333140895,0.13166815769228932
0.09031991280451275,0.11887027106172104
0.046789526252471667,0.11552179678765277
0.10658285403779012,0.1176615735542641
0.10074946599548347,0.13771698264765184
0.07219760319355802,0.11602816170083213
0.13673466915999075,0.13243347090208277
0.09474340355835945,0.1241284807629518
0.09353986072686253,0.12787926152641824
0.08008783577447404,0.11166745880686983
0.14093468114221808,0.1390841996907051
0.09485102838270568,0.1313749534934822
0.10142581489633973,0.12351363360151495
0.11306269393386509,0.14486905783648846
0.0904466227812867,0.12273346687973768
0.13729883523209907,0.13775470659650263
0.10426446781176373,0.1258655987693427
0.06965814783925059,0.13546964066207737
0.10401968408616093,0.13232230113828028
0.11929816862073749,0.12014095608829899
0.1014549324820365,0.12814129047583467
0.11576251477464307,0.14697542973186092
0.031910668166225654,0.10609418979029954
0.1178763578256704,0.13451550280443758
0.11119433105410809,0.13251741921421495
0.09827442470915597,0.13846094116041763
0.013217173294214717,0.10803869228878146
0.11780646770784146,0.15981567197480095
0.0677023822573341,0.11925172967609149
0.1219769963403286,0.13899551189584403
0.11915106415362806,0.15252568468053757
0.16983794427279902,0.14858386225358172
0.10609792763675832,0.15140875519334396
0.14315373016894617,0.1346772151718882
0.15189997416894271,0.13136101980842388
0.09552033671189047,0.12281776166598274
0.07186530016912018,0.1283876751946735
0.08781514804564748,0.1157561312770037
0.1264909608435772,0.13194814676188385
0.053239095733875856,0.12518169296204784
0.12340127948620187,0.13418709720428404
0.0446960201149349,0.11729663184501012
0.14120375648494762,0.12797160510533495
0.05823323009498588,0.13172742874299984
0.10950088376346667,0.12502532247859127
0.1067636687475039,0.11597568716462271
0.09393428457410306,0.11807731908167281
0.12607023658759461,0.13630639150790597
0.09935758548406545,0.14241072372672842
0.12528699872602317,0.13276079380352582
0.04666661324454148,0.10837935995892556
0.11967621181920682,0.13191741826398354
0.09834745172378503,0.13143494249257212
0.11708173239776146,0.15426220931951404
0.10508562567793361,0.1425706025902335
0.08005304476558359,0.13812027746195868
0.05137122570502825,0.1320143078414954
0.05173323693347136,0.1249540381453575
0.08407666776869495,0.11217007883193152
0.1338355285916467,0.12562354756676825
0.09812830700441601,0.16648172154538135
0.07761261592726247,0.16262508090935163
0.1333474556709219,0.122430019749404
0.12901616809905259,0.1283133679233287
0.06395408280639181,0.1275721843695133
0.14092445238372475,0.12835430950411603
0.01983382043118069,0.11851791836487832
0.03719680636134915,0.12146052266487675
0.0701631361135252,0.11408328778762157
0.12523469160787304,0.14511668889306953
0.04704785636744385,0.11591894083047337
0.09258339175322203,0.1392205515391601
0.11528985936208118,0.1633152896796028
0.14039967437846634,0.12476316810348662
0.13525863603347416,0.13124159770406704
0.009008262393662148,0.11525646802902322
0.12521219901906894,0.12745819719748325
0.06892022672065262,0.1393026420341314
0.1503915384349405,0.1344571867989519
0.14084217989856118,0.12923117654357114
0.17467777458208328,0.1500044681306766
0.11080785732861774,0.135373731321687
0.11016362138213165,0.1728812361400493
0.06977787250929318,0.10822749349991778
0.12959327124250594,0.12753730810971362
0.1149624151569426,0.11139374358058428
0.13711849827067918,0.14488845574230566
0.12730708446012992,0.12734132251423413
0.08713047024078134,0.15733705017336574
0.12333272747656808,0.12951898430236294
0.11837736057176534,0.1370100207024019
0.11374349466917755,0.13648350616371444
0.07784014903813527,0.11678055674340093
0.04594678647760239,0.11484180328990187
0.16381185891528832,0.13556621933973395
0.10828629512869126,0.12650593763961135
0.11579106057600692,0.12553139309070782
0.09139128559365066,0.13198757608935055
0.1218270637109223,0.1284929478121486
0.09521350870478228,0.11002701303616812
0.11244063911994415,0.1271432681518747
0.0641779766556092,0.11139452713243701
0.091938969389373,0.11688147191385061
0.09348335289367381,0.1354672080100051
0.11701283737883339,0.1333031337050595
0.06559288803000077,0.11901174628914958
0.11525133440497073,0.13686403540970835
0.05579838856825498,0.10576184740556677
0.049214145245335586,0.1256215560086519
0.11151488830992488,0.12180070487929645
0.057459311255161294,0.10929938465275725
0.044901278810876986,0.1066087369011885
0.11149543756796254,0.14512639258379337
0.12122325790455502,0.14421245496530868
0.11565459519412678,0.16441379303637843
0.08366894967740113,0.11965824706346818
0.07905709190805389,0.13389978903046215
0.10952276621167778,0.12248554832863627
0.11664212643966573,0.14252076458162072
0.07559648599090535,0.1376177038098341
0.05281231862218905,0.12477950916897337
0.06665533860406636,0.10806769471435025
0.09712494651748924,0.12603029225514373
0.12232485811210245,0.14410049078880022
0.05066474176806595,0.11038326877699367
0.04584643722264668,0.13463702608613906
0.08627556685516849,0.13758130250131703
0.06686243603598487,0.14039415053512388
0.12751828364652615,0.1255972829995006
0.08122367313542343,0.15550869881475987
0.09478481738015436,0.13205741822814648
0.033931219776332455,0.10538505463529191
0.0937064214536327,0.1295722649879732
0.11122290024098994,0.13716497330869498
0.04160049457487355,0.12772438776690032
0.11087482733139319,0.1290605493506734
0.13705804931024565,0.14688386244470805
0.04914529138388109,0.12361053849512602
0.13638652965719475,0.12785282826305713
0.17006017926344535,0.14755999745627907
0.1162988354388259,0.12055974381799975
0.029529666984848435,0.12297213966513608
0.11275505587263886,0.13228368605711696
0.07442491497954247,0.13398814119548386
0.09248460200553756,0.11902118387050897
0.07770202169782885,0.11886054630876504
0.11230707306304695,0.12148611783716244
0.03760084378394643,0.12446453773788216
0.1376754063360882,0.12372063848263776
0.07349899508555251,0.11771594974173101
0.1495983334170527,0.13633825768701
0.13271311148588805,0.1359829000892426
0.052673252163825124,0.1346800635770416
0.08959022925513016,0.13181845250361768
0.11366452898789173,0.17403582988833674
0.11198769447982551,0.13993924225659565
0.07966762947401576,0.11997213864706198
0.1321782220363068,0.1363563821145331
0.1143283017229744,0.13440690664004748
0.15147215038553183,0.13940619860324793
0.0768077316577602,0.13380476098207258
0.09986626685751725,0.1391854064283838
0.13730680986828622,0.12895587591523638
0.04444034292758377,0.10477514008478671
0.06825816380883755,0.11384568368233862
0.12819616282488508,0.1330713559587326
0.019585065907338953,0.1127386774885319
0.11928636029762628,0.1424343597793624
0.13766883440607225,0.13652841184986733
0.11111845285254088,0.13028567694182255
0.1391414444977321,0.1459494107031726
0.12300868872743724,0.13580279175492987
0.09331854606393666,0.17328506217761572
0.09064462058276034,0.12307197826949641
0.10688379198092601,0.12772516917887208
0.02014245895804045,0.12280807544473353
0.12382338281320032,0.13101668875937558
0.07338873998453976,0.1050222825294605
0.08416026422340751,0.1307332956096187
0.07969741922041061,0.13344319762996273
0.09811086688305186,0.12758808248655742
0.11177245930703723,0.1637598083634958
0.03854675548686664,0.12657041115589485
0.08888329478597752,0.1257589757105836
0.06178977948626068,0.13055358096152672
0.11216484630739702,0.16583600179721295
0.12564085255373966,0.13356847698013302
0.15096582586490248,0.1267036224279189
0.06925114219072152,0.10799962492729882
0.09639426015594116,0.1340863189250865
0.10594295899936876,0.13915760316028827
0.12676627119203066,0.14177723558476238
0.09601606662328313,0.15268134879974185
0.12334820120692655,0.134348162213855
0.11737578912979373,0.1465921211634571
0.12539813298745833,0.13927288668438417
0.11780058772095096,0.15057882508074752
0.10013582679363361,0.1636671400293938
0.11457405999457491,0.15307677868551506
0.12327337236591587,0.1401318856995146
0.005366173940024477,0.1243667635984149
0.09429120338805995,0.12481198929830317
0.10445282399580358,0.12878954106492918
0.08486752539780908,0.13121088314692655
0.12829797406391127,0.14840951783727244
0.14285761677863307,0.14017260065369358
0.06684946959135168,0.10699077130199879
0.07340345071029893,0.1324441644989569
0.10950758408553413,0.15473544758236635
0.1329012240345012,0.15404782037425693
0.10746196336479805,0.1266953185578407
0.12445118148221333,0.14063721797238343
0.09640079187915877,0.13162690477152708
0.10261542565035743,0.17250713425849165
-0.008556667908116367,0.11658798005369345
0.05951359434513557,0.12246770997238568
0.10471683775259347,0.11796755713234827
0.10791575207188045,0.13230281749936953
0.05889871005493532,0.10800646183654641
0.15033829433310494,0.13747216665528025
0.07957882387384219,0.1245915957106964
0.0858651152124742,0.11864400721056809
0.12037793240939149,0.14331795534034125
0.09599058475050029,0.11737937279390592
0.1162699339082793,0.1551462337162345
0.11809742235104544,0.1386046974026927
0.11435928464455807,0.16653065517592688
0.017378202557242373,0.12458383658536276
0.1331395231354693,0.1379248685098798
0.07467477517095787,0.10982362908589104
0.11665261642984734,0.12097450481770831
0.1188392776527731,0.13382109164550124
0.10691138355989659,0.13177909068385393
0.09845419209960028,0.15535401787128997
0.06404780564934733,0.12483696680111289
0.10207806601270118,0.13076807634289758
0.1674094976530373,0.14157029109857625
0.14625779377038475,0.13522806291314127
0.08303479004975035,0.11123031950253622
0.127023914363715,0.16608342630350406
0.10242297822470874,0.18548838543192703
0.08245941143345101,0.15971002004708248
-0.007084297446179361,0.1241297308350282
0.004746562180387496,0.11530634494929183
0.0465219909717521,0.11419534032828334
0.05404940045023894,0.13052039044801797
0.1268830515729585,0.12475694559777477
0.06778902424576042,0.12125193733239831
0.0867978182265604,0.12640529769827114
0.11806294305049467,0.13939930104640044
0.07239889140347744,0.12378505243522672
0.07266060525269713,0.11773462356093664
0.10767372234790229,0.1165726819746216
0.09253774221647484,0.14920924410697425
0.12963736210974153,0.13990559654438273
0.09424088203670841,0.13892544827669234
0.04915308726773729,0.11788692439295129
0.10824299233152067,0.1325785487115755
0.037024369587941135,0.12227745433081887
0.10007427647507147,0.11358964744532984
0.11556490336588422,0.1225074917764707
0.08686171858406973,0.17244629408499135
0.06125470527770338,0.11257270888564558
0.13678398561683602,0.13846847467802226
0.1248761232009493,0.14203791103227537
0.12788181805835264,0.127738340447454
0.12813178455694776,0.13559348469725865
0.10145339063404905,0.1334742633371403
0.10610850979369309,0.13058302620291568
0.02587567516618769,0.12021528293859791
0.1453279069682262,0.13695744373357513
0.1025382619899349,0.13358823222243948
0.031416413286918826,0.10924556580629562
0.13031483667621974,0.1461464859297945
0.05898884456314419,0.11330688454616024
0.07274608168633555,0.10688319937185317
0.09898979715864238,0.13236026692109876
0.08860702796891481,0.14694206615921715
0.08794394079351918,0.13789042156812786
0.09307676546647016,0.15527863248433793
0.11926843858959701,0.12841717139726114
0.13398079982963543,0.12792312622384228
0.1113390232622708,0.13399838453246105
0.11707533156077701,0.1391753348153485
0.07736328537957836,0.13452040333073317
0.03554158486744959,0.1113571550222464
0.06246223051018862,0.11776716709820088
0.09567296830541568,0.17117893854280827
0.0886530617764996,0.11087798090742931
0.09859686699028757,0.1170006905951248
0.12313520159823017,0.14190697848186368
0.1211067377620656,0.1427773817312116
0.06201544593174127,0.10928132955343157
0.1393908706387098,0.13745378554853743
0.08982721170197619,0.12416237997141247
0.11742235219071623,0.14375596338007554
0.09176477671617427,0.13237642784140563
0.08653822503425983,0.10815505636637097
0.10834232671990146,0.1319768593276279
0.06179433323995779,0.12487138873315276
0.1441190006852881,0.13353897062684314
0.12464985134593604,0.14427578153774884
0.052724984201469594,0.10824935393994607
0.07879911034267532,0.13024939098967223
0.1452009832488529,0.132991693438931
0.11634062026509406,0.1486405532547254
0.09202726422546224,0.14452446559082294
0.08399780247693532,0.1340520821535995
0.10055392375364611,0.12586969967250852
0.12893732263546467,0.14650405873785086
0.12196991586978215,0.13148388236842698
0.1445581151845547,0.12933928435814226
0.1379850312590591,0.14188642460191037
0.08526323200192357,0.14455108302953953
0.04081813974276418,0.10984988883646177
0.11785381678299661,0.15076311714232493
0.05861473926754386,0.1074750050353943
0.06277417397899812,0.12484075153669387
0.12465957460368439,0.13068200339653338
0.12937274858937925,0.12995546513779388
0.08456054742738581,0.11544447756436604
0.10663520798837706,0.13292540996506247
0.02841627048498804,0.12485959507973589
0.13201099251412188,0.14614406210511324
0.10717694638473252,0.15078617527402252
0.03131050610010516,0.1140289188009399
0.06553151731846646,0.12266789629375048
0.11618081933064917,0.14803170549903502
0.1224725682146179,0.15004882108402337
0.06920209234599525,0.11601541429575009
0.09063533149483136,0.12861748566283418
0.10377549460776143,0.13406341351148782
0.12310389304244578,0.13467335471778466
0.07148159993416878,0.12941676777805225
0.12046257630262822,0.15181836260037143
0.14058910948373332,0.12494694544085345
0.09525526216870385,0.11434185977233997
0.139771603136163,0.1550201410990166
0.055087073404799035,0.10406583094933734
0.11369791030397261,0.13834943637849165
0.07322915763190464,0.12621969101805372
0.0693616592784202,0.10681426593323409
0.078592658989466,0.11258670526620693
0.0894681134239694,0.15406258856860705
0.08298202468282592,0.13002774713017531
0.11022328050186822,0.1234055353995201
0.12611082412918068,0.12015366631762978
0.08331211691746505,0.11710428977826007
0.036802619556149274,0.10783941267887517
0.11317928142579842,0.16163367982599966
0.1207211487246845,0.138936422353047
0.12370588245364962,0.12935828658540985
0.08843018206138355,0.11678829082741536
0.12436929286106474,0.13281256708101538
0.10672649167387734,0.12172216975693227
0.10358083563602162,0.13428639042907303
0.08049659705431574,0.14774875077373298
0.0898102211350803,0.11188429920847154
0.032493448250925545,0.11643536572736635
0.09075882356859057,0.15653525369207524
0.10189348377303753,0.12098130201444444
0.0025492091945654577,0.12208485686732568
0.13931794074791767,0.14295792978849772
0.05774231917602452,0.1230457363083957
0.09111132580950025,0.1152199999814021
0.12745996259422188,0.12827408792185582
0.12597427866285452,0.14676478518606914
0.06947480675520376,0.1094250168601021
0.12458304426437583,0.14308808236324508
0.11332897861693263,0.19452748595196476
0.04015908279117971,0.11063210750726063
0.08340847878115437,0.11016316502349528
0.13163469590526308,0.11742282997343839
0.1253714535788301,0.17253100008680766
0.13059188848497905,0.149222541960165
0.10461631800364667,0.12825844563701472
0.1109685896341722,0.14239984935589728
0.11049814669475364,0.13568656755546532
0.1188144024284655,0.14205826321603354
0.09570310306186858,0.1558376785780747
0.08330140798984544,0.14251562323813577
0.11556357591144559,0.12726545764810268
0.07403448836274021,0.11776362911170703
0.1180878845191523,0.12267422160981536
0.11160240327200613,0.14236510415338424
0.07021041611125461,0.11059338155987072
0.14590828620805474,0.13384663158410004
0.11183652868927858,0.12874396605995325
0.060394530170372246,0.13165114623713386
0.11207726656461335,0.1306180410970667
0.09935010683293573,0.17227340455089726
0.09574026510670733,0.12488942913692956
0.16189956680237044,0.13415556996588976
0.10103577916777971,0.15558518042362873
0.08013074559818631,0.12100399186946555
0.10947416084003884,0.15807142042222433
0.13623948497738483,0.12513058478095598
0.15312063785750235,0.13609070428584116
0.1462591761740161,0.14130026494861442
0.0643616735237116,0.1148407410236156
0.13473652613805853,0.14111702581837748
0.0575300829090717,0.13089576242400483
0.07245672523587875,0.11201797429714577
0.10181641301831863,0.12487263207347696
0.12215834042014115,0.1409026767824592
0.04789073957796651,0.12203435134253193
0.07909902881373156,0.11075395349791269
0.13189477195760563,0.13178834285708851
0.09802565248842587,0.1302083505272797
0.11705990396087187,0.12999173023876376
0.032335887827498175,0.12291989507921375
0.12379518499331617,0.1388228768689512
0.08542602500587061,0.10810441426766483
0.12193888104501727,0.11873697077954727
0.15274452352216483,0.13104543686975062
0.09168763142118298,0.12368324670846342
0.13008098852533856,0.12263878723191482
0.14007556151024955,0.1320775958862267
0.10542791695953832,0.12451750004277032
0.11003262398814509,0.1595540207486519
0.0937117475097281,0.12259000230383116
0.12093052684753017,0.13480641132960122
0.05541830524355421,0.10814100641643995
0.04928835052449885,0.10789414067135711
0.12060656395485889,0.14280377300332323
0.09230756161471881,0.12907772157626604
0.11053797911344902,0.14508741179772766
0.10717111394759596,0.11469453170087157
-0.00362996680395878,0.12296286865809358
0.11659695623878807,0.14712846830380297
0.055420870407384484,0.11644211114517196
0.04622339223954086,0.13179374421042314
0.09795736349773769,0.11550545467562025
0.09903652109844505,0.13857222790985946
0.016329773795026183,0.11364080846289648
0.10410844462379275,0.1335462694699194
0.04873454317214849,0.13162262894654847
0.07311073931712278,0.12114538594271974
0.13956901789908457,0.12640451656810872
0.13770776911717794,0.13954149857990147
0.12667193153371872,0.11932146597843286
0.1193260751637544,0.13261770713093868
0.11355991140393709,0.14082607283545498
0.08828402757170577,0.1348813890943877
0.15237778030044105,0.138338405808805
0.12426987610882671,0.13037438426967474
0.09652176992221162,0.14431413952557756
0.12120569785826872,0.15246994550094578
0.13135636000789638,0.11873626705116774
0.1341386687373457,0.138508290439373
0.1267974047436889,0.13661435815918793
0.1187693720047709,0.13012657820029247
0.11509011422997928,0.15565517590841546
0.1032177498811156,0.17517776080515812
0.11027191513365606,0.16377593599436438
0.11527813406487372,0.12244639338515696
0.06920520678520997,0.12080376510114206
0.09158205863278555,0.16526285499816676
0.141190348543889,0.1271850208235111
0.08969722147360099,0.12902535952209893
0.077332348803428,0.1456377131042498
0.11249211569065147,0.12263738914461834
0.12741464122953536,0.12198708630502496
0.11613533055823745,0.15230964243258177
0.08003206786087534,0.1104278305092572
0.12302325441725269,0.14626230297666656
0.1250402432536891,0.11762731220895617
0.14180153141883162,0.12355743435248329
0.11242033125401829,0.12791908602533622
0.11098487906345798,0.11582942909407921
0.07839043413356406,0.1292278249213587
0.10105244414938176,0.14092086140967097
0.04805593283434803,0.11836816076366755
0.10702269922250743,0.11745867556089479
0.09157628670816531,0.1434524801825366
0.001847439266342052,0.12866103343120622
0.09460874337346656,0.1485523921277081
0.11498836918861133,0.1477186752048711
0.08706388537628448,0.1449771288960392
0.1536111990434649,0.13321487841803237
0.11091119688752077,0.11875980166109784
0.04137176549537616,0.10676627237336539
0.08670528934271671,0.12415752381067002
0.11373131931031838,0.14740261574562055
0.10453394227690019,0.14535758012108102
0.05413338763579886,0.11437247787013875
0.045039899558721785,0.1384748063321644
0.07343573966121829,0.11165419109209533
0.06789614153537282,0.10300175736021257
0.13679769379226311,0.14436115006407935
0.08067253047355899,0.11720099655574442
0.14004435095527154,0.13099640221978848
0.10224771460503844,0.13035213202875612
0.11314379304208638,0.13811711488596376
0.10111586563037954,0.13290024341175485
0.10884215416816863,0.14637845502089264
0.1062039578795832,0.15006366076742025
0.14329961639767894,0.13159420492439466
0.03819162100183744,0.11244677566732246
0.1335853995360804,0.13586472430644367
0.12891083290958985,0.14759506312366746
0.13457896213938672,0.14766585509701022
0.10925563050334985,0.12445613090430493
0.11144920951026857,0.17514960317718506
0.10202076643604929,0.13265089658717033
0.08181360981438955,0.1400053362065512
0.09274493007488771,0.11888990047410006
0.1161073091042651,0.12939461467733387
0.11128096717420405,0.14613052277510574
0.1371993838942009,0.1340359265322041
0.02583411385423833,0.12577197351556318
0.025087151028832536,0.12315453401905366
0.03396925143123013,0.1248274449350991
0.0855993352072335,0.12404727727532265
0.1003206888547571,0.12488212611310087
0.12543261814631848,0.14332250219795745
0.13832746263051915,0.14057608810131123
0.13831650217796496,0.12963613527952628
0.0868008819735551,0.11963930583273019
0.13269481338504066,0.12306856260290625
0.060935283591705566,0.11155346227795969
0.097780317701601,0.15599483957061647
0.08588325623930441,0.13077967565736578
0.12070519251270245,0.1177673226781918
0.11904211631286186,0.14345735687640507
0.11710485108988557,0.1595893486509092
0.045086572962624735,0.10813300701835524
0.11736816212297627,0.13742544404903492
0.11519954736178073,0.12867861845464296
0.09373415670351809,0.16390674113112644
0.04945675337426241,0.11401540746706619
0.1097634979380386,0.13061167245210537
0.09289530578629769,0.12887029147611825
0.14108333148565083,0.13905259550166377
0.13133957717014766,0.12426781218875815
0.060143740045125474,0.13304923100150073
0.12054287511259344,0.14819017854711342
0.08978101898899772,0.11461377740555466
0.061887606386225494,0.11800664528535283
0.1301158646079401,0.14552642868564142
0.0685338620030662,0.11908915489547652
0.11055896058248035,0.163941282023363
0.09732508543070573,0.18240449376399154
0.10116169200074589,0.15417646565248577
0.12148436863098439,0.15713818262175225
0.09433078183786174,0.1261090895630036
0.07691105346773673,0.12210389854275798
0.04102509836564021,0.11178672362571922
0.08214819525097145,0.11729923099798122
0.0759843901857688,0.11482505199100185
0.11268202255486631,0.12396774909279133
0.16419946842400487,0.14181008927965427
0.08799804947416301,0.1686311049443156
0.09460265111771227,0.13701753253843332
0.10091471024156688,0.15938990122116065
0.14610707117320135,0.1391622814458088
0.08333269118032809,0.11927043065539844
0.09540219395845424,0.1187190358710575
0.1354849086781621,0.12587621017456235
0.10291484954260387,0.12808317099881614
0.07408902339299242,0.12293809911522101
0.11458133426539693,0.15531454426299357
0.09937601921294531,0.1443195343848577
0.03280218516074458,0.10550526616884247
0.1184958584531145,0.14010146563272244
0.09845548875095919,0.14279766772826072
0.08450375265566824,0.125234971832087
0.09377593295912948,0.11029633671538054
0.13960801670903225,0.13147050845249217
0.0707442631934559,0.1159558171916447
0.040227490847760325,0.11881178968369696
0.12486157126572199,0.12349219434007919
0.13925547588343384,0.13436370851380092
0.0746015911240491,0.1328172217242289
0.12332734322144923,0.14128133740301232
0.1379624090167805,0.13988757800379412
0.1295396643482156,0.13167953658704512
0.13667346017597742,0.1269028104526418
0.012179559123843324,0.12140395462935118
0.11401988288013137,0.1433642526991669
0.13289172774066738,0.13407985578122072
0.11138206071717502,0.1644265337017836
0.10483240579858139,0.1458893683663038
0.05904779702574367,0.13705109979023142
0.07231112862626074,0.10836292806008961
0.038969095592948776,0.11365271312921206
0.10342756660298305,0.14578246188015342
0.10736007277927814,0.13158316793522806
0.09380185769112032,0.12410786546793132
0.13684275021147507,0.14247760174455634
0.11984302496086988,0.1469434894705825
0.05366356492868777,0.12282505402602291
0.11631653432339913,0.12055221437724523
0.13521085369343838,0.1299480509866707
0.09752056639989379,0.14221777300086724
0.02414196693170573,0.10895256119981606
0.15971071432847775,0.137237353389833
0.14677939924860653,0.14364579228380311
0.13695639264223924,0.13302044978628533
-0.006529144561585515,0.12656037162519077
0.06121540317500923,0.12465015062942876
0.1084113621833529,0.12312108922692606
0.12901637655510412,0.12450589144164391
0.09496686109604177,0.16084768947488842
0.10336445104916725,0.12655769095508856
0.07176484697833914,0.10348970649056771
0.13567960362327416,0.12768365877026977
0.08443990979432123,0.1275046234614428
0.11442675977599118,0.12636938070083883
0.16554079376201025,0.14595521382902854
0.11015910328396104,0.12600383892997336
0.04392494325820297,0.11531060645023639
0.045779214008254826,0.11774971226137569
0.05465979051081739,0.12235564201496706
0.09946389173636222,0.12020082018933054
0.11528279396202135,0.14386289071290514
0.06547915755975953,0.12253149287860923
0.11824284641516203,0.15779810797312105
0.0739219692120117,0.11700106453100718
0.12467335184412179,0.13406513032700862
0.09826714146097132,0.13887482527948092
0.10742520550342581,0.12402773347302308
0.04686929815959989,0.11372497996063038
0.10022822163802673,0.17395261024495282
0.10379908994952217,0.13976054551027395
0.10587472319953851,0.1566391152084149
0.09764952172967986,0.16793095370347785
0.11691488761447894,0.12445450825273878
0.13935938954985017,0.12949119635203024
0.056984121321768375,0.11135435224071559
0.09718068127908128,0.15041203303187406
0.11727180499960191,0.1454224114527341
0.08386913920850976,0.13738879697330417
0.05702175931146395,0.11031653075381927
0.11053978442386173,0.12437530551766358
0.12695236037558258,0.13796149622664408
0.11538212555062247,0.16474377904669396
0.02177190352955507,0.11914904396990042
0.07430522643699994,0.11995605411072595
0.10957856572305008,0.1479271190873383
0.10289818115652437,0.1691940295258649
0.09196405601156486,0.11682419736926476
0.0641522048207362,0.11107686451062436
0.12595561945125733,0.13377403939980279
0.1056420739842224,0.13025947361269571
0.15222311357889443,0.14543136571622936
0.1166320849287121,0.13035912737602445
0.1184466626659942,0.13292931269112454
0.11503311404405012,0.14031567523796407
0.11077802061426793,0.1414163983587613
0.12289400060613387,0.17115131661038693
0.08021177384014677,0.10651445553645497
0.13077786338114136,0.1370231394812028
0.10821738827411753,0.13469603573571748
0.11374114906627036,0.1613929538327756
0.14286867286954993,0.14400731251461127
0.07786650028708272,0.14410250203361225
0.04680859382159591,0.10608601632171401
0.17890076509974093,0.16624755667518384
0.07846683895119905,0.12562106353077662
0.13301490784679743,0.1384458718713092
0.044770016571816784,0.105221090699172
0.13520375624738615,0.13238889034516457
0.08447877953168331,0.12023231156063592
0.1267209199116174,0.11952197719092957
0.13113472547946947,0.15402662651148727
0.09716917511903761,0.13737993359840353
0.13574530352678488,0.12695357870955784
0.10410459028958219,0.17103016428132492
0.12293910904976756,0.14161805273418704
0.12943496946314142,0.1367397179498466
0.09657597817687234,0.13096493902457515
0.10475463355678574,0.12175757221815436
0.05143422867764884,0.11801519394693558
0.007093348805529937,0.11228252498328617
0.13011977207816627,0.12708455841347194
0.1318190829095594,0.13269309460099427
0.1491818320658455,0.1312260526689141
0.15189649301101057,0.14095111556628834
0.1204671670578331,0.1732764700497666
0.13372646742983257,0.13854582999210413
0.06998329996201917,0.107840292191503
0.12508870055863797,0.15618570460228257
0.12326321920242975,0.14616952606664702
0.10503248933869148,0.17016413760229956
0.030391015334085943,0.1169888030012323
0.143096265034013,0.13542313758335248
0.13052614709202756,0.1485759187614817
0.13301263718892872,0.1290213863086405
0.08998187956796669,0.13531720998666052
0.0905968457163611,0.11933127336583718
0.10600285191339069,0.13128580189418587
0.10213649848189216,0.12333020267498025
0.1196992205728954,0.13306539983861798
0.10290007435625632,0.12229390855064416
0.046483072935648434,0.11437591609095742
0.09267383668320833,0.1677236135704626
0.11484177289134784,0.13339261949785852
0.12416749293227822,0.11429424874517743
0.09631170795106377,0.15545685667592618
0.1145892818062114,0.17309176472563353
0.03184132942929524,0.11872254431363014
0.05102506771430872,0.11218601527721156
0.12495019227174206,0.1213190426926456
0.013799714086133938,0.12005829712173863
0.008247754197620322,0.11072728172655989
0.05910282922299458,0.10553900837257121
0.12571319289815677,0.13363782845575123
0.10422685148985497,0.12896458234794264
0.13653731957601145,0.1372085655686429
0.08781922093471584,0.1630016109022683
0.15919971974407,0.13324134015005232
0.0986773578382385,0.13274968810475246
0.12589062237729207,0.1475672257015557
0.12319875442878744,0.14504760515283308
0.10046428172974173,0.12265171923958457
0.07125382661927254,0.12335310629272686
0.0830002784705824,0.11257626345376265
0.15222198394098674,0.139673118121799
0.09961603470433049,0.14249570199690773
0.1394901809855366,0.13520905583057655
0.09493790346034615,0.1671185676999479
0.12155113488580956,0.1353853096653447
0.031677956353226545,0.10628788570420361
0.14642499106687865,0.1265286258381619
0.10617241850486402,0.13713564565161757
0.12568611135155755,0.17894837202917108
0.11700380519107473,0.1320536388974199
0.11587717765288437,0.12630528006108557
0.12732872491018368,0.12170262645761216
0.0661927589890349,0.14628629875682467
0.098845858583493,0.14075419182428317
0.10848134221168268,0.11754312743840002
0.13203037780413873,0.1296460192411007
0.08633734142415589,0.16137284769319302
0.050831386899778654,0.10835675262665008
0.10969835332209613,0.11638836945034992
0.08401822015420428,0.17929179259424335
0.11589890507112242,0.11369149940021377
0.09841744967715244,0.13497239366515526
0.07655193450727121,0.11531530104479162
0.09256250382143337,0.13951847147289073
0.062168631509584515,0.14082394521124417
0.1279974952092966,0.15565882364967748
0.1385899559945079,0.13474616754809027
0.10463920276893172,0.1108508745609599
0.12403684452940528,0.1419367693256393
0.10840983188224038,0.12796788396520709
0.04964128929357934,0.11447387531398505
0.12078974155909597,0.11953038571870434
0.11190078104900104,0.1598154723928823
0.10248934117319197,0.14930348918164216
0.12249352031055179,0.14137962119702413
0.12011431800581363,0.15982917221621504
0.05529053797099556,0.11793074866938139
0.11814024423821075,0.15330801753778936
0.05336073668357521,0.12347751786389687
0.08154674282387288,0.1356184612363075
0.07211012036573713,0.10639686007518184
0.03693464077577384,0.11792528855130124
0.1294494074533096,0.16322212477955472
0.10195353447510526,0.12758091015002293
0.1123457405541659,0.14103050941575404
0.10302189580643814,0.14301071387180625
0.12343652285232058,0.12277328633764233
0.11561856214588163,0.1384565276637927
0.145735971998128,0.1407950307959432
0.10046720325733632,0.19152882351761988
0.12465882876522791,0.14345865125044321
0.048815261993823536,0.10629655924305294
0.11625532205020853,0.12113011946150817
0.061021569628399636,0.11626014415047746
0.10008945340456533,0.13527907549621868
0.12150415256077679,0.14097193414722395
0.13316295803817685,0.16454696049444648
0.11473443277407158,0.12469376789830566
0.035976429152853484,0.13026001465384326
0.1270346187189063,0.15270638291714536
0.12603370832600877,0.11937761467192927
0.07825913774756707,0.11520728536034038
0.021880630711889455,0.10936806541138297
0.14329509221533457,0.14387820381389382
0.0725349714650138,0.13981895882401674
0.08251006923798002,0.11949483600836307
0.10200393675668791,0.14082595653506447
0.1242886315426017,0.13762073245204856
0.11497931929392358,0.15445420350185596
0.12455525006721771,0.12891235291654296
0.1121086156836621,0.1151187974902198
0.057211130056021416,0.10929114290357732
0.15270831468966536,0.12927321377953674
0.10044404597948409,0.1643480043438346
0.11257633602208339,0.14985961817735055
0.12842579153103206,0.13520148257315862
0.06447671817754529,0.10553053571204717
0.07886224393897634,0.11340888981108782
0.10179821326431449,0.1371825646853844
0.07845338963808403,0.14492016156896398
0.05368938041398935,0.11664471179796443
0.07987564221908147,0.11662610256382402
0.11853965810914209,0.11969718773484887
0.10964686315639567,0.11649227898343177
0.10428209193707269,0.15046377750522869
0.08820244904850395,0.11506506137354736
0.08693822028031888,0.13779353375203635
0.08929904263061583,0.11588401973390255
0.10463502561350589,0.11752580140413336
0.04288383070033331,0.11422516625084962
0.09367792306816913,0.15120735048693054
0.14743495604864215,0.13713746480558128
0.09077945561391448,0.16345261700023428
0.12356696498763646,0.13835654967372324
0.13170115533880178,0.12498689554104044
0.11031687767376225,0.15412065294605598
0.13134892555319597,0.14496313572762679
0.17049851783392744,0.15390061802230645
0.03601942685646821,0.11669813660248701
0.11656712362070239,0.1619655825793929
0.12757487552913155,0.13202611172531797
0.08845190046800845,0.12394952984143147
0.09412573277803067,0.14514227597852855
0.10076201421055506,0.1380142046398044
0.12240219926076672,0.15529422768122053
0.08653268707073886,0.12319766268453836
0.10468023988620115,0.13821940351455558
0.09880007165588581,0.15329482729919844
0.1031297828211607,0.14826018292450394
0.07851874936288016,0.13504262452642957
0.13812992760150464,0.127464740931173
0.08101471139094951,0.1385257203114596
0.12664638863473954,0.15149235263945565
0.11677038953346752,0.14353156771285205
0.1489298293799188,0.13381107139541285
0.1285026381980875,0.13253402589925403
0.12788743950446713,0.15995206935076436
0.09555627543916882,0.11658920094635847
0.09257963167404767,0.10966433846865742
0.06339755953164344,0.12354740349516219
0.12472261777051469,0.1452919079578069
0.11521432829000341,0.1466913837217016
0.11418351805073755,0.11445323909120485
0.12202917209450458,0.13478648032457013
0.11177298483900862,0.12235080956351642
0.14214641577617393,0.13713837646526872
0.09498787648168547,0.16622512911395884
0.13950404901570088,0.14537027248318637
0.1024656927383399,0.11534341411200023
0.10440827524923355,0.121211312283611
0.10978998358651747,0.13986382337505168
0.1025297495605069,0.16885538091044452
0.11515745738949021,0.12746164095261747
0.102515959945878,0.14978859224543262
0.0915318800008231,0.1213509944715968
0.12216563137446387,0.12852255234824103
0.13546841009473937,0.1284499751802469
0.1177204814801261,0.15158579361136948
0.09714057384803812,0.11872089666402366
0.13596591285966403,0.12734409134760924
0.05342842166170008,0.1332909916117995
0.08913900191878392,0.11362472389415434
0.11583024592892698,0.14664880400407165
0.12850015132500126,0.12294100978686084
0.10157733825955266,0.13553254026393696
0.05698417142881447,0.1104115909388454
0.1347518035875197,0.13325832997007742
0.1378437194721826,0.1341651849978382
0.11520930928373004,0.13248139647861681
0.06366219225885071,0.13890531995025843
0.12864786992490365,0.137382255334791
0.11148161772185927,0.1215549375865455
0.07307255902527633,0.11951528807246024
0.08848364963355418,0.13638194784646732
0.10277493139551769,0.13936571346848725
0.09037178174670986,0.16267339618342005
0.11851766835596542,0.16447811916100727
0.13138913650576622,0.14893874392404619
0.10853899270318748,0.12933631919570904
0.05229147867600104,0.11431097126476125
0.1320705414245739,0.14900437792701454
0.10135758393806665,0.1245918741241387
0.12156887990499685,0.16030512986597978
0.11030616148677322,0.1327119474199662
0.07461441858071743,0.1118003351811274
0.06035961314628181,0.12860658658999816
0.09916335613897967,0.13795917581146486
0.11598568970343823,0.13599237240343026
0.11005135512302569,0.14408167990188533
0.1357439929039158,0.1444757509652557
0.12173192597932661,0.1372659468291115
0.13668929006982247,0.13060737372526202
0.10369867872833598,0.11619762405692632
0.11890939989083209,0.1343872169492071
0.12592208520573922,0.12334318066918805
0.11859622850011281,0.12409428287428761
0.09298945171902052,0.13186927761474687
0.06426070151339636,0.11554044437167367
0.11125982435718348,0.11889866224452118
0.14802230396612764,0.14591679634425064
0.10278821598843857,0.14223445463244797
0.13706911424036075,0.13263798811261662
0.06929927714070623,0.10570199199031916
0.12984857875112,0.12415857620317737
0.07677198810720326,0.11653859319093056
0.11056586907045343,0.12599604380780258
0.05781064530645466,0.11128792559565692
0.12877892557260232,0.14305004199384838
0.06928714019832785,0.11695409512025338
0.1513548562871194,0.13541913867511662
0.12411872119790647,0.16258801196000816
0.10682497825411186,0.13192346465212923
0.10321606559010874,0.11467201515072777
0.09447736816250356,0.11453505042522868
0.10986039717246787,0.12187607294910242
0.02403931895896299,0.12186718101829014
0.0986785083380826,0.12390129651680508
0.07431333689374599,0.1401210955971534
0.08755563863708409,0.13926301030283492
0.11847533025402063,0.13916872674772082
0.13065072035772743,0.12941008323112949
0.07867549826006526,0.11038749274129409
0.10516899007387796,0.11992306976137015
0.11492642824310301,0.13631793703156142
0.10277095469228888,0.13736062114187164
0.07197150298783231,0.12879428718420982
0.12767521101358467,0.1438614383159745
0.07091940030629237,0.1158808365374506
0.1322293562448224,0.13979157434012696
0.05511141507774801,0.10522357963833452
0.10623326957327787,0.12388677835242079
0.10490602640116761,0.12493579450487124
0.084037678638875,0.10877198094119812
0.12489874100633902,0.13913148047351334
0.07480823023507104,0.13121752309505838
0.12332365050040545,0.13324287631210838
0.11377318176897644,0.16163814337863125
0.12352830261459484,0.13916493268415137
0.08477902656441873,0.11347119360656815
0.10003962042822526,0.13109552304201338
0.1209676037745103,0.1332466866924082
0.049048041725692756,0.11067639814648503
0.12904532194658494,0.13937387306110005
0.05719631575567267,0.11262936711014111
0.12987493194909253,0.12405433290278194
0.11462771931596111,0.1422770196803828
0.1079283717929286,0.14056542513053413
0.1181910012133267,0.1279649842298091
0.09874568649286262,0.1656955726428207
0.13161235436401794,0.13361761244684325
0.040876178388233916,0.10643246287701197
0.12611332421003824,0.124676584629733
0.1125732155210224,0.13088187577643012
0.10986313851014598,0.11362959691578997
0.09278962986690927,0.12559412125004535
0.12861003357829004,0.14160867645964867
0.1285756850889338,0.12297461712768504
0.09544883029848035,0.11447482367034024
0.10415202337408297,0.1701890907598553
0.08321110727954628,0.13527453062869182
0.030801039921762245,0.11269882025191258
0.10277050327722537,0.13053566753272508
0.056302525097238446,0.13351119313586549
0.0781610110663615,0.12292070838325536
0.0695202335035893,0.11852121133232525
0.0999599659415604,0.12314984579602833
0.11971021121275881,0.12857799511006698
0.09302534370486461,0.11582358686044433
0.13756241470939715,0.1262075974215139
0.15133352417105242,0.13544189803552176
0.04511874365024167,0.11888381598682203
0.12415455309692143,0.12753510643313165
0.09100558447232235,0.11962201019668382
0.10307536415511384,0.12821342840264127
0.11250501106090607,0.13147613584017143
0.09589613980198117,0.1609159487896521
0.13164558647581848,0.14650615713392331
0.12904988294416794,0.13688001564927102
0.14702796051903103,0.13017846825612997
0.1127611843112567,0.13095092911350906
0.11258447916695381,0.1265529525781695
0.07838957631535494,0.13838439833351562
0.10795597149269057,0.13780960875918846
0.14494637728492518,0.13704263443268716
0.09234377325002423,0.1199439949784532
0.10013512951157122,0.131261479523917
0.10222042343490151,0.16166685269233716
0.1377628645587855,0.13116799747833432
0.10604729343029001,0.14331510837423708
0.1253486249602144,0.1264663730022155
0.08607415962894137,0.11097777390884891
0.07719406148480344,0.1638470253717636
0.09093667189347421,0.11726170017162744
0.05475839784742845,0.11102519896346341
0.14978209283500293,0.1370897735328172
0.09345563276887707,0.11138125931963214
0.05736123192227401,0.11795425180430825
0.13731975341308797,0.128697354064813
0.1353117217341162,0.1499973969012968
0.11673346368211693,0.1356225337600376
0.15084424374704924,0.138288292453657
0.05376531751932419,0.11656248573033015
0.10919629515569985,0.19402779652690555
0.10778494713577173,0.149380872599488
0.10437043547554069,0.17975598469947637
0.11851432254255384,0.12712002385851795
0.12231863003846338,0.11793757256337599
0.038713990603365785,0.12137131148410327
0.09757991999443308,0.14782190067904022
0.09304597345688127,0.15002267227629407
0.14604489320904687,0.1335208131715987
0.11045686782640289,0.13175322150140734
0.07543796886454886,0.1278385854270266
0.06916718368676272,0.11738296984267875
0.11090805294631093,0.12293070491678086
0.043528114680926405,0.1108444421458243
0.13390964022382887,0.1436298493030107
0.1092369393192424,0.11968056951328723
0.09414712042144571,0.13668682856282577
0.04224301094566553,0.10549255965571439
0.09750181204441843,0.13300727831450843
0.1390064532533667,0.1223116350784181
0.11166014765221384,0.13347918751161525
0.08962853407119264,0.11855155859265373
0.12687479773752042,0.12881301801614808
0.12026308108039568,0.14063991440980939
0.11313414509382277,0.12061576220775883
0.06854507402688613,0.11422225342246727
0.030776542228156664,0.11168133811833207
0.0866756177724908,0.12258370064812615
0.1361299359999342,0.1481229780764969
0.07375720956720092,0.11427052246130343
0.10758418642155583,0.1221777432557263
0.11907422248574824,0.1385946970002985
0.10325640986845573,0.11585393127856654
0.10144506434300388,0.13715246029256078
0.08193256579858715,0.11495863280848631
0.11889705420441085,0.14177635357642104
0.04315199847881453,0.13029457141246628
0.10355696249925497,0.15619213958254347
0.12865875849649872,0.11870991690484421
0.09856526242486027,0.11324667959973687
0.10032592871876035,0.13903074796695547
0.0809578173133454,0.1438736953677886
0.10715199157762634,0.124733719555582
0.11034531492353784,0.1635217903668748
0.11309036746061374,0.12761180655386004
0.06994373140403977,0.12225109306530063
0.053197348238680775,0.1265206298725793
0.08694451419934994,0.15726163123741468
0.09328970478090944,0.15676299064634122
0.10549889679504301,0.14176224004207524
0.09847018777589031,0.13037931093268365
0.07271697753198994,0.13534104279534867
0.110002935135324,0.15485751721537802
0.08994240506552167,0.12333598012753513
0.12486763123094116,0.13761715725908633
0.05697197141999789,0.12328008518861669
0.07868509541226675,0.12485255155220286
0.10246340321117992,0.1438949973141882
0.11829349603476222,0.12980734457418128
0.09870021399535035,0.13179045271605955
0.08332202800699524,0.13521164885194928
0.08774594136138086,0.1310994571104943
0.07241894824253119,0.13151324939327777
0.055882764234829074,0.11023711595434724
0.09009299258838277,0.11345753195183607
0.07068988244329838,0.1290508787462602
0.05647625595787578,0.1070043209268313
0.06581458370782578,0.12341892542221729
0.044090337950895335,0.11517553854800332
0.04689843679340047,0.11224391013564854
0.07592661375228688,0.12549443165148458
0.104683942401973,0.12593677926353153
0.13104711187742785,0.14352530971115143
0.1262962960287416,0.12920396459634637
0.09765781663946513,0.12715608340704887
0.10423558549359774,0.12879512780818755
0.09403111735978731,0.12347992634040499
0.08381372512402735,0.11517473009572717
0.04805349011528051,0.1085013193140866
0.0896318128357004,0.128491465844425
0.10358492014811167,0.12350455044899177
0.10380610559801626,0.11455715151259331
0.07847026232120435,0.11424639678556497
0.05160490974125226,0.13077928046151743
0.11593346848445811,0.15474477950428284
0.11382589330618037,0.13741989772240124
0.1313925040723275,0.13243387538404466
0.1241597022765777,0.1439803514776559
0.13033862520065637,0.1321788908547544
0.08313232485837975,0.12515164882724297
0.12461545971699614,0.1492675391792717
0.10333082655447826,0.1787247440493451
0.08419298937888668,0.1254083101123308
0.14579504144939,0.14858070860522946
0.10691056679089395,0.11487621322656098
0.10714933315040247,0.12873105684145358
0.12821821435240444,0.13931241052317053
0.09665669852460773,0.12344008826926646
0.07547088506757106,0.10896979431084726
0.07174072504683253,0.10863954309694382
0.03942566730865215,0.10930713185787533
0.12173199395179392,0.1442351534250372
0.09741993668333646,0.13719617950673146
0.083855710605279,0.14836574438917768
0.06464882241394981,0.11401554021683671
0.10171616604427586,0.11370260814719162
0.09127375932396513,0.11147578393563091
0.09668234325232214,0.14195520668679118
0.05760793317683931,0.11496903173004787
0.11750429232149871,0.14090373617840612
0.0997815945758439,0.16042465536394232
0.13611195024475242,0.1307973881777296
0.0915258953388858,0.15481625542159272
0.09748723688238403,0.1479725786662679
0.12924250359922287,0.16156903218582824
0.10154412846820825,0.1744823446772641
0.11893117775829923,0.13215612670606758
0.11971753002193398,0.1364635601159939
0.11738228179895704,0.12157716518740355
0.0887062463662905,0.15480185306682512
0.09104026986303813,0.1118837707869156
0.10992305301056723,0.127604039611687
0.11299620860719595,0.15496715502550684
0.14564650785820724,0.1289874567965333
0.12151177201230008,0.1344859879926157
0.07619277617514868,0.11914803116697882
0.09208286228087621,0.11775262707940888
0.12983617700209485,0.13524054802987326
0.11309104960403182,0.1316690230087491
0.11230927620948057,0.15442649311177004
0.11583620527013233,0.12137176843596513
0.07453269937029557,0.13003324207478137
0.0937096156841849,0.12536482836960347
0.12876464298928725,0.14150410646314684
0.11611330663004941,0.16939807991152792
0.032880283837456704,0.11901681393663054
0.12062389344305585,0.1288085718458323
0.07994321113736304,0.127113566186329
0.05900366200539038,0.1104889587513484
0.10880991902210006,0.11405627017915158
0.07526776296456922,0.12342895824980124
0.08255182664444284,0.14844443906573382
0.12778911181747818,0.12246528991074156
0.06655762391291324,0.10721026184137707
0.10924120391236058,0.14525341331238423
0.13549951844486435,0.13785081744073016
0.10306867559454806,0.12528298730556117
0.00048410360018848186,0.12234114128410727
0.1494455629940061,0.13389005734143175
0.11374069891325322,0.13751341271455422
0.11240452098052403,0.12265484616031284
0.11647526043595868,0.13679447874648618
0.11256508751627652,0.1358116531268357
0.08280967607441621,0.14462581056508717
0.1016663613676649,0.13547296425994385
0.1184692714335201,0.14125369253235526
0.08624758537500939,0.12303202792579727
0.08695110906730627,0.15633010159876065
0.12469598686967873,0.1279808866401509
0.0959853417154247,0.11706061962286031
0.12678581867823896,0.12593818777155
0.05916132159002944,0.12400891250242692
0.11941211714018948,0.13821706075239046
0.09183931222939534,0.13336771281877013
0.12233901503079914,0.1290881694099557
0.08970523875671156,0.14763664353212305
0.08577281585487244,0.1643321746044331
0.13045467037063707,0.13971487425988507
0.11457437785538026,0.15721363336691543
0.10086652414512148,0.1412311889249646
0.12935050858284755,0.1259291713451943
0.12692343049883606,0.1273502482610027
0.10026466568710421,0.13708618892805138
0.08632112536544,0.1566127567810355
0.08531365521918366,0.11492048195518907
0.10795238832020658,0.13629918709609085
0.10990025204267885,0.12996393568975745
0.026186170718421307,0.11037544760016665
0.14402536326827106,0.1464816323455742
0.1264935122004272,0.15997462085369704
0.10609696958648483,0.13146412946006408
0.08218598622050079,0.11204199433221253
0.07112828737475614,0.10414919863269596
0.11136588444305041,0.13251751360584668
0.0932237736124333,0.15063395475724045
0.07052623038035066,0.11267827653072013
0.09688479347288714,0.1560942174413108
0.1031669118468042,0.15419981454772247
0.08486362248348442,0.15155097165403666
0.0953818137725604,0.13240950393265885
0.08455049358438865,0.15448254689931692
0.11500721470130394,0.13765121331888278
0.1341249252642956,0.12199704581928031
0.04086459632216911,0.12003125295894534
0.10051170513907652,0.12432365215644244
0.1315224700916255,0.1315351163062412
0.05052354458193783,0.10589991194838759
0.04283838819110496,0.11777905324564719
0.06593645188715934,0.11787955372481056
0.12279437823016155,0.15848959489591335
0.08942690266194842,0.13638291663920782
0.10201324090002843,0.12521370297570805
0.029836135721433853,0.10889351217080216
0.08727303024241737,0.15391983486408925
0.12542143377256404,0.14026933114723814
0.13160603145467514,0.13261336562409595
0.1186009316206927,0.11534177932697659
0.004544470305379675,0.11459123434322784
0.10932138325880363,0.1295890763859152
0.028604519744414515,0.10503928311107112
0.11390217591909242,0.13536226950344785
0.10050491003309814,0.14883516140575007
0.11177789798353352,0.137744304095709
0.09599385334789867,0.12651249366809272
0.07080447472775876,0.12161561983828274
0.09174577568447827,0.1318180564728807
0.1140636775891553,0.15634350808360697
0.08407036066285495,0.11946775642818619
0.12557016743130991,0.15140365731112454
0.09756426294525497,0.1632009843433541
0.09145806436155797,0.12979307542437787
0.09466963871199353,0.1293305290731915
0.0484752000518902,0.11382373320966718
0.04792474281541613,0.15637572083567997
0.10189537068661941,0.16229230661505856
0.13829204730725178,0.1306604016038769
0.08810662925602873,0.12493676209189324
0.14562441200372492,0.14549568986746408
0.09477883287346826,0.14385166223655255
0.11346263474713934,0.1645194242255858
0.10427638592817781,0.1635016310082708
0.08527191942012802,0.1430051483358698
0.10672186788068705,0.11701403090980236
0.14852368330253185,0.14611035845480394
0.1357402944029112,0.14438978644987588
0.1359111209034981,0.1354090625440346
0.07645577974138708,0.11445927722239597
0.10839237648557554,0.14195702556448073
0.07235900574572655,0.12936154391409008
0.11512508254163156,0.12401609059462312
0.1109038063899231,0.12796008856128477
0.10380548160648234,0.11859711244819823
0.12137059550775774,0.13427333016875123
0.13261174114835234,0.12394045384182238
0.12877825000626167,0.126292705352371
0.12273551050978199,0.1422369272800089
0.12420623810028765,0.14031282616103913
0.12693373735855143,0.1282358049825004
0.09958793375141306,0.18092704830412815
0.10465492164908237,0.12548531782689523
0.1626343789171043,0.13622113182200432
0.07070472663797134,0.12450728825317736
0.1006015748211702,0.13681235378596107
0.0644449391479783,0.13694586469981262
0.10968657936333417,0.13707119607149323
0.10902836916728359,0.13524088709811039
0.12446286992242508,0.12543376821296967
0.09512752845998788,0.14612726132433201
0.060883691970826964,0.12891961178368813
0.0688992608935837,0.10692225779818317
0.09379789496707491,0.1409347222749758
0.08352732338747748,0.13349678106567292
0.10471823861783683,0.12055458056189275
0.0986836470681761,0.17001500575829834
0.05037396953000776,0.11708960650308343
0.112325151185073,0.12887077428572477
0.06057514392536478,0.11416848970932078
0.10545210331013177,0.1644498332420198
0.14272181593999236,0.12722294285711902
0.13111566392680185,0.13137116220082365
0.10878843210337845,0.138120485400777
0.041343325260122604,0.11191768178740573
0.13007415831140978,0.13527920040075836
0.12558216183967244,0.16902550776002362
0.1076177040817182,0.15984269905673487
0.1200246000548529,0.12319220026269828
0.13318788955588648,0.12785286634433077
0.07768154283951428,0.12851031804881588
0.13180315837013495,0.12552337808175296
0.03377083134084868,0.11436259595007964
0.013510614005665889,0.11863820800454743
0.09426395750859311,0.15516323151025788
0.08992531483726614,0.1338473188477746
0.0954308637457599,0.10884422059145213
0.10522872511656169,0.13190661993665592
0.11582240360207505,0.14644893477689933
0.0605789007032661,0.12650391770399813
0.09911038084888749,0.11348730389977361
0.10290041774697324,0.11675667797862176
0.0539944044053276,0.12449126966891368
0.05821113494646393,0.1245873585359368
0.11923341962159645,0.13950536646983294
0.08025736624363468,0.14859405300367962
0.12675194167924464,0.12528568012448502
0.15739497263159663,0.1278329174447019
0.1331509315268775,0.12239919930976854
0.10263950778696537,0.1376901688803286
0.06718412894343508,0.13302927866333564
0.11930687130014617,0.13238081876323188
0.02798524660424539,0.10760115462079788
0.032707143104130594,0.10977323105826332
0.04563190833312343,0.1354465817360074
0.1184423652890004,0.13000763594014017
0.043295387348860744,0.10835266721395237
0.17005013358127002,0.14438407930315
0.09610673857363414,0.14218079858916177
0.11545270918706291,0.13561490915365526
0.1277938637570693,0.13873399197493919
0.10063075097078693,0.16559560713000457
0.05015489376113985,0.12337363163056622
0.06312260968756479,0.13126056604844563
0.0965764285735382,0.122807207947499
0.07181148964056995,0.15431871031779443
0.1419882636625517,0.13537226983730666
0.12176300325829979,0.12485571539906294
0.12602350778804916,0.13081793040710035
0.08736880529873162,0.13785847255340783
0.11524779045957224,0.13138597817122938
0.07385260334360341,0.15306077206407653
0.116954356267893,0.12939246126110016
0.14645645023955398,0.1297479936511044
0.02162872077488749,0.11089877917328458
0.06428945146833105,0.11941602594781697
0.13977347803274234,0.1324872746835939
0.10155381452184678,0.12644868956918434
0.1037629969987839,0.12943231776792125
0.10771560558634735,0.12678535656915715
0.10809711836094651,0.14193711015945334
0.03694767838230274,0.11469139546060131
0.1374232898029896,0.13104338862370485
0.02550053390777052,0.1252632014765228
0.11226426232865508,0.12305144375792865
0.06058115478990436,0.14059776078497835
0.15184100718111557,0.14268051555813782
0.118750274894325,0.14490149767712315
0.10069314515376888,0.12292533787706517
0.0972487173193295,0.1789204267009638
0.12206395636266797,0.12806228295299113
0.045121374115588524,0.11405270498237514
0.016544855143324624,0.11150819492582902
0.07164514466967561,0.11083064690133973
0.09111043640901503,0.13630493834903087
0.12115887238617518,0.14795470672037125
0.1313473584729689,0.1433751760606134
0.12581265822315837,0.1316067721141436
0.09249499119688186,0.12932154691420522
0.04360321152188772,0.12663501018407927
0.0962589884573734,0.1166468154648873
0.05717505601802518,0.11586078996527692
0.06914418804446244,0.12212312147461728
0.08870454970498526,0.11748028782587328
0.10969189630144024,0.1406964709231107
0.07487522141310705,0.14319008518436094
0.03234137498213818,0.12309593170582213
0.12393356415335988,0.14152190465015752
0.09988750721087446,0.11691607837816612
0.07573124954593712,0.13032451018613114
0.08920238021588095,0.14440537264631476
0.08689156056544947,0.12538214731115763
0.061062631470779255,0.1186904679164189
0.07523794450130493,0.1573023123139633
0.11729825486060327,0.12276468406741553
0.09090751047657421,0.1524833756563429
0.1351542462449904,0.13856080017408226
0.13489633801039813,0.14346226258360048
0.06646798236266915,0.11016717836801058
0.11691371932464607,0.1386975680213389
0.12972062137957063,0.13270099596617957
0.07337298711667956,0.12442300153071638
0.1004900940533671,0.1806218945833149
0.11300812545552234,0.12039529878295264
0.10126230042461273,0.14150646152284446
0.11601371881498511,0.1437093187149174
0.0988132402424157,0.12101472951465721
0.021449822290788685,0.11888104821853158
0.11785529106932956,0.12441823314080103
0.0836019992534295,0.13800093735289032
0.10186495528068185,0.13297359163658395
0.12617102703631414,0.1213579200629476
0.10312727866986685,0.12124443185207041
0.08823676102563437,0.1665889544571966
0.1134237336702417,0.14931084278644027
0.08175181314813112,0.12399700406628475
0.03010602506012809,0.11544202650940516
0.10863864505156702,0.13046614847174415
0.029255936217367464,0.111149979204581
0.1150321944600216,0.17179483831018696
0.13729734768979368,0.12766359313709172
0.11339246578863747,0.14219489106062663
0.13415580861140766,0.1166797729232165
0.13160511232212135,0.13835325820123637
0.10683932076488456,0.11603093253499357
0.13006774663844461,0.1277315703567656
0.07827675090042387,0.11888084912029256
0.10674100924785851,0.15496388053242682
0.11317639629227841,0.14643733136019899
0.1305231579309015,0.13717521187695142
0.1280096535322772,0.12837987881166207
0.07265310963380678,0.11672342599255907
0.12355932386564292,0.13713643605069853
0.11486962329490362,0.13653927718465037
0.1063813447805809,0.1177032068114419
0.1024958452628673,0.16117031826432246
0.11281307035194109,0.12228681880464803
0.1607815168713325,0.13976340506345597
0.10053395896804751,0.11712098554184232
0.09153946103703621,0.11079581420750659
0.09244135024550658,0.15231395755039012
0.08207825672057867,0.12322513474635279
0.06505480841949643,0.11414567298720499
0.11158191357456686,0.12181861995048329
0.0808419998287028,0.12284401039326205
0.10532604940896227,0.1606650545882845
0.11575847334574396,0.11938393559235884
0.12843678075800133,0.12186279648493725
0.10287902602846243,0.11001352903058587
0.12871895708121395,0.16217504653372905
0.11362494596172906,0.12569967103563603
0.07355525893574144,0.1369165228901147
0.08720190860507208,0.125165057778847
0.08543897576478182,0.1315209640309378
0.12638250428663736,0.12786330824713768
0.060606270582123416,0.11969693300090474
0.05019481797219541,0.10344479841250483
0.08723223479114897,0.13210314312484225
0.10130824826600464,0.14646630480948547
0.0748022272225479,0.11411337944550125
0.09328335402885556,0.1663879136107012
0.09638038376888235,0.12909808076900395
0.09253174496138959,0.14639775713897715
0.1305905593751088,0.1377381846765751
0.13146396594702517,0.1421145527968601
0.11434367741234305,0.1314339611672093
0.08795525905588018,0.11801564999813939
0.027025093251976846,0.11264001367053134
0.14479594380000177,0.13479028116389152
0.09559621262249807,0.1172120410838112
0.04665185317881865,0.11100058482811066
0.13474217391302973,0.14019427931311257
0.12334670641309828,0.1351509283124157
0.12078418134960157,0.1371844034829267
0.12183116225362126,0.13680997579599646
0.06885826075654185,0.12186449349423084
0.12771357458304985,0.139552847297149
0.04496453580428403,0.1140981324034169
0.07315879865758064,0.10594955346777779
0.10508286979057736,0.12209130480204293
0.05831126591819463,0.10786297669214823
0.018589847821573476,0.12056933727576627
0.1362644267996998,0.13586352691265455
0.07443108768069565,0.12169722509634208
0.10429940144322909,0.13694172810820995
0.10077548051559575,0.13542777801858083
0.11665525827645083,0.121883970743183
0.058303777177031516,0.106842707266533
0.10959675722856979,0.17544397588020802
0.1134699109760858,0.14013412553851717
0.06482083379206188,0.1495085723058701
0.11268003401543122,0.15129685003928783
0.02815798812706902,0.11459348697161803
0.12879138579414454,0.12128646241577562
0.11163325627354634,0.12043442984953773
0.12497538188740157,0.13679004949560397
0.09023904742529613,0.1270813445646579
0.09363755798883804,0.134238813305896
0.11150079658421996,0.1268957704512839
0.12516342181874524,0.14338481842912007
0.13683868325321147,0.1394529860405459
0.10372691821979635,0.12576050219349372
0.06586885095941852,0.10468070815144973
0.10093534668823653,0.13178337970386747
0.025697884113282648,0.11524714170133973
0.09091916465495713,0.13722773946090955
0.13445059843941914,0.12618115821729337
0.113239807169976,0.1335073413802376
0.10431815744449903,0.1308750600841055
-0.0065166146739065005,0.11687172676890654
0.11826600088859027,0.1292652026641182
0.117297470244149,0.12528998793323548
0.07802275793412758,0.1259872316845282
0.06866488677914523,0.1167836106936764
0.11040571128353721,0.17970617546654863
0.0473544026438462,0.10466308264733142
0.09285098590347857,0.1214649204296398
0.1401520593719474,0.13029503858463126
0.09682693976582737,0.17381140009148935
0.1452226763535215,0.13988137863049568
0.10708315109321717,0.14691928029074008
0.14199366604572455,0.13658605285499992
0.1166046375853534,0.14054203753586775
0.07207280528767589,0.1145321141872529
0.015509323785642945,0.11468996776439168
0.07450728196242166,0.12850378086417022
0.12799513952519156,0.1390052577298206
0.09741046109091687,0.14437616120670907
0.13774685838856662,0.13427331045113228
0.11699779176710022,0.13827024464589838
0.049350606858920544,0.11284614751198287
0.12183965783140273,0.14386097670407316
0.06709579497203245,0.11583346582845908
0.1301795077926571,0.12188975867850782
0.0991065774096346,0.1434117106643684
0.14083817526987108,0.14145198418235738
0.11148777987820999,0.12947064300985447
0.07975599944176669,0.149309556322276
0.11355739145903326,0.1332384925390658
0.06561045613035767,0.10274001173838351
0.13489966809046738,0.14141129997923194
0.11925447383088877,0.16011343786631654
0.09590840249543935,0.13365517071680244
0.115264003295789,0.11790865859803756
0.17152059073088807,0.13780381038740722
0.13152912627283414,0.14512274695923805
0.08166571923830847,0.14927727354974993
0.11323607969352827,0.14304706061426084
0.10536732259355713,0.11943985621175528
0.07364062543307613,0.11931405170292742
0.1261714244006394,0.12788093185195143
0.14277939118481273,0.13151979921540782
0.10242249057462195,0.16828621390968723
0.1424778534615697,0.13897823035260395
0.11001379511246111,0.1526045452372637
0.08342761052354312,0.11673356553050385
0.10910408618889653,0.11580344308203684
0.13018170536987647,0.14113134803248448
0.13865317490884843,0.13347497203778375
0.15439390216602816,0.12808270180132655
0.026041212920444763,0.12083907385190161
0.11057323002609094,0.13169333316761214
0.08220329662544087,0.1296652299054604
0.07991718038928551,0.15198807235509287
0.08284978748740746,0.11769192992384565
0.11292808325567194,0.11753974119660357
0.04203417992203519,0.10755300807081941
0.06975781602644637,0.11252562309869861
0.11820666946572675,0.1798622724273539
0.1300110468173679,0.13245980819932135
0.12029324558172003,0.11962607319673337
0.05753084315121973,0.10757205133755343
0.08882318475992648,0.12600317172244616
0.07378817288174061,0.1365486107466836
0.013202119283874672,0.12575297678859454
0.08154345791741652,0.12311862947262456
0.10920807299389083,0.15570236879310018
0.10911959009627811,0.12050574192378401
0.05236156992558802,0.11848778405623153
0.1090702103700865,0.148352375673096
0.02529547365762918,0.10874779645440331
0.10764568087510756,0.12185466869617122
0.1241755602522769,0.13740240913639623
0.08423658517590542,0.12256610640755548
0.10487458152432264,0.14842227524098162
0.13419066753715211,0.141740751552257
0.07134055923030122,0.10829036469523587
0.0838181908412249,0.1444643163079189
0.0702459400864967,0.12395746404086332
0.042602979812113126,0.10559436884580872
0.10968702653032882,0.16857546477130098
0.10456642643668831,0.12266094165865624
0.08534780624812972,0.11094385398434613
0.14683332168466862,0.13220114076972825
0.10352969346907645,0.132301926572624
0.10368406927787868,0.12763211974870198
0.12931340515007406,0.14585169209791718
0.11489656811485274,0.1680586759884497
0.13899319018532813,0.14097957563873556
0.08668736665349623,0.12014144412990317
-0.0015867708939724806,0.12250026590834394
0.134925276940311,0.131714479405118
0.07940809623953517,0.12255234411144607
0.0899042690488096,0.1509172397223268
0.0876477004813888,0.1264185410752648
0.07709313010861404,0.11344014214552543
0.1398003742013957,0.1340862668506364
0.14425201015814518,0.13403778853811266
0.09192857388756005,0.11036432902274364
0.0833338392188367,0.1155962994889961
0.10335762471512248,0.15122516781527573
0.09804832113749974,0.12178467878154856
0.09121996997296654,0.15260136350423953
0.11071998043446782,0.14991266884403956
0.12526032765171663,0.15528324814904138
0.048524596299974666,0.11082804036083738
0.09795676202654464,0.14575040858022353
-0.009272765441845347,0.12326929808539329
0.05489874035969128,0.1082070881619101
0.11690733310122389,0.13086947175166097
0.025296087449416905,0.12844416208732456
0.10878203650720289,0.15438727858654483
0.13784934216813471,0.13184579094684043
0.10396834898791411,0.13877868159431275
0.12316570411236809,0.1429687814276096
0.11087025167249084,0.13504496258389703
-0.007424386232951892,0.12355942800088528
0.09914849017570418,0.13775052878165955
0.08854725509878301,0.11527438980954828
0.14580276560087208,0.12837033834039197
0.11103473629412475,0.1411179787853109
0.12578639799495753,0.1338470579100394
0.08018343928115682,0.12992851208395342
0.14696841543327682,0.1371919601439326
0.09917249477597855,0.11118629314447424
0.0877661878272346,0.11612139110986784
0.1252697762715672,0.1493506877795021
0.10325722175279634,0.1222813477617123
0.1327939256819588,0.11681446609964466
0.07933277347410385,0.13279969519093063
0.11459031082387904,0.13390040194707653
0.11041031292211755,0.16252987203324454
0.14791153853098724,0.12406779353107567
0.12842228745778916,0.12881584076524383
0.14325015376832834,0.13203206269923903
0.07261113110918206,0.1144166452566739
0.0991233464333183,0.1257668756922814
0.10155741118705722,0.14943025371133709
0.1316774745889096,0.1318574586902408
0.13915384844740053,0.13110512250824508
0.12225641480230554,0.1484617541224216
0.1332415276444847,0.13018006583535746
0.129479359589561,0.13683607148238014
0.11900292079332128,0.138111897426988
0.1688518895944566,0.15570649651406832
0.1536216600481253,0.1314956996150535
0.10328184130318224,0.1710060148671375
0.13148175458379086,0.14504454135077083
0.15921073125401228,0.14792366530904352
0.09384955541141639,0.12588397797984313
0.12601766524004485,0.1288806104586471
0.013983260306589293,0.1178401506183212
0.1380564322346617,0.13217258738275653
0.13006163918397043,0.13086947731101573
0.08821556642021655,0.1363253639366357
0.1378928951746506,0.12279542697674624
0.09377469586064374,0.11924794928983394
0.07008382358140357,0.1379225894760313
0.1084498393474907,0.11697541059203559
0.12431442000745886,0.1443602174286587
0.13057863911234527,0.16215448525350024
0.1116906327266354,0.14149280762114091
0.1119908966338096,0.14219748875158225
0.10329485545193336,0.1308684971395187
0.09933606085406572,0.13681109777958064
0.07311692846990094,0.11462093144344487
0.11484014440496908,0.13164791585160163
0.07976991502211822,0.11509337250380146
0.08169442288245955,0.12234530802767575
0.046747406902742865,0.10425955627906118
0.1364571938235862,0.13215066731176683
0.1299400348041414,0.14828705340562573
0.1072602027022602,0.12565000864023965
0.1223310498256738,0.13229957017914679
0.06737780540946722,0.11520626989628252
0.05287954839701246,0.10647857451726557
0.1285979435387835,0.13470502969735432
0.06868165421620524,0.11763307276499717
0.10061995532075822,0.12246391745288915
0.08824245312621114,0.13914869665179636
0.09056288855914374,0.11734154027140954
0.1353353001966145,0.13201049394616815
0.11264491821852565,0.12671853874215055
0.06553488202969948,0.12761035598011566
0.020727009850148213,0.11693332905531811
0.07783250709995805,0.10733411809802441
0.0728020353080235,0.11937148952947489
0.13722996146008565,0.14817628827817705
0.09646577259203856,0.1245838964498086
0.1132508785369834,0.11539620707576742
0.11910127402358563,0.12646619670638015
0.10847948871173192,0.1356900137344442
0.0978561951885302,0.1572886837825106
0.12913229697522108,0.15302439184795188
0.11030312645857965,0.11494131629100741
0.10936753555399374,0.1677817947916922
0.11054041577414289,0.13338142329098865
0.117581853216428,0.141853337802601
0.09572382619263772,0.14572403000581804
0.09460172276442386,0.10811672614531634
0.058609465555784356,0.10886573754688014
0.14322401045111458,0.12570906986535876
0.11409780082905055,0.15798896697499945
0.06956557048839244,0.11426398491156131
0.09830319095553683,0.14295869813438425
0.12023955351058052,0.1514949102535561
0.11483029804188806,0.1548348305985568
0.1207411600754063,0.14226754709951597
0.10386421596531539,0.16485853001652928
0.12206584127127286,0.14719678533375777
0.011683961630321232,0.12839843931631387
0.009802349974657266,0.11409578503115024
0.04823658738444513,0.10358820872701839
0.11141368166102963,0.1386495373675222
0.07945485519797625,0.1119809453330723
0.10233417479253964,0.1273855677053168
0.11361027561615315,0.1310111029126973
0.04141219488238779,0.1150208270977789
0.10434463673438484,0.15737633657195813
0.11581344013402999,0.12097914201580355
0.13000889996111956,0.14081407866046033
0.09422199809675123,0.1402463185895816
0.08975033333602714,0.11165196662384148
0.08543447718703968,0.13991908062014885
0.09719883738804058,0.11332504180424804
0.0627793562940163,0.11863104335349467
0.056495787192447765,0.11594366856269579
0.12297974736105563,0.13947190601767537
0.11898975077770833,0.13967542818181433
0.10199013303714824,0.1200006532168905
0.10777968958732435,0.11236108868649093
0.09079909445029112,0.14978580637062533
0.10401088065961404,0.15586514823252826
0.09644814268047089,0.16913398633752885
0.07138377136085844,0.11144605917297451
0.057708153496489126,0.10712019211833557
0.1279935018954633,0.1204539490277615
0.06147358817920096,0.12598103205770766
0.12054921761152898,0.12428438384113329
0.11039679017947882,0.145629126908233
0.0760678870546341,0.11566161369143167
0.11492011083689534,0.13738270756267063
0.07900818350064868,0.10354105129187216
0.07040787056827297,0.12810603650203675
0.10690978552246533,0.15258168430535798
0.1358172138610837,0.13080248299955993
0.11054641394224778,0.12225003290467246
0.10984264662562157,0.1322014483796943
0.0983886332566078,0.12238531798093642
0.11727703879844655,0.14676817524452562
0.01130988631508962,0.12336445049713173
0.10126126663351877,0.145248251915644
0.03819956632944102,0.12433150247865914
0.10773656693922427,0.13709840079979072
0.10494236969132995,0.1293634327495274
0.11106954861851172,0.12043109143880029
0.12096666744967527,0.12746911772700664
0.10155196308443437,0.12925746491596382
0.09860149027577558,0.11681206963564462
0.15686948942572437,0.12954064263978457
0.08619218805166337,0.11421510565533562
0.06650607205296102,0.1078729316353894
0.10218496971129803,0.13823385247519698
0.08770465975838708,0.10744411308163825
0.12235693737638614,0.14645689396226383
0.07294743474383567,0.12057878365091934
0.09749643841204925,0.14500423728473577
0.1196073294895974,0.13612346839070869
0.10758230520862369,0.12939311943692766
0.10233031224220636,0.11339467727282901
0.11105760618318916,0.14070922303973704
0.12055141061393576,0.14249010187163005
0.03559517997195095,0.10575431511540806
0.031311662872003154,0.12139136311398316
0.11306031405706252,0.15676736353134285
0.11359324445668566,0.13527861171470898
0.10224070256000631,0.17279722993306257
0.08095648605878542,0.11708576579130296
0.1630837672571432,0.1312595520175079
0.09171628873447817,0.11481391093306983
0.12131080414505348,0.14339789747704246
0.09869437086281849,0.1355597827517743
0.13754954369014788,0.12156020572113362
0.09125388257726175,0.1420686494598682
0.13921011245891782,0.13618505664110805
0.13590916517358526,0.14916071053719962
0.12368484544208848,0.14618806158357506
0.07468419750717896,0.1246127481001154
0.13075067107721638,0.13603107440663173
0.06041101872438357,0.13158226658554298
0.12645708445722506,0.13836916132917226
0.08516234029126465,0.17617196502586918
0.11274360946420005,0.12581695910525423
0.09625836857108479,0.1138543632544467
0.09826222775940802,0.14252979712735475
0.1563910931019818,0.13376492027093645
0.03089042039952957,0.11718552989911124
0.07538305681157942,0.1376385618887485
0.11915601256162081,0.14647273839637504
0.12935142247680803,0.13179511175458342
0.1678393829868204,0.14817981365624927
0.11738350528222667,0.13611986182298488
0.12108012010136154,0.16294055332606022
0.16997514120160157,0.14300441247266826
0.10351051813380492,0.16767997387356878
0.1001826554296989,0.12451711938268409
0.08753901485251783,0.12160991422910754
0.11326025997104164,0.1467597516535917
0.0876028094203523,0.11739172054270157
0.11190117988234496,0.17733441964373348
0.0952546526406104,0.12651296249705268
0.10820425294049978,0.12796312206387045
0.12633327235222655,0.13604913510343492
0.08257735380604321,0.13021551882256246
0.07150616914489988,0.11410096826335989
0.07540772150868502,0.10654727921782974
0.12007705573177463,0.12879613083039468
0.067847017009123,0.11478924273496578
0.0936471957285272,0.1354828938378869
0.08477096646612944,0.11569581047441442
0.05371367093919909,0.11905928581178138
0.09739759345636655,0.11487882009623014
0.11211004386820887,0.12702119511499305
0.15848330409568373,0.14485465025515548
0.07521410117144992,0.15599056979776857
0.03383978321861293,0.1089152492124698
0.11716505303091856,0.15267975180689275
0.09255346311692625,0.1132142763734635
0.11131636375048842,0.10916060930826266
0.10940934042468908,0.15618772977103768
0.12962865853395655,0.1150488582004415
0.12932466294342881,0.15884025116682574
0.08894440238727341,0.16311110938708734
0.10957009758377245,0.1438945509664591
0.07303969345502136,0.12815035910398012
0.13331899640749728,0.12197291967079261
0.13174110254213645,0.13762980732612018
0.1309858209332743,0.14097644234265172
0.06146307802808268,0.11649411901139849
0.03550155311209906,0.10906856413093459
0.10053209679654007,0.11339216415597296
0.10504370806044483,0.11759460904562273
0.11915726966489133,0.1485973391703337
0.13376648047972356,0.13447578205314603
0.11449074562964187,0.1604085776567183
0.15246401243989421,0.1293271460586846
0.08715062678169407,0.12267969158368519
0.08970725383974586,0.11739754247077233
0.10240765289991227,0.14508564591759357
0.04189522674421627,0.1132405070778761
0.1384972783675646,0.14212009246153484
0.0712641579300379,0.12252808520863398
0.11589458212266572,0.12068298217576458
0.052690388937653265,0.10908153282551412
0.1195521086246063,0.16481700813887526
0.1331763834664221,0.15664655018811235
0.0854499554368035,0.11236165763927736
0.10463113607009178,0.1267978975012886
0.14957861525494281,0.12781744846873253
0.08713181196526312,0.13257071639375662
0.1125409435553087,0.11601725955372051
0.0942086313045872,0.15756059820628512
0.0876171415081475,0.15259627689552827
0.0861718158516589,0.11354206083393924
0.103517853784269,0.17056907739243465
0.10918948310145844,0.12458969987324901
0.12167260886707779,0.13489465102462742
0.10838032693292532,0.16358507378518589
0.11367079763602125,0.12554266581880352
0.11631426163766262,0.1275370840561687
0.07932121482352417,0.14580069364789403
0.12718574546304268,0.13000711226593017
0.04780363737131994,0.11507832551563303
0.08623633496336529,0.11937973891405272
0.006591462771903561,0.12015980304052651
0.06894695022373308,0.1496798121964
0.1040385901374282,0.14104406378380946
0.12250996722594668,0.13490653037919118
0.06392026048088123,0.13329547019855587
0.09445050170519616,0.16156070955131344
0.1033359374240537,0.1256812377529077
0.11144001572163996,0.12352300865967313
0.1036077411862127,0.15212829584061718
0.11662673417478567,0.1432543547618756
0.06687786917041141,0.10253430658663104
0.12783399340114174,0.1600849515648008
0.04753361333479106,0.12402783927766983
0.08730326091851424,0.11271770653508907
0.13854709999826337,0.13431419810285175
0.11042475126709383,0.11498152770883371
0.12553488700097615,0.16520213083268445
0.09296625197214309,0.12473697335481274
0.12218854435402969,0.15501356706427924
0.14423229679407432,0.13189918469486703
0.08565639454457925,0.11864660563806835
0.14242572306809356,0.12741798514073668
0.09584034888355028,0.15194729893793063
0.10432492314664793,0.14105898244431822
0.10169082526749686,0.15134381222089352
0.13663623541633838,0.14900980434619496
0.13548331414474274,0.14302777579205508
0.07614823836449651,0.1201606606346912
0.14442512966562393,0.13556403660148675
0.08379124204960146,0.11585436682655674
0.1258980476811783,0.12569077459080924
0.0767179147368236,0.13841233635948877
0.02966431814167325,0.12679311125134005
0.13013421678470655,0.12537778362500215
0.12110570695962035,0.11992598226320458
0.05022426113803395,0.13142361336158567
0.08048956000480811,0.12758074817449033
0.10964838334866987,0.14416745765274358
0.12477155836491534,0.1286460684231096
0.11233569181157002,0.13745838577991898
0.10310387673967611,0.11104632438621061
0.13724768171865379,0.1363142450653626
0.06408921484108931,0.10680286572485215
0.14262715493782147,0.1410984938373181
0.11820129393764357,0.13405489542045074
-0.0018591630499119882,0.12359374538346618
0.13435477247159675,0.11882991668439011
0.05822417100850319,0.11709350254063984
0.08199859893731207,0.12922066373358693
0.09110653744032157,0.11673276942429683
0.14164460419458877,0.13652230581980038
0.08000070938471142,0.14333788551597043
0.12824407240392793,0.12809502417492807
0.07042976708598749,0.12079015670841566
0.13570199967396598,0.12966898792945372
0.10809433908709697,0.12831319969796945
0.10085128187493445,0.11699127566814328
0.09707139314477817,0.1339775940635239
0.1167117888498799,0.1376881483595329
0.11173536797808205,0.1435626382035006
0.11376704598373966,0.13507073045803417
0.09537982848756887,0.11799683582492654
0.11685374027821434,0.1547164598268326
0.09141464411508893,0.17175768766914498
0.08619698008078025,0.1081481155941168
0.09408231099678488,0.12329311167798378
0.0914687070857009,0.13745026903941154
0.13584642324259588,0.13770950914117144
0.11358014879843929,0.1486914718226048
0.09582886907192627,0.15536038977084515
0.10800868543457082,0.13378866990075802
0.1199873717089755,0.14845289525909547
0.07169825306983173,0.11181142951487864
0.08669687080148789,0.11554490992667281
0.09602699784229304,0.12375393862591706
0.02146988396624843,0.10949023276573101
0.07894209780126979,0.10925664470967018
0.15477202130285359,0.14464979112446663
0.12313570134368029,0.16147036766314435
0.1534699262503805,0.13177348020178992
0.10812862707094228,0.15714428330646318
0.13094496832300512,0.15819302765701374
0.12385077005290665,0.11892869057758514
0.1455652421547428,0.1378277820783857
0.0707249616883334,0.13395078173959604
0.11710242823728603,0.1394119807286338
0.08704929769109059,0.1352314324457405
0.0850378551239222,0.11412156966741874
0.1423911303311804,0.13445972775880616
0.13941292145470482,0.13001144399214162
0.08760569444236303,0.14176171602056695
0.0642717198395293,0.10863149089288694
0.13392362233598482,0.12880775318467852
0.11665006546870352,0.13251676033223692
0.1191131472592912,0.1263828865729237
0.11454394942998186,0.12044816534103152
0.11457037967291225,0.1232491101835706
0.11039577611197335,0.14422036363258173
0.1074324184872874,0.14119783510487746
0.1551128849048462,0.13374077233880102
0.107810103771305,0.17701044113485967
0.07781506951417254,0.1435056481067359
0.10300141804694295,0.12798256581531647
0.14376130321424244,0.12971658496054908
0.08642507348754472,0.12330385943235767
0.0710252358710562,0.13280473454302147
0.11753089212458948,0.13319410015144928
0.11847197361918166,0.12455507144404673
0.09830843638115205,0.13019003679117983
0.1285959551444067,0.1328299642973618
0.030008626180750588,0.1044776937802985
0.1345136673359743,0.14100434855810737
0.10635142070576546,0.14082939205334927
0.09630527208466297,0.14999816979462816
0.05057121933254442,0.10689836313857849
0.13207941876042528,0.12329393001304254
0.032336950136681926,0.11585751747691048
0.13159609578056203,0.14243408244295136
0.0690928507120766,0.1094991628698523
0.12534290244287957,0.12547012345683595
0.10624962874760788,0.1708663694269693
0.10838019865636112,0.1233396141879494
0.13515695837819566,0.13407409545005078
0.1002570566629013,0.15343365604864986
0.11637834024973756,0.127920485086428
0.07827415417046213,0.11402672266094684
0.020197946593031917,0.11345725657965872
0.13573171800094258,0.1326969631488031
0.10707745099051508,0.12017730157451643
0.12569678298447645,0.13446607254168896
0.16108896844207174,0.13751231163896507
0.055806649424910315,0.11231274295086056
0.10899739079355779,0.13073095195945933
0.07966716555572186,0.1268995027999384
0.06532749442849504,0.12993945920603275
0.09054695434130541,0.14857246693372916
0.09188750653898904,0.1297130003450015
0.06002978584572087,0.11048304644436367
0.12653179351302146,0.14383648161560425
0.1016318071822966,0.11170019748862478
0.15165533552255633,0.1255462324178709
0.10094097644769928,0.114103776058766
0.09655881822703141,0.12925357101629745
0.13465809347316784,0.15853170135348002
0.07091214017618144,0.12359890002193188
0.12896569206383737,0.1355551070957635
0.1200374738639707,0.1279390688285414
0.052945140374407264,0.11430359692391581
0.08913529722998254,0.14023757948914148
0.14133019963194532,0.13691745570225214
0.059328549347025056,0.1163152165128269
0.0795719043379254,0.10960704268797884
0.08480203725418875,0.1495822960338709
0.11976489216973045,0.11780970210329383
0.02305158779922025,0.11559009752879475
0.08958697387847024,0.11827315402514259
0.10497267752847962,0.13393877624123435
0.06520056487984552,0.13411532520881528
0.09910458170865269,0.15783939707620345
0.13315341037295408,0.13302675870495614
0.1073174831673142,0.12762112105873827
0.05052548497358442,0.1263472465592071
0.12096719613703691,0.14065914794111412
0.12005397910334761,0.1493704219935405
0.1213691281431251,0.1236442345066486
0.061034943678717354,0.11993555023662603
0.10396234003744759,0.11345726276855099
0.15134510200643742,0.13125615422208972
0.11881039647830854,0.1229513848855899
0.12657779547107267,0.13799306062148425
0.1537751907875522,0.134445958795522
0.12542793354793066,0.15892547268074042
0.1074655048243596,0.1483495298975765
0.09548148165217693,0.11778458141464776
0.0979640908763642,0.17238510316263791
0.05174002251050311,0.14280956060355504
0.11894893388238541,0.14511140742080986
0.10018073587636388,0.14044875804882637
0.1326218148352961,0.1333407938503807
0.10619315466346547,0.16395754461061723
0.10208722126591074,0.14854167970367985
0.08131493229159849,0.10777906686637566
0.08189462416579492,0.123389402323773
0.105600291625785,0.12600233904468328
0.10962809154715356,0.13699801896524155
0.13254373503940403,0.13923519366420897
0.06474403521298361,0.1116570165055304
0.11546614026987674,0.12051326106410254
0.11646939774488654,0.12904099433715407
0.10048058917449446,0.18054473485076333
0.042151374885909976,0.12434789930401416
0.10531130115238563,0.12855503523635592
0.027116998474941895,0.10819547436625124
0.10650213551981577,0.12988040364575595
0.09577428859307088,0.13083924267646693
0.07246800705947344,0.10847748322127507
0.07596412556349116,0.10976434656541417
0.06661557569601004,0.12726316765456994
0.1043471917302227,0.12280367404239206
0.08607525705801289,0.11171589784591938
0.09236252709708749,0.12679346944582945
0.12813923197089322,0.15090796451001356
0.04289091437126755,0.12670280648050594
0.10007897349086112,0.1409645940704417
0.07747556124381233,0.10834015970947561
0.12418436226933025,0.13914354079403793
0.12392575464734454,0.1445166563028888
0.06702862102432208,0.14865102464987184
0.11556199392406524,0.11904088421562044
0.1216020809805148,0.11739166964563026
0.08858509128995767,0.16035371142556165
0.06440429469701621,0.10923518387063787
0.11520724852844522,0.12914639680488363
0.10067406255173722,0.12962244482414978
0.06877251700633431,0.11336305501481037
0.10540934743335927,0.13153987102136977
0.16576757469667,0.1495551346922548
0.12834713776149315,0.1240606440009499
0.044274276206576126,0.10688918271995036
0.12173300284107255,0.11616619550662172
0.1097988288981053,0.14737170058856325
0.09856259578727884,0.12246340511821217
0.12034598597076843,0.13886036417987363
0.0797499299180256,0.13074855168753144
0.07163015179520597,0.1204276061705851
0.13329149041781926,0.1345584554142546
0.10152496560476837,0.12012872159723813
0.13258048755821364,0.12082405345217945
0.09359681596240904,0.12184474743706414
0.1336034975940502,0.12546823969630894
0.08628863624758587,0.13906974645603934
0.11379961331304178,0.12135136774599758
0.04598237497570479,0.11283902207632782
0.050459703209750004,0.10851307167962289
0.10023322581468232,0.13351877956770677
0.034549811091403176,0.10588837892006366
0.09738051425320728,0.15293806215712144
0.11777526423279407,0.14984710520283082
0.0900097629317491,0.1457826799575766
0.11645719160057462,0.1569015714961899
0.0925605528647688,0.1779279178973342
0.09016435228968232,0.12439867244428411
0.07082228184744836,0.10858184753767908
0.12700055575360647,0.14227035732190174
0.09431996632976118,0.1166361373309262
0.03411338071037542,0.10428955421438767
0.12456373726650799,0.13270556962485597
0.11623481276838263,0.12431022420266029
0.13264998170201997,0.13366141041406557
0.09817061261847902,0.14008241020697584
0.11516274431587684,0.1243489007080325
0.11913481977184942,0.16238631542467769
0.1118798353674342,0.13465495126819912
0.11096539424874832,0.12266110247897334
0.11039775534746864,0.12800614839777416
0.1296943163681666,0.13833187751665285
0.09623254956171297,0.1103987535829465
0.11846947593797381,0.12026341252008294
0.13409980987110168,0.12958616423798772
0.05693392083331193,0.11152617553889713
0.14841495263926235,0.14549221315753696
0.1551425344314808,0.13848775290543128
0.10758629877185094,0.12194917674893513
0.12524687952489255,0.14635202158768465
0.10121874860494323,0.1301802340084462
0.11831911988335524,0.12324858852986137
0.14500299454953353,0.13409016379240266
0.10911529064026854,0.1219847686559121
0.14636769490867213,0.1311278778275958
0.14710690946217705,0.1395618654018211
0.12654379270670169,0.13641459311744084
0.09820479186665873,0.161771229419628
0.04658145166299654,0.11971256731186543
0.11381141512565175,0.13792375586034455
0.12326937074043946,0.14008776008581122
0.12386951073066144,0.13991012880460146
0.11562122280209629,0.12723907866377557
0.14155203440950892,0.13133699962404094
0.06565265956325214,0.1264024221355957
0.13053879542352964,0.15450667246768973
0.08304363269159365,0.14593402793920202
0.0677152390002531,0.13010550341643357
0.11782969597893972,0.13266194481514368
0.14525064099909568,0.12768132178434666
0.10726337681202783,0.15610989911574133
0.13427287168365404,0.12835944561133986
0.11797512317261188,0.12189693260214536
0.06053285150050328,0.12050932410088856
0.07488179170819612,0.12509648900623108
0.081572508647923,0.13587894869615658
0.07189322009740402,0.12364678361269375
0.0780973267450368,0.11788799182967528
0.1149985041457782,0.1507814173782906
0.11248358323039608,0.1229164118863258
0.08431946220002016,0.11413652771137754
0.12814506824891475,0.12021717809953276
0.08749706767097114,0.15150752215563976
0.1136733850054032,0.14317376489175437
0.12257558446521703,0.1495510452760679
0.09164617412106113,0.12357211330197479
0.06724868547794437,0.1205982673040748
0.039898833988871674,0.10581982747549575
0.03111789510019658,0.12295652718906884
0.1182447761222242,0.17404777077462366
0.15939116125151054,0.15130568835357766
0.1455496403543229,0.12784732123841003
0.15706070802571842,0.15009967714482014
0.0742908349577569,0.13537647648359213
0.1208540647317479,0.12839508440233305
0.1225940642850408,0.13478505466372603
0.10750603087416243,0.12086655302402942
0.06533459377604622,0.1390501507764351
0.004102505937903379,0.12395403097294615
0.08493137070044993,0.11732677343553934
0.06560239586366971,0.11236368968571878
0.051776761260690876,0.10986692072997337
0.07779156603343372,0.10549465268235181
0.12053648719594176,0.1460010609885102
0.07521149297137864,0.12521399829139412
0.010716696066389864,0.1106711877304974
0.1327451785264071,0.12365232900634493
0.10762367366550502,0.12004790209403962
0.08400450729472238,0.11332776665466439
0.10788600611308956,0.1138141909135328
0.031023600543767724,0.11299502443486868
0.0748857077917443,0.11025166217723627
0.04482561089722261,0.1164759342503952
0.1120692472656384,0.12551985819527475
0.10169769030771197,0.17048060030097723
0.12804042020936807,0.1327477847730026
0.10512083912340868,0.1378010377019971
0.07735877049944419,0.13361532214689742
0.03472711241087108,0.11297893753786363
0.08542176447875816,0.13184771407764295
0.08865543843666542,0.14216584369926638
0.08735389417335669,0.12330097137304014
0.06811434099929008,0.1294791702219964
0.11603268751095139,0.12834859940791385
0.0877524674148977,0.14987502451261428
0.08465011028366745,0.12334380538141007
0.12383859999825597,0.13502455120859233
0.12984515865161705,0.12803772786899262
0.052245987030001155,0.10918349047991517
0.03931387766922195,0.11482991678442747
0.1238655207629784,0.14035418191454097
0.08235439322343127,0.1327683634545912
0.0697163274663242,0.14388586233844303
-0.005365729613096545,0.12361810510745401
0.09957427346165391,0.14750690081018655
0.11766749044733538,0.1134257191019754
0.12065743242215025,0.14019727823826406
0.06608647615488,0.11044279359101661
0.025254417635939826,0.10961233443307064
0.1044774372940189,0.13247722976872547
0.10688237469303732,0.14442245247212865
0.10608409781663165,0.12491877181236045
0.09457597147800009,0.15732693327352107
0.13790630039938265,0.12942866694110383
0.09539228564825915,0.17329823357477758
0.03681858458924556,0.1352741363393222
0.07771722831892336,0.11474919758711356
0.13617247610955968,0.14386641106782783
0.10530497111121626,0.11787870463495864
0.083904996435117,0.14092279735970162
0.08530832497163322,0.12217931488889267
0.09084578741972768,0.118927328864347
0.1079828850744225,0.11261448127944432
0.11253758433959284,0.12233491990158114
0.03816978500279103,0.11365157027708023
0.11096478365408143,0.11151060135178374
0.10023154730327587,0.14999214362665528
0.054634093289720326,0.12581612094275435
0.10322013586174433,0.16794497162138364
0.07186252125453656,0.11277666786279836
0.13154867093549183,0.12945822174511973
0.06716420014551351,0.11450024315965697
0.1116604879383008,0.13045601559085182
0.10185672197031283,0.18465713466652264
0.12366191052629247,0.13962726957918833
0.10018024278687401,0.12696873665630787
0.07092896779123234,0.1099013351229924
0.08863802486275399,0.15417680511069942
0.07752820072964246,0.11797767516438475
0.12593782937126152,0.13975117967201423
0.10577349210137198,0.13136395601443646
0.11175023314404137,0.13282858950108653
0.1440863223430204,0.13587040307890141
0.07916283263646573,0.11727538514039428
0.08085908937026466,0.1523202888236462
0.03459648213078946,0.10917933885949078
0.10728284262606666,0.12230078696575228
0.07747218003336452,0.12044776388956577
0.10548909951727387,0.12492997757616697
0.1181271348242789,0.14029941977236307
0.16272868098321705,0.14956833942334005
0.01923120455948481,0.10832825117880658
0.10856586595717373,0.1498069500571974
0.08931675577131713,0.13612816560593208
0.11834666867171688,0.1186803906560014
0.12889760788103616,0.13513053958331253
0.06836453825972617,0.13572503277956222
0.10556415716989262,0.12678905132888899
0.13074718896137127,0.14245811983149553
0.126280013405622,0.14627527584408168
0.08083453332945181,0.12041151184843123
0.09104883948800663,0.11533564910070053
0.029442309955787737,0.10749235176412797
0.09335378022984941,0.17275900818462833
0.0020258458724788445,0.1170967713592505
0.06017257388035688,0.12277149610155864
0.12477021190151696,0.12304833221426041
0.10822652196819564,0.12998321278468777
0.09006746503968874,0.11775626428039737
0.14188815145493672,0.13293968168270312
0.14107860693969337,0.12840574073396632
0.021440062043973085,0.11601457292371663
0.14252116610703708,0.1341376226368054
0.11440573941674187,0.11826886054757865
0.11270103032658406,0.14875875149444054
0.09393379141945407,0.13602449940626318
0.02456879413570156,0.1054456235933075
0.04108737162289714,0.11029704291418377
0.11536236451942411,0.1279004271804349
0.0424828489963793,0.12794516631215355
0.09784405468868844,0.14551263493781033
0.00905705142219912,0.11570655205480278
0.1101112343045127,0.12416814330998259
0.089050333246625,0.11822566850400776
0.06242666692529103,0.11904971131692631
0.12206745905854632,0.12063930378000531
0.09847601773552311,0.11645528521881333
0.12230468563225136,0.15754421187702988
0.059013376248544934,0.11117039397507993
0.09640053443702946,0.15932059618945454
0.12544736154617556,0.12944799296402684
0.10774934331264735,0.15615205021430698
0.12377938505556586,0.14582787460629368
0.12623005710748636,0.14279945888612022
0.10418811965227409,0.15117705186448388
0.07314572775126447,0.11246143175296762
0.13546095633742464,0.13328344681181084
0.09918704710779452,0.14390863007890345
0.06881702375628028,0.11468963662397044
0.10192094634556823,0.13613764006830306
0.07574243813247461,0.1407785473327965
0.03812402770195769,0.11233494081905601
0.12847823779698586,0.14341526229419208
0.13894856061343464,0.1311823709584271
0.0025589344098395084,0.11989226129002972
0.07348557464031892,0.12675109826310005
0.08449117609366773,0.13531242807040775
0.1307768787001461,0.13412838524435985
0.11563903095028985,0.14072183923725204
0.09698962950877985,0.11200970721788417
0.12351391388733993,0.14432734764532565
0.09640085049866262,0.11754100600166899
0.11882636730050658,0.14276760347441309
0.1017147275236672,0.1477692764938205
0.012310407207611933,0.10970496187001255
0.12342004865072839,0.14060650788289744
0.10660681984759654,0.11505674682769892
0.1253452908247143,0.12976436044580617
0.11474776505633107,0.12812021155642667
0.12575392586830464,0.15558501856449014
0.12556471623567228,0.16466627510788828
0.09457009102270374,0.1286847404394027
0.06632484284292003,0.1185741818265432
0.11139414641461899,0.1159015285833955
0.10722740716204063,0.1582910311405774
0.0653778841804375,0.11583139994954317
0.12122701350345341,0.13759463429160282
0.0931567348424288,0.1451107082310113
0.15086703212743452,0.12756035198352256
0.11715768753626578,0.14885700164344412
0.1314667934483371,0.14690717817323956
0.16234564149273545,0.15195957021616133
0.11794472547816344,0.1385005664491233
0.09467753545757737,0.12554907978048013
0.1347633238893604,0.130383159340295
0.11973117605715308,0.13608346550290762
0.11804748550360723,0.13874329761689597
0.1167131706103613,0.11832460443615651
0.05996591376058353,0.11044675046267653
0.11755579688233148,0.11385437557525838
0.13555401452229024,0.14168723551730752
0.12272720446173607,0.13745030042173267
0.11240185199772636,0.15734346038693198
0.13223796512668703,0.13598556867159053
0.13269518760016916,0.12434047920918799
0.012498959488958718,0.1123311865488568
0.09780011493802368,0.1676758056647984
0.13222293065622157,0.14043014296008008
0.05255744000197173,0.10401034415996994
0.11685876375247874,0.17636020247185905
0.11906161268104241,0.14662110500674927
0.14590129140309652,0.14232933517596347
0.09569621596059137,0.17140486301153907
0.12028270873306068,0.1611869347118041
0.07793175304233527,0.11252298610543528
0.12434889624966088,0.14166863870543503
0.04817612299877497,0.1213404308800507
0.06124207043937217,0.1423501573765504
0.08782945824390961,0.12640613493379838
0.0708039334925169,0.11467069728405051
0.11455463423241546,0.1162449095928337
0.11748983839701684,0.1356956794332988
0.0342475345699588,0.11612249248278517
0.11649406800328384,0.1369428384770552
0.096993713491201,0.12063375133566835
0.05525383545751864,0.13461868912309796
0.10698407161377728,0.11811313263404863
0.0862107008799996,0.13474746669255655
0.11499099218411027,0.13255422561433022
0.03260825023121404,0.10669171989437015
0.07991120578401856,0.11530989060890558
0.13309616983124334,0.16198081968434278
0.12437653292660777,0.13758184474008908
0.10330452977522601,0.1279579805776679
0.13651613168299828,0.13544903094459745
0.12813137824937915,0.12614909178906286
0.1186848748814128,0.12477700513894303
0.1461342638612234,0.14565257341763674
0.12358542697584829,0.13577706174025006
0.10682841423715252,0.15914747154464737
0.10723540919631293,0.16239254708054696
0.09958282146953823,0.13379455618108865
0.12961460429404983,0.12729407961868705
0.16885314325485068,0.14978911258366573
0.06505201339517347,0.11407821021775078
0.11681899995088438,0.1349207276877023
0.11635258831014175,0.1330231286921368
0.10767029075461358,0.1297797236526871
0.10028207771543596,0.13922142292540582
0.137210222828912,0.13213624452359124
0.07265935255186208,0.13019191935215274
0.09419373454559109,0.11723881632061325
0.1349256980680731,0.12804574003285088
0.10055997066140633,0.11911591384381578
0.07773994252009922,0.12272657107146898
0.09792326496423895,0.13813192243908495
0.09305023747918346,0.16198093633244773
0.1391900599793948,0.12238922232462172
0.08939747195799155,0.14475707518516104
0.13168552094867672,0.13207886703049043
0.09954398591301794,0.12164437898916435
0.07931380966777545,0.11970173843724817
0.11695668894434029,0.14304330235659585
0.10089748353597422,0.1521429145333683
0.11878878034987071,0.14146311203844533
0.06761819337271958,0.12998048097993511
0.12410514448303683,0.11652479714083519
0.06037660403815276,0.12634500575179425
0.09330101541197416,0.1387716509321355
0.1297142862920749,0.15344444180075772
0.1393798586743391,0.14045608717001157
0.12535440361794242,0.13394065347006406
0.028496596397808216,0.12263152989382363
0.084888764390712,0.12830314558940523
0.12852359240796216,0.13841195980880497
0.11085538719411576,0.12781910630127022
0.10242194354818966,0.13205917181902133
0.11130272299275482,0.13692610553689322
0.09293884414978612,0.16210729514087363
0.1261588060477179,0.1632936018373783
0.1284874624872966,0.12460144086267375
0.14273217796978532,0.13342190522962374
0.14201726116009494,0.14317430325188754
0.06166692211755915,0.11833747478975774
0.13828805860288892,0.13875436662202392
0.09878845267643115,0.1130026294374897
0.1136142505412684,0.12756387685989795
0.09391167025505565,0.12047428873431429
0.08544546187039032,0.11333880249840056
0.10334063781938967,0.12784700569762364
0.16915340385201252,0.149284912784377
0.10319285849443831,0.10874665860766349
0.07422158574149779,0.12859990871617535
0.1274999312649342,0.12890692019443414
0.011720320757599614,0.11904462653253954
0.11977829080990629,0.12958340075493624
0.11180180159625719,0.1176836520581177
0.0977999065348579,0.1115706476725645
0.09053772613252037,0.12620801145744434
0.08818322021578136,0.11848367399425974
0.12811641148257485,0.12350560021183886
0.0368003517332227,0.11622200154732769
0.13801083207447154,0.12664547341299873
0.09122318498807924,0.11615690493284972
0.06099087488444668,0.11773031128062275
0.11578914780213327,0.14343395166244252
0.13609022916462102,0.14262023538502164
0.12217096225602081,0.15304228478186702
0.101963912931025,0.12429143456266196
0.10165450879519289,0.12432995959817925
0.10305248025248101,0.14140207611684094
0.03368611890743928,0.10585851063599411
0.11117676812096,0.14442094650285048
0.11134868768821361,0.133365417611589
0.1321190821257766,0.13143972106860488
0.12256911406884768,0.1519496362674455
0.08599294526053661,0.1254347726124522
0.13257707522014703,0.1300423230346494
0.12757812285268716,0.144133137535435
0.08508192223748641,0.1122654333988736
0.056316616992835404,0.12240518948211584
0.13585666090339765,0.13757385376391587
0.10622869970069113,0.1324178471533378
0.09258796455660666,0.12148569628945553
0.15572335443655425,0.1423906777153335
0.10690972097086798,0.1318129668189148
0.08528870603214313,0.11900642778407575
0.13071098462789446,0.13869879570597107
0.11475217862994729,0.16367649019628583
0.11824235521365326,0.14782045071168604
0.10380497504754611,0.11785382741854022
0.12565124862249485,0.13779442815804618
0.030062126142767737,0.1270187923138023
0.07881954189858752,0.14811376960642417
0.11080939929124607,0.1335355148410545
0.11997920497343569,0.1332317951802023
0.11839232845222089,0.12912242629005588
0.10247908931655861,0.12774797909982943
0.14890089135059129,0.1445517156997575
0.12334362800294074,0.12486918107966115
0.06433329466858276,0.1309949619661573
0.0998823177389727,0.1274046446760582
0.11089515041889503,0.13465303505638646
0.1231328949756573,0.16152294193974082
0.10035094562176287,0.15877159955020773
0.04070160008842241,0.10851945936557653
0.12077364799089266,0.13740097086265446
0.08655241809060255,0.1380075428084565
0.11122569112314044,0.1346783939878747
0.14205419201909525,0.13888756028865296
0.07396813756230478,0.11054237625879472
0.09717696065674325,0.13248961205949963
0.1260249048452528,0.12799072688143456
0.07885252206943551,0.11181048845354127
0.12506639040676465,0.14517194831550104
0.09050731221971989,0.12928971975402231
0.12638935940544035,0.11941613897958261
0.1485942467863674,0.1468406380021367
0.07616905910124322,0.11969507976902455
0.11400047350363471,0.1328733602844508
0.11176689260299694,0.11874797374599065
0.10879346223535354,0.14187069352625634
0.10634475639701559,0.13274270987919382
0.11604482182685355,0.13574182547980845
0.08099596478001785,0.11377268013693505
0.1136203615643067,0.16228719177139436
0.07044383431279869,0.12092177797189428
0.11478417031676597,0.15176257078482125
0.10529208175733493,0.16401522459158074
0.10605114884051774,0.12299017131190675
0.08280543318056904,0.11682711927180045
0.10082998336873462,0.12002397714398073
0.11903667200837784,0.13921337552715615
0.05837381156796804,0.10724944789860574
0.11450047315533965,0.11648895069207446
0.09541693519396471,0.13596915731718648
0.07116530875752891,0.13840566854720152
0.0728363826830395,0.12546611173295596
0.07937249511763952,0.10946857192693242
0.10056499432414578,0.1679144312101906
0.07673325174228346,0.13375238966582542
0.08948592511257036,0.11454532830026823
0.08578203625824517,0.11054237166191701
0.08992147758345456,0.12277592040577331
0.1542800301516172,0.13500914679649131
0.09938833289120308,0.11171650596664762
0.05566293739713273,0.1190979695393108
0.10750835310374883,0.15547076511792368
0.1217808499567423,0.14645849470640257
0.05553714231325655,0.13487106413536304
0.038080153969988574,0.11953918443754864
0.09958506100315294,0.12083286856041543
0.15908584012746438,0.14744625990215318
0.13702987611171571,0.13590845419090625
0.09579489792883308,0.11660373700147701
0.0491926012108184,0.11404971494412541
0.11239256034522539,0.1229059024338986
0.12488387511003221,0.12963825771718837
0.11470390419366493,0.13844525619974962
0.14316429126742056,0.1393724389198122
0.07858600487890098,0.11076805320655995
0.057371281205933086,0.1130619123957453
0.08310050211816863,0.12454293022085135
0.1479380917448422,0.12485801937690917
0.10180852738511219,0.13503043989540003
0.10090041463366028,0.12985023701106557
0.12136462403254111,0.1637069631884573
0.07044045019145355,0.10749337816326883
0.11484512475755775,0.12076478031846959
0.06987823970389564,0.11379265773180203
0.08376987759773329,0.11239057505918615
0.03908199765012764,0.11279144663184612
0.12450671786796601,0.14625546677504497
0.10357940262056223,0.14125112158899097
0.03696452178875945,0.12100748436634513
0.023276225560095183,0.11513861664634814
0.11125092317917593,0.14734573118232006
0.12117046052394376,0.1211530093944855
0.11228676859753647,0.1331772297360491
0.08658209584769043,0.11423399835005825
0.09374245854388545,0.13901813897646675
0.12077441777413421,0.1374629067339481
0.06797082169883206,0.10569700426889643
0.11173619461562968,0.13807816554503374
0.14012603993011935,0.1331158939538764
0.09011407112054699,0.12108327345170077
0.12763855470676216,0.12471074074745701
0.1184470878664518,0.15814149981932188
0.10530024844288187,0.1292370157108121
0.07155079832877166,0.13335463437467304
0.1366014050877737,0.1385146478349943
0.1274142769517724,0.129789328442779
0.0892288178878885,0.12280357485886702
0.13422334794905222,0.14116445749782744
0.08655913626952208,0.13236659613480392
0.12952084694875668,0.1526664462558421
0.07178096466121574,0.11645234340377163
0.117052227092722,0.13364804673473576
0.08453247850312678,0.1356673674730245
0.061670159640030954,0.11078203357873712
0.12322088022880487,0.15740416941940039
0.06437564955055418,0.12065685900751899
0.1111891615356621,0.13840812552603401
0.12168814801896254,0.13475333428309322
0.11468079633635443,0.161018813219937
0.15298715019840667,0.13292030475109048
0.10642727389518987,0.11268875674886039
0.11797426974189598,0.13130213361403575
0.13585775477762926,0.1362285369559262
0.13098333290904574,0.13794763155046627
0.09621911218702796,0.15167778064094198
0.10383726492622848,0.1319955675879768
0.09690211253086692,0.14178064196036216
0.09707176961359727,0.13117676899180705
0.1266341476643861,0.13744888950890777
0.09384580337773213,0.13611113041214123
0.13272621571585697,0.14146719029106206
0.08290384266858306,0.11486810759399069
0.10155292254763214,0.12029793706662063
0.1408006648817683,0.12228129867111523
0.12954032387204542,0.15015953668601176
0.11318264051785461,0.12168256129183141
0.13095881980476068,0.13038398895979197
0.0819754639509637,0.12693549349896727
0.12620747181616776,0.11982180677445163
0.06662364536405604,0.12300907607345335
0.08224679714994766,0.14043459752779786
0.11144925513374965,0.1250965903251338
0.0858954040479018,0.14593888814077907
0.09192412565314619,0.1242174997173946
0.11127493525401055,0.15265457004366165
0.06251360479814458,0.14279285865246932
0.09272358114068299,0.13870743583525313
0.1294116304264897,0.14589242974146038
0.0022390706899365065,0.1242025995714508
0.12181297794195008,0.14033345565104535
0.12134751556680837,0.16805686315623872
0.09853899372314874,0.13682743127255548
0.16245945162415204,0.15265742638189997
0.13817555653207553,0.14643758638764434
0.09404278042428002,0.11707730704110351
0.11251906399744913,0.161556185747832
0.058237110811745346,0.10863023197916248
0.11249131796993811,0.1306761522962442
0.13625122233873574,0.12485749433253081
0.13260569565035055,0.12733231351815225
0.05526488196845944,0.12088401251646352
0.10499218251255843,0.14396128689055365
0.11510634828606157,0.14260374020938313
0.12983645267060395,0.12165325218202586
0.11824604382354935,0.14865142789053468
0.0951678851004775,0.11813517769369837
0.08757595654684819,0.15819284082241475
0.12783886123477045,0.13288898012208572
0.11777816200117551,0.12995068658659703
0.12821189303284122,0.14796656103913053
0.11006370514225586,0.1680241627967854
0.07997665935562977,0.12008898148720007
0.1162093823948933,0.1460768613142056
0.0949269068254252,0.18219050975370443
0.07844118306558802,0.12120993507245105
0.06647386315549933,0.12169164072160575
0.0743384725410849,0.1248664301816587
0.08073984903175473,0.11396417675073679
0.11397853714919016,0.1352820723448985
0.10174162326155486,0.11987951762678792
0.10704937965721273,0.18177650684634192
0.12173924749595161,0.14836964281547635
0.08106350336523643,0.12498436071607388
0.12333910865572768,0.1414251471066757
0.1165033984911316,0.14122374462768256
0.07060663082641358,0.12345496509478081
0.12485156111715068,0.11973320458959216
0.12854919511437723,0.1277319777240649
0.10005330228205161,0.17825028232039908
0.09491727292342876,0.11477819258272236
0.0607584610298031,0.11339239427474679
0.048970652519979396,0.13248892801499032
0.07716080535813905,0.13350980187574238
0.11700535809845637,0.1370227433591294
0.110586365664985,0.14660098948320907
0.11749965093813938,0.14413580163381384
0.0754991598577192,0.13334776214944244
0.09986625822424575,0.13999071770635024
0.13764989620108098,0.13453604277137013
-0.013862778445691785,0.12210629363508962
0.15170682863145873,0.14307700928384062
0.059503355934678905,0.11119399351218132
0.07919121120101229,0.11576326346326579
0.11266334483810941,0.12421386772988853
0.10246185216153203,0.1093035608176824
0.10474538628397802,0.13516153623989619
0.06407962835585233,0.11251000231018432
0.07887923431725821,0.12832460340555846
0.045271049525920815,0.1204154623031515
0.09022379354279689,0.12462078392705461
