Date,SPY,IWM,TLT,GLD,EEM,DBC
2021-08-13,207.7869873046875,416.7705078125,166.38999938964844,45.99349212646485,16.59353256225586,124.84881591796876
2021-08-16,205.8513336181641,417.7518615722656,167.22000122070312,45.57560348510742,16.55002212524414,125.1514129638672
2021-08-17,203.34239196777344,415.0134887695313,166.97000122070312,44.73984146118164,16.36729621887207,125.10100555419922
2021-08-18,201.5664825439453,410.47113037109375,167.10000610351562,44.81098175048828,16.175865173339844,125.52120208740234
2021-08-19,199.1515350341797,411.1066589355469,166.61000061035156,44.04634094238281,15.949627876281738,126.44568634033205
2021-08-20,202.51551818847656,414.37786865234375,166.6999969482422,44.01078414916992,15.575471878051758,126.52983856201172
2021-08-23,206.36810302734372,418.02288818359375,168.72999572753906,44.6776123046875,16.14105987548828,126.44568634033205
2021-08-24,208.39776611328125,418.6865539550781,168.64999389648438,45.691192626953125,16.48041343688965,125.46237182617188
2021-08-25,209.13070678710935,419.5651245117188,167.47999572753906,45.74454116821289,16.628337860107422,124.4201889038086
2021-08-26,206.91311645507807,417.08831787109375,167.6699981689453,45.30887985229492,16.49781608581543,124.7647476196289
2021-08-27,212.74839782714844,420.8174133300781,170.19000244140625,45.86901473999024,16.706649780273438,125.61366271972656
2021-08-30,211.87452697753903,422.6680603027344,169.35000610351562,45.96681594848633,16.767559051513672,125.94144439697266
2021-08-31,212.2879638671875,422.0418090820313,169.69000244140625,46.59808349609375,16.689247131347656,125.08417510986328
2021-09-01,213.7162628173828,422.2661743164063,169.6999969482422,47.19378280639648,16.610933303833008,125.2937240600586
2021-09-02,215.20089721679688,423.5652770996094,169.25,46.98039245605469,16.802364349365234,125.84070587158205
2021-09-03,214.2048797607422,423.4624633789063,171.05999755859375,47.22934722900391,16.819766998291016,124.69625854492188
2021-09-07,212.7295837402344,421.9483337402344,167.7100067138672,47.50497817993164,16.628337860107422,123.64432525634766
2021-09-08,210.40863037109372,421.4343566894531,167.2899932861328,46.811466217041016,16.75015640258789,124.48580932617188
2021-09-09,210.3052673339844,419.6305236816406,168.02999877929688,46.72256088256836,16.628337860107422,125.99214935302734
2021-09-10,208.2473907470703,416.3219299316406,167.17999267578125,46.66921615600586,16.845870971679688,124.88135528564452
2021-09-13,209.43142700195312,417.3873291015625,167.74000549316406,46.79368591308594,16.976390838623047,125.63868713378906
2021-09-14,206.76272583007807,415.1349487304688,168.82000732421875,46.40248489379883,16.96769142150879,127.16189575195312
2021-09-15,208.6326904296875,418.6024475097656,167.8300018310547,46.39358901977539,17.246131896972656,126.71588897705078
2021-09-16,208.78302001953125,417.9388427734375,164.02999877929688,45.86901473999024,17.12431526184082,126.1352310180664
2021-09-17,209.05555725097656,413.86767578125,163.77000427246094,45.67340850830078,16.985092163085938,125.52931213378906
2021-09-20,204.084716796875,406.9667053222656,164.94000244140625,44.44644546508789,16.784961700439453,127.0860824584961
2021-09-21,204.39483642578125,406.5823974609375,166.0399932861328,44.77540969848633,16.802364349365234,126.9767074584961
2021-09-22,207.5708770751953,410.5484008789063,165.4199981689453,45.33555221557617,16.99379539489746,127.73411560058594
2021-09-23,211.24496459960935,415.5366516113281,163.50999450683594,45.691192626953125,17.254837036132812,124.84764862060548
2021-09-24,210.22610473632807,416.2210693359375,163.3000030517578,45.14884185791016,17.333148956298828,123.62750244140624
2021-09-27,213.42120361328125,415.03033447265625,163.63999938964844,45.44224548339844,17.568086624145508,123.17304229736328
2021-09-28,208.5672912597656,406.6666564941406,162.0500030517578,44.85544204711914,17.428863525390625,121.25440979003906
2021-09-29,208.1242828369141,407.3511962890625,161.32000732421875,44.43755340576172,17.446266174316406,121.46479034423828
2021-09-30,206.1732940673828,402.3724670410156,164.22000122070312,44.7932014465332,17.559383392333984,121.4479751586914
2021-10-01,209.5003204345703,407.1542663574219,164.58999633789062,44.74873733520508,17.794321060180664,122.47004699707033
2021-10-04,207.5965118408203,401.9035949707031,165.36000061035156,44.0908088684082,18.08146858215332,122.15824127197266
2021-10-05,208.31277465820312,406.08544921875,164.58999633789062,44.4019889831543,18.30770301818848,120.97868347167967
2021-10-06,207.22889709472656,407.7731323242188,165.02999877929688,44.15303802490234,18.00315284729004,121.66112518310548
2021-10-07,210.4239959716797,411.2986145019531,164.16000366210938,45.01547622680664,18.22939109802246,120.38883972167967
2021-10-08,208.84060668945312,410.5484008789063,164.22999572753906,45.18440628051758,18.29030036926269,119.54627227783205
2021-10-11,207.64366149902344,407.576171875,163.9199981689453,45.09549331665039,18.412118911743164,119.24295043945312
2021-10-12,208.7840576171875,406.5729370117188,164.66000366210938,44.86432266235352,18.412118911743164,121.28197479248048
2021-10-13,209.7736968994141,408.0356750488281,167.58999633789062,45.486698150634766,18.516536712646484,122.46156311035156
2021-10-14,212.88394165039065,414.8989868164063,168.0,45.62895965576172,18.70796775817871,122.91657257080078
2021-10-15,212.21481323242188,418.0588989257813,165.3300018310547,46.180206298828125,18.864591598510746,122.20037078857422
2021-10-18,212.0922393798828,419.2965087890625,164.9199981689453,46.06462097167969,18.751474380493164,122.7733383178711
2021-10-19,212.88394165039065,422.5313415527344,165.4499969482422,46.6781005859375,18.794979095458984,121.07971954345705
2021-10-20,214.29774475097656,424.1908874511719,166.89999389648438,46.66921615600586,19.003812789916992,120.2624282836914
2021-10-21,214.8443603515625,425.2972717285156,166.75,46.36691284179688,18.71666717529297,120.11921691894533
2021-10-22,214.33546447753903,424.8565673828125,167.77000427246094,46.26911163330078,18.803682327270508,121.44203186035156
2021-10-25,216.37124633789065,427.135009765625,168.92999267578125,46.5091667175293,18.899396896362305,121.25670623779295
2021-10-26,214.7406768798828,427.51953125,167.67999267578125,46.26911163330078,18.925500869750977,122.25939178466795
2021-10-27,210.7915954589844,425.62548828125,168.1199951171875,45.89568710327149,18.57744789123535,124.48381805419922
2021-10-28,214.9951629638672,429.73236083984375,168.0800018310547,45.94014739990234,18.67316055297852,124.06255340576172
2021-10-29,214.93862915039065,430.6043395996094,166.64999389648438,45.27330780029297,18.57744789123535,124.44164276123048
2021-11-01,220.5088653564453,431.3449401855469,167.52000427246094,45.62895965576172,18.71666717529297,123.5457000732422
2021-11-02,220.97067260742188,433.0890197753906,167.16000366210938,45.21996688842773,18.768877029418945,124.09404754638672
2021-11-03,224.91973876953125,435.7330932617188,165.77000427246094,45.43334579467773,18.29030036926269,122.81172943115234
2021-11-04,224.8349609375,437.7864990234375,167.64999389648438,45.32666015625,18.17718315124512,124.10250091552734
2021-11-05,227.9075164794922,439.3054809570313,169.83999633789062,45.27330780029297,18.429523468017575,125.95860290527344
2021-11-08,228.61441040039065,439.6804504394531,170.4499969482422,45.691192626953125,18.542638778686523,125.72233581542967
2021-11-09,227.28543090820312,438.2272033691406,171.2899932861328,45.513370513916016,18.69056510925293,127.35907745361328
2021-11-10,223.7039337158203,434.7017211914063,173.14999389648438,45.32666015625,18.455625534057617,125.03057098388672
2021-11-11,225.5041046142578,434.8423156738281,174.1199951171875,46.109073638916016,18.58614730834961,124.8449249267578
2021-11-12,225.73031616210935,438.1240539550781,174.4499969482422,46.23354721069336,18.560043334960938,124.29653930664062
2021-11-15,224.8349609375,438.2739868164063,174.17999267578125,46.08240509033203,18.568744659423828,122.73578643798828
2021-11-16,225.24969482421875,440.0086669921875,172.9199981689453,46.14464569091797,18.542638778686523,122.42361450195312
2021-11-17,222.2996368408203,438.9397888183594,174.5,45.90458297729492,18.3773136138916,123.39380645751952
2021-11-18,221.3570709228516,440.4305725097656,173.94000244140625,45.34444046020508,18.43822288513184,123.85785675048828
2021-11-19,219.3401641845703,439.6429443359375,172.61000061035156,45.27330780029297,18.142379760742188,125.16551208496094
2021-11-22,218.4070587158203,438.4053039550781,168.74000549316406,44.908782958984375,18.272897720336918,123.69757080078124
2021-11-23,218.03005981445312,438.9866943359375,167.27999877929688,44.86432266235352,18.60354804992676,121.90901184082033
2021-11-24,218.26568603515625,440.1587219238281,167.1199951171875,44.80208206176758,18.533935546875,123.86634063720705
2021-11-26,210.0375823974609,430.34173583984375,166.85000610351562,43.29949951171875,17.428863525390625,126.99628448486328
2021-11-29,209.9056396484375,435.62060546875,166.6199951171875,43.46842956542969,17.428863525390625,125.97545623779295
2021-11-30,205.62669372558597,427.1443786621094,165.5,43.4239616394043,16.950288772583008,127.89054107666016
2021-12-01,200.99896240234372,422.4000854492188,166.16000366210938,43.58401107788086,16.802364349365234,128.6794891357422
2021-12-02,206.60690307617188,428.8696899414063,165.24000549316406,44.11747741699219,16.950288772583008,128.84002685546875
2021-12-03,202.3655548095703,425.1378784179688,166.6300048828125,43.49509811401367,16.96769142150879,130.37738037109375
2021-12-06,206.42779541015625,430.1730346679688,166.22000122070312,43.83295822143555,17.263538360595703,128.58653259277344
2021-12-07,211.21571350097656,439.0711059570313,166.80999755859375,44.52646255493164,17.52457618713379,127.54763793945312
2021-12-08,212.65777587890625,440.2337036132813,166.89999389648438,44.704288482666016,17.7595157623291,125.34295654296876
2021-12-09,207.841552734375,437.2614135742188,165.8800048828125,44.49089431762695,17.48977279663086,126.0441436767578
2021-12-10,207.26663208007807,441.3775329589844,166.5800018310547,44.52646255493164,17.689905166625977,125.739990234375
2021-12-13,204.23765563964844,437.4676818847656,167.0,43.8203239440918,17.60289192199707,127.59829711914062
2021-12-14,202.47927856445312,434.4578857421875,165.44000244140625,43.72111892700195,17.446266174316406,127.29418182373048
2021-12-15,205.69354248046875,441.246337890625,166.14999389648438,43.5948600769043,17.533281326293945,126.0693588256836
2021-12-16,201.53387451171875,437.3551635742188,168.16000366210938,43.64897537231445,17.637697219848633,126.11852264404295
2021-12-17,203.3868103027344,432.700439453125,167.8000030517578,43.43253707885742,17.428863525390625,127.547607421875
2021-12-20,200.5318145751953,428.0993957519531,167.08999633789062,42.78320693969727,17.307043075561523,126.59197998046876
2021-12-21,206.2607879638672,435.7019958496094,167.02000427246094,43.50468444824219,17.672502517700195,126.1100082397461
2021-12-22,208.2460174560547,440.0584411621094,168.58999633789062,43.71210861206055,17.881336212158203,126.6935043334961
2021-12-23,209.9098663330078,442.7965087890625,168.97000122070312,43.93756103515625,17.97705078125,125.5941925048828
2021-12-27,211.87625122070312,449.0630493164063,169.3699951171875,44.13596725463867,18.20328712463379,125.89862060546876
2021-12-28,210.58108520507807,448.696044921875,168.63999938964844,43.991676330566406,18.168479919433597,125.399658203125
2021-12-29,210.8079833984375,449.2700805664063,168.58999633789062,43.793270111083984,18.2554931640625,124.02973175048828
2021-12-30,210.7512664794922,448.0280151367188,169.8000030517578,44.294960021972656,18.168479919433597,125.06989288330078
2021-12-31,210.29747009277344,446.8988952636719,170.9600067138672,44.078399658203125,18.08146858215332,125.31513214111328
2022-01-03,213.0106964111328,449.4864807128906,168.3300018310547,44.39421463012695,18.151079177856445,122.0255889892578
2022-01-04,212.6892852783203,449.3359375,169.57000732421875,44.240821838378906,18.368614196777344,121.51823425292967
2022-01-05,205.48556518554688,440.7076416015625,169.05999755859375,43.51896286010742,18.29030036926269,120.85861206054688
2022-01-06,206.6578063964844,440.293701171875,166.99000549316406,43.717472076416016,18.44692611694336,121.1714324951172
2022-01-07,204.26600646972656,438.5529174804688,167.75,44.11449432373047,18.48173141479492,120.30043029785156
2022-01-10,203.55699157714844,438.0072326660156,168.25999450683594,44.11449432373047,18.403417587280277,120.59642791748048
2022-01-11,205.72190856933597,441.9967651367188,170.2899932861328,45.13412094116211,18.760173797607425,121.39978790283205
2022-01-12,204.1904144287109,443.1917114257813,170.74000549316406,45.88304901123047,18.908098220825195,120.93470001220705
2022-01-13,202.31857299804688,437.0851745605469,170.16000366210938,45.233375549316406,18.70796775817871,122.0086669921875
2022-01-14,202.6021728515625,437.2639465332031,169.6699981689453,45.215328216552734,18.95160484313965,120.16517639160156
2022-01-18,196.47618103027344,429.5200805664063,169.38999938964844,44.41226196289063,19.099529266357425,118.473876953125
2022-01-19,193.28082275390625,425.0601806640625,172.0800018310547,44.60175323486328,19.20394325256348,119.29417419433594
2022-01-20,189.78298950195312,420.3555908203125,171.64999389648438,44.86343002319336,19.13433265686035,120.02985382080078
2022-01-21,186.22837829589844,412.1037902832031,171.08999633789062,44.2137451171875,19.15173721313477,121.458984375
2022-01-24,190.5203399658203,413.8537902832031,172.02999877929688,43.59115219116211,19.10822868347168,120.46112823486328
2022-01-25,187.9773101806641,408.8011169433594,172.5800018310547,43.50993728637695,19.282257080078125,120.26663970947266
2022-01-26,185.26409912109372,407.7754821777344,169.7899932861328,42.95952224731445,19.325761795043945,118.81214141845705
2022-01-27,181.05718994140625,405.761962890625,167.60000610351562,42.4632453918457,19.421476364135746,120.99388885498048
2022-01-28,184.58343505859372,415.8391723632813,167.10000610351562,42.670780181884766,19.43888282775879,121.03620910644533
2022-01-31,190.2462158203125,423.3288879394531,168.08999633789062,44.06937789916992,19.508493423461918,120.41041564941406
2022-02-01,192.2503662109375,426.1893310546875,168.22999572753906,44.34008026123047,19.58680534362793,120.01067352294922
2022-02-02,190.3406982421875,430.3292846679688,168.83999633789062,44.26789093017578,19.665117263793945,120.41720581054688
2022-02-03,186.7388610839844,420.2144775390625,168.60000610351562,43.79869079589844,19.70862579345703,119.47721099853516
2022-02-04,187.5424346923828,422.19036865234375,168.86000061035156,43.90696334838867,19.865249633789062,117.71585083007812
2022-02-07,188.46893310546875,420.8354797363281,170.11000061035156,43.81673049926758,19.90875625610352,117.79207611083984
2022-02-08,191.68313598632807,424.298095703125,170.6300048828125,44.240821838378906,19.734729766845703,117.00453186035156
2022-02-09,195.3228302001953,430.5081176757813,171.2100067138672,44.93561172485352,19.93486213684082,117.22462463378906
2022-02-10,192.3260040283203,422.7737121582031,170.55999755859375,44.63784790039063,19.830446243286133,115.3616943359375
2022-02-11,190.3785552978516,414.4372253417969,173.80999755859375,43.96110153198242,20.126293182373047,117.0722885131836
2022-02-14,189.71676635742188,413.082275390625,174.74000549316406,43.65431213378906,20.2307071685791,115.6157455444336
2022-02-15,194.8028717041016,419.7440185546875,173.0800018310547,44.60175323486328,19.900056838989254,114.30319213867188
2022-02-16,195.20936584472656,420.2144775390625,174.86000061035156,44.92658996582031,19.926158905029297,114.98065948486328
2022-02-17,190.2083740234375,411.2380981445313,177.25,44.40324020385742,20.09148406982422,115.83588409423828
2022-02-18,188.5728912353516,408.5753479003906,177.1199951171875,43.96110153198242,20.1697998046875,117.05530548095705
2022-02-22,185.9164276123047,404.1905822753906,177.49000549316406,43.3385009765625,20.45694351196289,117.36014556884766
2022-02-23,182.4374084472656,397.0208129882813,178.2899932861328,42.83320236206055,20.64837455749512,115.74273681640624
2022-02-24,187.22100830078125,402.99560546875,177.13999938964844,41.94892883300781,20.735387802124023,115.81895446777344
2022-02-25,191.4373779296875,411.8872985839844,176.5500030517578,42.72491836547852,20.42213630676269,115.90363311767578
2022-02-28,192.21255493164065,410.8335266113281,178.3800048828125,42.16547393798828,20.77019500732422,118.44409942626952
2022-03-01,188.59181213378903,404.576416015625,181.6199951171875,41.60604476928711,21.605525970458984,119.81355285644533
2022-03-02,193.0822906494141,412.0191345214844,179.72999572753906,41.67823028564453,22.31033706665039,115.71795654296876
2022-03-03,190.7945251464844,409.9678039550781,180.8000030517578,41.09172439575195,22.55397605895996,116.89659118652344
2022-03-04,187.80714416503903,406.6370544433594,183.67999267578125,40.26158142089844,23.502426147460938,118.91474151611328
2022-03-07,183.1370086669922,394.6497192382813,186.41000366210935,38.75470733642578,24.01580810546875,118.00743103027344
2022-03-08,184.1485748291016,391.65765380859375,191.50999450683597,38.88102722167969,24.42477226257324,116.82030487060548
2022-03-09,189.3386383056641,402.15826416015625,185.82000732421875,39.98186111450195,22.48436546325684,115.67561340332033
2022-03-10,188.998291015625,400.3422546386719,186.3999938964844,39.23293685913086,22.214624404907227,114.01360321044922
2022-03-11,185.9825592041016,395.2519226074219,185.08999633789065,38.41182708740234,22.59748077392578,114.39517974853516
2022-03-14,182.1822204589844,392.3632507324219,182.3000030517578,37.48243713378906,21.93617820739746,111.72420501708984
2022-03-15,185.08447265625,400.9914855957031,178.88999938964844,37.53657150268555,21.39669418334961,111.52918243408205
2022-03-16,190.9079742431641,409.8832092285156,180.00999450683594,40.559349060058594,21.21396255493164,112.62298583984376
2022-03-17,193.9047698974609,415.01123046875,180.88999938964844,40.35181427001953,22.232023239135746,111.78355407714844
2022-03-18,195.94679260253903,419.55670166015625,179.3000030517578,40.929298400878906,22.33644294738769,113.14869689941406
2022-03-21,194.21676635742188,419.4339904785156,180.6699981689453,40.29767990112305,23.17177391052246,110.52862548828124
2022-03-22,196.16421508789065,424.3420104980469,179.36000061035156,41.02856063842773,23.119564056396484,109.112548828125
2022-03-23,192.7609100341797,418.8771667480469,181.80999755859372,40.75785827636719,23.69385528564453,111.50372314453124
2022-03-24,194.97738647460935,425.1914367675781,183.1300048828125,40.97441482543945,23.458919525146484,110.63037109375
2022-03-25,195.24264526367188,427.267822265625,182.3800048828125,40.64958190917969,23.632946014404297,109.09557342529295
2022-03-28,195.30889892578125,430.3070983886719,179.05999755859375,40.784934997558594,22.606185913085938,110.02832794189452
2022-03-29,200.53761291503903,435.63037109375,179.13999938964844,41.47971725463867,22.69319725036621,110.85930633544922
2022-03-30,196.5118865966797,432.9404602050781,180.5800018310547,41.36241149902344,23.102163314819336,111.72420501708984
2022-03-31,194.4374847412109,426.2769165039063,180.6499938964844,40.73981475830078,22.67579460144043,111.99551391601562
2022-04-01,196.6161346435547,427.4850158691406,179.5,41.41655731201172,22.823719024658203,112.42186737060548
2022-04-04,196.9381561279297,431.1470947265625,180.3699951171875,42.147438049316406,23.258787155151367,111.64058685302734
2022-04-05,192.2778167724609,425.70111083984375,179.24000549316406,41.37143325805664,23.067358016967773,109.11833190917967
2022-04-06,189.5497894287109,421.44439697265625,179.66000366210938,40.83004379272461,22.88463020324707,108.23514556884766
2022-04-07,188.9340667724609,423.5680236816406,180.33999633789065,40.50521087646485,22.962940216064453,107.41986846923828
2022-04-08,187.427978515625,422.4354553222656,181.47000122070312,40.54130172729492,23.25008583068848,106.25638580322266
2022-04-11,186.16818237304688,415.2151184082031,182.3699951171875,40.0359992980957,23.05865478515625,104.57489776611328
2022-04-12,186.7554626464844,413.6766052246094,183.7700042724609,39.90967559814453,23.746065139770508,104.4305648803711
2022-04-13,190.3075408935547,418.4146728515625,184.6499938964844,40.43303298950195,24.26814842224121,104.64286041259766
2022-04-14,188.46047973632807,413.2046813964844,184.0399932861328,39.90967559814453,24.450876235961918,102.54524230957033
2022-04-18,187.191162109375,413.3745422363281,184.6100006103516,39.77433013916016,24.729320526123047,102.03568267822266
2022-04-19,190.9232635498047,420.0475158691406,181.82000732421875,39.57582092285156,24.0941219329834,101.27139282226562
2022-04-20,191.65264892578125,419.7359924316406,182.7100067138672,39.34121322631836,24.12022399902344,103.30955505371094
2022-04-21,187.36167907714844,413.4595642089844,182.05999755859372,38.5832633972168,24.085418701171875,102.54524230957033
2022-04-22,182.51187133789065,402.1145629882813,180.2899932861328,38.24038696289063,23.62424659729004,101.89981079101562
2022-04-25,183.62013244628903,404.44580078125,177.0500030517578,37.96066665649414,23.450218200683597,102.9188995361328
2022-04-26,177.8325958251953,392.7327270507813,177.32000732421875,37.13052749633789,23.77216911315918,103.95496368408205
2022-04-27,177.09375,393.8370666503906,175.97999572753906,37.56363677978516,23.9374942779541,102.62166595458984
2022-04-28,180.3995513916016,403.78515625,176.92999267578125,38.10504531860352,24.13762664794922,102.7745361328125
2022-04-29,175.1898193359375,388.8629760742188,176.91000366210938,38.24038696289063,23.95490074157715,101.44123077392578
2022-05-02,177.02745056152344,391.2037658691406,173.6300048828125,38.18624114990234,24.320356369018555,99.68286895751952
2022-05-03,178.54298400878906,392.9969787597656,174.08999633789062,38.46596908569336,23.981002807617188,100.35491180419922
2022-05-04,183.3075256347656,404.9649658203125,175.8000030517578,38.88102722167969,24.729320526123047,100.90785217285156
2022-05-05,175.87179565429688,390.5713195800781,175.1300048828125,37.44634628295898,24.598800659179688,98.14313507080078
2022-05-06,172.94482421875,388.2400207519531,175.4199981689453,36.9320182800293,24.62490463256836,96.69698333740234
2022-05-09,165.67015075683594,375.80963134765625,172.8800048828125,35.86728286743164,23.51112937927246,97.54763793945312
2022-05-10,165.71754455566406,376.6780090332031,171.4199981689453,36.03871154785156,23.371906280517575,98.43235778808594
2022-05-11,161.5970916748047,370.6940612792969,172.82000732421875,35.786067962646484,23.946195602416992,100.32938385009766
2022-05-12,163.4915313720703,370.3070373535156,170.1699981689453,35.55146789550781,24.059314727783203,100.14224243164062
2022-05-13,168.6728515625,379.1603088378906,168.7899932861328,36.53499221801758,24.38996696472168,98.6620635986328
2022-05-16,167.8677215576172,377.6217956542969,170.39999389648438,36.39062881469727,24.79022979736328,98.55998992919922
2022-05-17,173.00172424316406,385.3896484375,169.3300018310547,37.28392028808594,24.520488739013672,97.3690185546875
2022-05-18,166.93946838378906,369.85400390625,169.4199981689453,36.39062881469727,23.98970413208008,99.4447021484375
2022-05-19,167.21414184570312,367.58880615234375,171.91000366210938,36.96811676025391,24.294252395629883,99.68286895751952
2022-05-20,166.78785705566406,367.7491760253906,172.02999877929688,37.12150192260742,24.32905578613281,100.81427001953124
2022-05-23,168.80548095703125,374.6298522949219,172.8300018310547,37.4012336730957,24.51178741455078,99.15544891357422
2022-05-24,166.3048095703125,371.7698974609375,174.1300048828125,36.75155258178711,24.494384765625,101.11200714111328
2022-05-25,169.29803466796875,375.0545654296875,173.0800018310547,36.9320182800293,24.66841125488281,101.5118408203125
2022-05-26,173.07748413085938,382.5486755371094,172.75999450683594,37.50950241088867,24.93815422058105,101.052490234375
2022-05-27,177.73785400390625,391.9399108886719,172.85000610351562,37.9426155090332,25.23400115966797,101.29917907714844
2022-05-31,175.5308380126953,389.74072265625,171.13999938964844,38.4749870300293,25.05997467041016,99.15544891357422
2022-06-01,174.53622436523438,386.5882568359375,172.22999572753906,38.20429611206055,25.181793212890625,99.04212188720705
2022-06-02,178.7987060546875,393.9502868652344,174.35000610351562,38.86298751831055,25.756084442138672,99.0932388305664
2022-06-03,177.18844604492188,387.4849548339844,172.5800018310547,38.23136138916016,25.99972152709961,98.88018035888672
2022-06-06,177.9556884765625,388.6647338867188,171.82000732421875,38.43888854980469,26.11284065246582,97.05648803710938
2022-06-07,180.8258209228516,392.3929138183594,172.94000244140625,38.55619430541992,26.286867141723636,98.10472106933594
2022-06-08,178.03146362304688,388.1268310546875,172.77999877929688,38.76373291015625,26.521806716918945,97.23548126220705
2022-06-09,174.34088134765625,378.8960266113281,172.22999572753906,37.846466064453125,26.56531143188477,97.5592803955078
2022-06-10,169.61122131347656,367.9096374511719,174.5399932861328,37.42786407470703,26.30426979064941,96.95423126220705
2022-06-13,161.64306640625,353.9407958984375,169.92999267578125,36.11747741699219,26.008424758911133,93.91188049316406
2022-06-14,160.8643035888672,352.8742370605469,168.57000732421875,36.617977142333984,25.72127914428711,92.72734832763672
2022-06-15,163.21957397460938,357.90496826171875,170.77000427246094,37.10027313232422,25.73868179321289,94.4573211669922
2022-06-16,155.65977478027344,346.0597839355469,172.69000244140625,35.96278762817383,25.85179901123047,95.20724487304688
2022-06-17,156.8754425048828,346.80572509765625,171.27000427246094,36.09928512573242,24.929452896118164,95.51402282714844
2022-06-21,159.68663024902344,355.5360107421875,170.6300048828125,36.68167495727539,24.86854362487793,93.89485931396484
2022-06-22,159.3826904296875,354.8914794921875,171.30999755859375,36.0264778137207,24.42477226257324,96.47698974609376
2022-06-23,161.29165649414062,358.3703308105469,170.25999450683594,36.13567733764648,23.876585006713867,97.26953887939452
2022-06-24,166.28720092773438,369.7643737792969,170.08999633789062,36.99106979370117,24.10282325744629,95.92308044433594
2022-06-27,166.904541015625,368.35198974609375,169.89999389648438,37.03657150268555,24.050613403320312,95.10496520996094
2022-06-28,163.77044677734375,360.825439453125,169.6199951171875,36.80907440185547,24.337757110595703,95.5481185913086
2022-06-29,162.10842895507812,360.5316467285156,169.49000549316406,36.66347885131836,23.920093536376957,97.03945922851562
2022-06-30,160.84532165527344,357.6025695800781,168.4600067138672,36.49057769775391,23.18047332763672,97.89166259765624
2022-07-01,162.792236328125,361.384765625,168.32000732421875,36.26308059692383,23.29359436035156,98.89667510986328
2022-07-05,164.14083862304688,362.0671691894531,164.75,35.98098373413086,21.727344512939453,99.67372131347656
2022-07-06,162.92514038085938,363.2900390625,162.13999938964844,35.76258087158203,21.405393600463867,98.0000991821289
2022-07-07,166.78106689453125,368.7311096191406,162.22999572753906,36.48147964477539,22.29293441772461,97.13764190673828
2022-07-08,166.76205444335938,368.42779541015625,162.3000030517578,36.48147964477539,22.68449592590332,96.06178283691406
2022-07-11,163.40953063964844,364.2190551757813,161.42999267578125,35.507789611816406,22.6409912109375,97.71829223632812
2022-07-12,162.8491973876953,360.9961242675781,160.8300018310547,35.37128448486328,21.614227294921875,98.29895782470705
2022-07-13,162.70675659179688,359.10028076171875,161.60000610351562,35.28939437866211,21.736045837402344,99.42606353759766
2022-07-14,161.03521728515625,358.2281494140625,159.3300018310547,34.97089767456055,21.53591537475586,98.61485290527344
2022-07-15,164.38775634765625,365.0721435546875,159.00999450683594,35.15289306640625,21.814359664916992,99.16991424560548
2022-07-18,163.92239379882812,362.0577697753906,159.16000366210938,35.398590087890625,22.22332572937012,98.1366958618164
2022-07-19,169.70619201660156,371.8403015136719,159.5399932861328,35.98098373413086,22.31033706665039,97.60726928710938
2022-07-20,172.36544799804688,374.2100524902344,158.0399932861328,35.82627868652344,22.29293441772461,97.8634796142578
2022-07-21,173.24867248535156,378.020751953125,160.27000427246094,36.23577499389648,21.918773651123047,99.55416870117188
2022-07-22,170.48495483398438,374.513427734375,160.6699981689453,35.87178039550781,21.65773582458496,101.22775268554688
2022-07-25,171.36822509765625,374.9684143066406,160.22999572753906,35.99918365478516,22.049293518066406,100.2372589111328
2022-07-26,170.31399536132812,370.5321044921875,160.0399932861328,35.71708679199219,22.092803955078125,100.3141098022461
2022-07-27,174.1888885498047,380.1535339355469,161.6699981689453,36.38137435913086,22.59748077392578,99.75054168701172
2022-07-28,176.58218383789062,384.9216003417969,163.63999938964844,36.536075592041016,22.614885330200195,100.5446548461914
2022-07-29,177.83584594726562,390.53326416015625,164.10000610351562,36.36317825317383,22.71930313110352,100.27142333984376
2022-08-01,177.7693634033203,389.3768005371094,165.02999877929688,36.05378341674805,22.25812721252441,102.6863021850586
2022-08-02,177.59841918945312,386.8079833984375,164.0500030517578,35.880882263183594,22.14501190185547,100.51348876953124
2022-08-03,180.2101593017578,392.86517333984375,164.4499969482422,36.16298294067383,21.95357894897461,102.0960464477539
2022-08-04,179.8302764892578,392.5997619628906,167.1699981689453,36.41777420043945,21.71864318847656,102.06183624267578
2022-08-05,181.20738220214844,391.9361877441406,165.2899932861328,36.45417404174805,21.640331268310547,99.63238525390624
2022-08-08,183.12582397460935,391.4812316894531,166.69000244140625,36.49967575073242,21.90137481689453,101.24061584472656
2022-08-09,180.6280670166016,389.9266052246094,167.1999969482422,36.36317825317383,22.0841007232666,100.8471221923828
2022-08-10,185.7850341796875,398.1165771484375,166.77999877929688,36.81816482543945,22.388648986816406,100.18843841552734
2022-08-11,186.47836303710935,398.1165771484375,166.33999633789062,36.963775634765625,22.823719024658203,97.85309600830078
2022-08-12,190.2866973876953,404.8562927246094,167.8699951171875,37.35506820678711,22.70190048217773,98.84542083740234
2022-08-15,190.96104431152344,406.524658203125,165.7100067138672,37.182167053222656,22.4234561920166,98.75988006591795
2022-08-16,190.88507080078125,407.3209228515625,165.4199981689453,37.17306518554688,22.171113967895508,99.1704559326172
2022-08-17,187.67495727539065,404.4298095703125,164.35000610351562,37.01836013793945,22.25812721252441,98.13540649414062
2022-08-18,188.9191436767578,405.6051330566406,163.9199981689453,36.80907440185547,22.59748077392578,98.28083038330078
2022-08-19,184.86380004882807,400.1546325683594,162.72000122070312,36.30857849121094,22.58877944946289,96.6982650756836
2022-08-22,181.055419921875,391.8224182128906,161.63999938964844,35.99008560180664,22.78891372680664,96.37320709228516
2022-08-23,181.34983825683597,390.8745727539063,162.77000427246094,36.1811752319336,23.163074493408203,95.84281158447266
2022-08-24,182.7364044189453,392.1257934570313,163.25,36.17207717895508,23.406709671020508,95.1413803100586
2022-08-25,185.5761260986328,397.6616821289063,163.75,36.95466995239258,23.076061248779297,96.46729278564452
2022-08-26,179.4788818359375,384.20111083984375,161.75999450683594,36.40867614746094,23.17177391052246,97.19441986083984
2022-08-29,177.82635498046875,381.6606750488281,161.86000061035156,36.1811752319336,23.51112937927246,96.39031982421876
2022-08-30,175.33807373046875,377.4709167480469,160.50999450683594,35.75348281860352,22.85852432250977,96.62981414794922
2022-08-31,174.2743682861328,374.5987243652344,159.27000427246094,35.880882263183594,22.37994766235352,95.70596313476562
2022-09-01,172.37493896484375,375.774169921875,157.8699951171875,35.598785400390625,21.90137481689453,93.9537582397461
2022-09-02,171.0358428955078,371.8117980957031,159.25999450683594,35.271183013916016,22.049293518066406,94.48523712158205
2022-09-06,169.3452911376953,370.4089660644531,158.3300018310547,34.85259246826172,21.918773651123047,92.1449737548828
2022-09-07,173.03024291992188,377.0632934570313,159.94000244140625,35.161991119384766,21.39669418334961,93.6022720336914
2022-09-08,174.4738311767578,379.5279235839844,158.97999572753906,34.97089767456055,21.483705520629883,92.64216613769533
2022-09-09,177.9783172607422,385.4240112304688,159.82000732421875,35.48958206176758,22.092803955078125,92.8479232788086
2022-09-12,180.13417053222656,389.56640625,160.6300048828125,36.01738357543945,22.39735221862793,92.0849609375
2022-09-13,173.0872039794922,372.6270751953125,158.5399932861328,34.907196044921875,22.28423500061035,92.29925537109376
2022-09-14,173.7615203857422,374.0489196777344,157.92999267578125,35.08009338378906,22.37994766235352,92.61644744873048
2022-09-15,172.49838256835938,369.8022155761719,154.97999572753906,34.70699691772461,21.727344512939453,92.55646514892578
2022-09-16,169.9911346435547,366.9811401367188,155.83999633789062,34.38850021362305,21.649030685424805,91.78492736816406
2022-09-19,171.4442138671875,369.8270263671875,155.9600067138672,34.49769592285156,21.71864318847656,91.99922943115234
2022-09-20,169.10791015625,365.5819396972656,155.07000732421875,34.30659866333008,21.69253921508789,91.08196258544922
2022-09-21,166.5246124267578,359.2048034667969,155.7899932861328,33.73330307006836,21.56201934814453,92.60787963867188
2022-09-22,162.77322387695312,356.18756103515625,155.6999969482422,33.56950759887695,21.62292861938477,90.2418975830078
2022-09-23,158.8983612060547,350.2197265625,153.00999450683594,32.741416931152344,20.892013549804688,90.61050415039062
2022-09-26,156.72276306152344,346.75506591796875,151.22999572753906,32.34101867675781,20.404735565185547,88.87890625
2022-09-27,157.2572784423828,345.869873046875,151.5399932861328,32.30462646484375,20.622270584106445,86.53860473632812
2022-09-28,162.23098754882812,352.67535400390625,154.69000244140625,32.586727142333984,21.19655990600586,89.43608093261719
2022-09-29,158.5938262939453,345.3083190917969,154.66000366210938,31.85872840881348,21.066038131713867,88.9731674194336
2022-09-30,157.438720703125,339.9685363769531,154.6699981689453,31.740428924560547,20.80500030517578,87.82450866699219
2022-10-03,161.6104736328125,348.9442443847656,158.42999267578125,32.259124755859375,21.274873733520508,89.2199935913086
2022-10-04,168.01608276367188,359.7568054199219,160.6999969482422,33.31471633911133,21.849164962768555,88.97076416015625
2022-10-05,166.7750701904297,358.919189453125,159.80999755859375,33.332916259765625,22.240726470947266,88.12008666992188
2022-10-06,165.8395538330078,355.2167358398437,159.6300048828125,33.13271713256836,22.37994766235352,87.63025665283203
2022-10-07,160.9613037109375,345.3083190917969,157.8800048828125,32.441123962402344,22.614885330200195,86.77955627441406
2022-10-10,160.06396484375,342.6717529296875,155.47999572753906,31.986129760742188,22.362546920776367,85.43049621582031
2022-10-11,160.11170959472656,340.50164794921875,155.16000366210938,31.47653579711914,22.04059410095215,85.8085708618164
2022-10-12,159.67257690429688,339.37847900390625,155.99000549316406,31.5129337310791,22.04059410095215,86.2296142578125
2022-10-13,163.62474060058594,348.3350524902344,154.91000366210938,31.603931427001957,22.345144271850582,85.40470123291016
2022-10-14,159.24298095703125,340.3969421386719,152.97999572753906,31.1307373046875,21.90137481689453,84.70010375976562
2022-10-17,164.3216552734375,349.1441650390625,153.4199981689453,31.986129760742188,21.849164962768555,84.28762817382812
2022-10-18,166.26910400390625,353.2464294433594,153.75,31.995229721069336,21.614227294921875,84.48526763916016
2022-10-19,163.44337463378906,350.7431030273437,151.69000244140625,31.412830352783203,21.605525970458984,82.94715881347656
2022-10-20,161.36227416992188,347.8020324707031,151.4499969482422,31.613037109375,21.62292861938477,81.52935028076172
2022-10-21,164.8657684326172,356.254150390625,154.14999389648438,32.0953254699707,21.649030685424805,80.05992889404297
2022-10-24,165.57225036621094,360.6134338378906,153.64999389648438,30.875940322875977,21.709941864013672,79.39828491210938
2022-10-25,170.08766174316406,366.3719787597656,154.0,31.1307373046875,21.83176040649414,81.70977783203125
2022-10-26,170.92774963378906,363.6116638183594,154.97999572753906,31.64032554626465,22.240726470947266,82.8869857788086
2022-10-27,170.96591186523438,361.66998291015625,154.74000549316406,31.39463233947754,22.275531768798828,83.75492095947266
2022-10-28,174.851318359375,370.2744445800781,153.16000366210938,31.20353889465332,22.01449012756348,83.17916107177734
2022-10-31,175.0135955810547,367.5997009277344,151.91000366210938,31.11254119873047,21.857866287231445,82.58625793457031
2022-11-01,175.25221252441406,365.9911804199219,153.4600067138672,31.68583106994629,22.18851852416992,83.35807800292969
2022-11-02,169.43849182128906,356.8061828613281,152.38999938964844,31.421932220458984,22.388648986816406,82.99627685546875
2022-11-03,168.30245971679688,353.1322326660156,151.80999755859375,31.603931427001957,22.371246337890625,82.54833221435547
2022-11-04,170.57449340820312,358.2148742675781,156.47000122070312,32.941612243652344,23.12826538085937,81.16148376464844
2022-11-07,171.3477783203125,361.6414794921875,155.85000610351562,32.959815979003906,22.92813491821289,80.35176086425781
2022-11-08,171.41461181640625,363.5926208496094,159.4499969482422,33.196414947509766,22.64969062805176,81.23042297363281
2022-11-09,166.70823669433594,356.101806640625,158.64999389648438,32.62311553955078,22.127609252929688,81.49744415283203
2022-11-10,176.97056579589844,375.6710815429688,163.47999572753906,33.80610275268555,22.32773971557617,84.63291931152344
2022-11-11,178.42161560058594,379.30706787109375,164.55999755859375,34.72519302368164,22.75410842895508,84.32286071777344
2022-11-14,176.42645263671875,376.0804443359375,164.9199981689453,34.51590347290039,22.41475486755371,84.1161117553711
2022-11-15,179.0421600341797,379.2880554199219,165.5,35.30759048461914,22.67579460144043,85.47710418701172
2022-11-16,175.891845703125,376.3945007324219,165.1199951171875,34.7433967590332,22.4234561920166,87.34637451171875
2022-11-17,174.25941467285156,375.2428588867188,163.9199981689453,34.807098388671875,22.049293518066406,86.42465209960938
2022-11-18,175.38587951660156,376.9465637207031,162.7899932861328,34.60689926147461,21.89266967773437,85.83029174804688
2022-11-21,174.4694366455078,375.575927734375,161.8800048828125,34.170101165771484,21.814359664916992,86.19208526611328
2022-11-22,176.3309783935547,380.6300964355469,162.07000732421875,34.25200271606445,22.04059410095215,87.41526794433594
2022-11-23,176.78919982910156,383.0287170410156,163.0800018310547,34.53409957885742,21.736045837402344,88.93997192382812
2022-11-25,177.16151428222656,382.9429931640625,163.22000122070312,34.37030029296875,21.54461669921875,88.63847351074219
2022-11-28,173.59115600585938,376.8323364257813,161.92999267578125,34.21560287475586,21.41409683227539,88.8883285522461
2022-11-29,174.0971221923828,376.1850891113281,162.72999572753906,34.95269012451172,21.69253921508789,87.84593200683594
2022-11-30,178.8703155517578,388.0351257324219,164.80999755859375,35.96278762817383,22.1798152923584,88.49202728271484
2022-12-01,178.4789276123047,387.7496337890625,167.83999633789062,35.844486236572266,22.066699981689453,91.31897735595705
2022-12-02,179.5194854736328,387.3023681640625,167.25999450683594,35.98098373413086,21.83176040649414,92.46737670898438
2022-12-05,174.57444763183594,380.3350830078125,164.38999938964844,35.57148742675781,21.26617431640625,91.17219543457033
2022-12-06,171.90145874023438,374.8525085449219,164.83999633789062,35.5259895324707,20.92681884765625,92.34651184082033
2022-12-07,171.39552307128906,374.2148742675781,166.3300018310547,35.31669616699219,20.82240104675293,94.52239990234376
2022-12-08,172.63648986816406,377.1464538574219,166.47000122070312,35.744384765625,20.787595748901367,94.26339721679688
2022-12-09,170.51722717285156,374.3290710449219,167.05999755859375,35.507789611816406,20.81369972229004,91.8111343383789
2022-12-12,172.5220184326172,379.7258911132813,165.67999267578125,35.398590087890625,21.039934158325195,92.10472869873048
2022-12-13,173.95094299316406,382.6003112792969,168.50999450683594,35.651729583740234,21.38799095153809,92.99407196044922
2022-12-14,172.80966186523438,380.1541748046875,168.10000610351562,35.670204162597656,21.55331802368164,93.39128875732422
2022-12-15,168.48439025878906,370.85491943359375,165.35000610351562,34.84797286987305,21.292274475097656,93.7556610107422
2022-12-16,167.2280731201172,366.4765930175781,166.7899932861328,34.9495964050293,21.022533416748047,92.70835876464844
2022-12-19,164.96473693847656,363.3689270019531,166.32000732421875,34.9773063659668,20.983139038085938,91.1503677368164
2022-12-20,165.83746337890625,363.8662109375,169.0800018310547,34.96806716918945,21.079435348510746,89.53179168701172
2022-12-21,168.6953887939453,369.3069152832031,168.8000030517578,35.28218078613281,21.350805282592773,89.75685119628906
2022-12-22,166.48959350585938,364.0383605957031,166.75999450683594,34.96806716918945,21.079435348510746,89.73954772949219
2022-12-23,167.2472381591797,366.1324157714844,167.25999450683594,34.921878814697266,21.4646053314209,88.4239501953125
2022-12-27,166.12515258789062,364.6885681152344,168.6699981689453,35.43924331665039,21.657190322875977,86.67554473876953
2022-12-28,163.5453338623047,360.1562194824219,167.91000366210938,34.921878814697266,21.412080764770508,86.16486358642578
2022-12-29,167.6884002685547,366.6391906738281,168.85000610351562,35.50391387939453,21.385820388793945,87.1429443359375
2022-12-30,167.21847534179688,365.6733703613281,169.63999938964844,35.01426696777344,21.578407287597656,86.17349243164062
2023-01-03,166.29779052734375,364.1339416503906,171.05999755859375,35.309898376464844,21.061925888061523,87.8180160522461
2023-01-04,168.3693389892578,366.9451599121094,172.6699981689453,36.37232971191406,20.68550682067871,89.02113342285156
2023-01-05,166.56629943847656,362.7571105957031,170.52000427246094,36.261478424072266,20.580461502075195,89.39334869384766
2023-01-06,170.3065948486328,371.0758361816406,173.7100067138672,37.019039154052734,20.69426155090332,91.03785705566406
2023-01-09,170.5942840576172,370.8654479980469,174.10000610351562,37.29619598388672,20.93937110900879,91.5225601196289
2023-01-10,173.1165313720703,373.4664001464844,174.74000549316406,37.56412124633789,20.93937110900879,90.00784301757812
2023-01-11,175.2744140625,378.1898498535156,174.6199951171875,37.72117233276367,21.31578826904297,91.47062683105467
2023-01-12,178.21865844726562,379.5667419433594,176.63999938964844,37.90594100952149,21.490867614746094,93.27095794677734
2023-01-13,179.3887176513672,381.039306640625,178.75999450683594,38.1553840637207,21.700963973999023,92.39678192138672
2023-01-17,179.16812133789062,380.3412780761719,177.58999633789062,37.94289016723633,21.84977912902832,91.7995376586914
2023-01-18,176.27182006835938,374.33642578125,177.0800018310547,37.6842155456543,21.61342430114746,94.02397918701172
2023-01-19,174.58387756347656,371.611328125,179.88999938964844,37.97061538696289,21.83227157592773,93.43540954589844
2023-01-20,177.46102905273438,378.5340576171875,179.2899932861328,38.552642822265625,21.963579177856445,91.92070770263672
2023-01-23,179.6572265625,383.0758666992188,179.6300048828125,38.82979583740234,22.016101837158203,91.48796081542967
2023-01-24,179.27362060546875,382.664794921875,180.27999877929688,38.85751724243164,21.8935489654541,92.80358123779295
2023-01-25,179.7722930908203,382.8082275390625,181.1100006103516,38.89446640014648,21.83227157592773,93.02862548828124
2023-01-26,180.83688354492188,387.0154724121094,179.47000122070312,39.26401138305664,21.928564071655277,92.59584045410156
2023-01-27,181.8151092529297,387.9046630859375,179.22000122070312,39.07924270629883,21.683454513549805,92.36214447021484
2023-01-30,179.283203125,383.0377197265625,178.75999450683594,38.2939682006836,21.403329849243164,92.02458953857422
2023-01-31,183.6372528076172,388.6696472167969,179.41000366210938,38.2108154296875,21.770994186401367,92.76030731201172
2023-02-01,186.52395629882807,392.8003234863281,181.6699981689453,38.68198394775391,21.359560012817383,93.87535858154295
2023-02-02,190.19711303710935,398.5183410644531,177.89999389648438,38.45101165771485,21.201988220214844,93.9968719482422
2023-02-03,188.9215850830078,394.282470703125,173.4600067138672,37.76736831665039,20.667999267578125,92.5910873413086
2023-02-06,186.18829345703125,391.8728332519531,173.82000732421875,37.21304702758789,20.729278564453125,91.90552520751952
2023-02-07,187.5693359375,396.99798583984375,173.97999572753906,37.3608627319336,21.12320327758789,91.16796875
2023-02-08,184.82647705078125,392.6568908691406,174.41000366210938,37.31467056274414,21.16697120666504,91.60182189941406
2023-02-09,182.1507568359375,389.25286865234375,173.02999877929688,37.49020767211914,21.00064849853516,90.73406982421876
2023-02-10,182.51519775390625,390.1612854003906,173.36000061035156,37.12989807128906,21.298280715942383,89.71876525878906
2023-02-13,184.7114105224609,394.7413635253906,172.47999572753906,37.43477249145508,21.254512786865234,90.47371673583984
2023-02-14,184.6250457763672,394.5597534179688,172.61000061035156,37.3701057434082,21.324542999267575,90.26545715332033
2023-02-15,186.4951934814453,395.841064453125,170.88999938964844,37.05599212646485,21.09694099426269,89.42371368408203
2023-02-16,184.7114105224609,390.3907775878906,170.75,37.06522750854492,21.035663604736328,88.15677642822266
2023-02-17,185.2196807861328,389.4154357910156,171.25999450683594,36.65873336791992,20.878093719482425,88.84230041503906
2023-02-21,179.7531280517578,381.60345458984375,170.6199951171875,36.196807861328125,20.904354095458984,87.115478515625
2023-02-22,180.2422332763672,381.0775146484375,169.66000366210938,36.021270751953125,20.632984161376957,87.91381072998047
2023-02-23,181.5273284912109,383.1046447753906,169.57000732421875,36.196807861328125,20.79055404663086,88.77291870117188
2023-02-24,179.82986450195312,379.0121765136719,168.35000610351562,35.38380432128906,20.72052383422852,87.6187515258789
2023-02-27,180.46282958984372,380.3030700683594,169.00999450683594,35.56857681274414,20.73802947998047,87.86173248291016
2023-02-28,180.472412109375,378.8974304199219,169.77999877929688,35.31913375854492,20.79930877685547,88.26091003417969
2023-03-01,180.7026214599609,377.4440002441406,170.75999450683594,36.076698303222656,21.158218383789062,87.31271362304688
2023-03-02,181.13417053222656,380.3794860839844,170.66000366210938,36.2060432434082,21.079435348510746,86.53851318359375
2023-03-03,183.6564483642578,386.4799499511719,172.49000549316406,36.529388427734375,21.412080764770508,88.63497924804688
2023-03-06,180.97113037109372,386.7477722167969,171.6199951171875,36.40005874633789,21.307035446166992,87.9477310180664
2023-03-07,178.8708038330078,380.8193664550781,168.6199951171875,35.79030990600586,20.869340896606445,88.48710632324219
2023-03-08,178.95718383789062,381.44091796875,168.5399932861328,35.93812561035156,20.75553703308105,88.57408905029297
2023-03-09,173.97972106933594,374.4034118652344,170.1999969482422,35.14360809326172,20.50167655944824,88.79156494140625
2023-03-10,168.96392822265625,369.0009460449219,173.8699951171875,34.958824157714844,20.72052383422852,91.85359954833984
2023-03-13,166.21145629882812,368.4750671386719,177.86000061035156,35.01426696777344,20.58921432495117,92.06243133544922
2023-03-14,169.29002380371094,374.5659484863281,176.8300018310547,35.03274154663086,20.326595306396484,90.54874420166016
2023-03-15,166.49917602539062,372.2232971191406,178.2100067138672,34.43223571777344,19.85388565063477,92.29727935791016
2023-03-16,168.7720947265625,378.7540283203125,178.57000732421875,34.958824157714844,19.915163040161133,91.57525634765624
2023-03-17,164.21665954589844,374.3253479003906,183.7700042724609,34.74634552001953,19.85388565063477,92.94972229003906
2023-03-20,166.3457489013672,377.9247131347656,183.83999633789065,34.87568664550781,19.93267059326172,92.13199615478516
2023-03-21,169.41468811035156,382.8870544433594,180.3699951171875,35.189796447753906,20.00270271301269,91.34039306640624
2023-03-22,164.60987854003906,376.360107421875,183.44000244140625,35.328372955322266,20.055225372314453,92.55826568603516
2023-03-23,163.8792724609375,377.3776550292969,185.7400054931641,35.81801986694336,20.00270271301269,92.55826568603516
2023-03-24,165.3616485595703,379.8539733886719,183.6499938964844,35.72563552856445,20.0989933013916,92.94972229003906
2023-03-27,167.20018005371094,380.5642395019531,181.9499969482422,35.53162384033203,20.47541236877441,90.76625061035156
2023-03-28,166.95953369140625,379.71002197265625,183.44000244140625,36.03974533081055,20.571706771850582,90.93153381347656
2023-03-29,168.8557891845703,385.2290344238281,182.52999877929688,36.1413688659668,20.440399169921875,90.74884796142578
2023-03-30,168.62481689453125,387.4846496582031,184.17999267578125,36.50167465209961,20.58921432495117,91.16638946533205
2023-03-31,171.72430419921875,392.9461059570313,183.22000122070312,36.45548248291016,20.781801223754883,92.53216552734376
2023-04-03,171.8013153076172,394.4434509277344,184.5399932861328,36.529388427734375,21.12320327758789,92.9673309326172
2023-04-04,168.7884063720703,392.2550659179688,187.97999572753903,36.529388427734375,21.09694099426269,93.4295883178711
2023-04-05,167.13279724121094,391.2280578613281,187.8300018310547,36.24299621582031,21.17572784423828,94.40634155273438
2023-04-06,167.38308715820312,392.754150390625,186.4900054931641,36.39081573486328,21.114450454711918,94.6505355834961
2023-04-10,169.1734619140625,393.15728759765625,185.1100006103516,36.427764892578125,21.114450454711918,93.12434387207033
2023-04-11,170.51144409179688,393.2628784179688,186.27999877929688,36.64949417114258,21.228248596191406,93.3162078857422
2023-04-12,169.26010131835938,391.6599731445313,187.19000244140625,36.39081573486328,21.394575119018555,93.2202606201172
2023-04-13,171.50294494628906,396.86224365234375,189.72000122070312,36.88969802856445,21.394575119018555,92.48768615722656
2023-04-14,169.90504455566406,395.8927612304688,186.3600006103516,36.6956901550293,21.42083740234375,91.64173126220705
2023-04-17,172.09010314941406,397.31341552734375,185.52999877929688,36.85274124145508,21.333297729492188,90.55158996582033
2023-04-18,171.35850524902344,397.572509765625,186.25,36.80655288696289,21.377065658569336,90.87428283691406
2023-04-19,171.57992553710938,397.5053405761719,185.3600006103516,36.43700408935547,21.079435348510746,90.7870635986328
2023-04-20,170.69436645507812,395.3360900878906,186.08999633789065,36.38157653808594,20.89560317993164,91.5632553100586
2023-04-21,170.9157257080078,395.6432189941406,184.25,36.03974533081055,20.851831436157227,91.04871368408205
2023-04-24,170.8002166748047,396.0559387207031,184.80999755859372,35.956600189208984,21.018156051635746,91.92952728271484
2023-04-25,166.58413696289062,389.7691345214844,185.75,35.28218078613281,20.72052383422852,93.28128814697266
2023-04-26,164.97662353515625,388.1181640625,184.7400054931641,35.48543167114258,20.40538215637207,92.28710174560548
2023-04-27,167.18092346191406,395.84478759765625,184.75,35.96583938598633,20.431644439697266,91.37140655517578
2023-04-28,168.64402770996094,399.2234191894531,184.8000030517578,36.150611877441406,20.624229431152344,92.84525299072266
2023-05-01,168.7403106689453,398.8203125,183.97000122070312,36.0305061340332,20.44915199279785,90.16808319091795
2023-05-02,165.27500915527344,394.33782958984375,187.5200042724609,35.679447174072266,19.98519325256348,92.41511535644533
2023-05-03,165.88143920898438,391.6311645507813,189.1100006103516,35.62400817871094,19.731332778930664,92.93094635009766
2023-05-04,164.02362060546875,388.8572387695313,190.44000244140625,35.910404205322266,19.810115814208984,92.01293182373048
2023-05-05,167.922119140625,396.0559387207031,187.4600067138672,36.39081573486328,20.25656509399414,91.7068862915039
2023-05-08,167.53709411621094,396.1615295410156,187.69000244140625,36.40929412841797,20.352859497070312,90.42166900634766
2023-05-09,167.0365447998047,394.4242248535156,189.0200042724609,36.18756484985352,20.414134979248047,90.09815979003906
2023-05-10,167.88360595703125,396.26708984375,188.75,36.169090270996094,20.352859497070312,90.97248840332033
2023-05-11,166.59378051757812,395.5760498046875,187.1300048828125,36.03974533081055,20.00270271301269,91.93419647216795
2023-05-12,166.25685119628906,395.0577392578125,186.80999755859372,35.61476516723633,19.84513092041016,91.16483306884766
2023-05-15,168.2878875732422,396.4207153320313,187.2100067138672,36.27070999145508,20.072734832763672,90.2206039428711
2023-05-16,165.8332977294922,393.7716064453125,184.8699951171875,36.01202392578125,19.85388565063477,89.94951629638672
2023-05-17,169.52963256835938,398.5515441894531,184.22999572753903,36.17832946777344,20.090242385864254,89.6872329711914
2023-05-18,170.55960083007812,402.390869140625,181.83999633789065,35.984317779541016,19.906408309936523,89.02278137207031
2023-05-19,169.52001953125,401.8053894042969,183.63999938964844,36.01202392578125,19.88014793395996,88.39324188232422
2023-05-22,171.5895538330078,401.9686279296875,183.2100067138672,36.30767059326172,19.897653579711918,88.07847595214844
2023-05-23,170.78099060058594,397.4573669433594,183.42999267578125,35.74411392211914,19.9764404296875,88.33203887939453
2023-05-24,168.97132873535156,394.5777893066406,181.9499969482422,35.4761962890625,19.98519325256348,87.89488983154297
2023-05-25,167.652587890625,397.994873046875,180.1999969482422,35.40228271484375,19.670053482055664,87.6762924194336
2023-05-26,169.55850219726562,403.1491394042969,180.9199981689453,36.0305061340332,19.98519325256348,88.3844985961914
2023-05-30,168.93283081054688,403.3027038574219,182.0399932861328,35.61476516723633,19.52123641967773,89.26754760742188
2023-05-31,167.26756286621094,401.0663757324219,182.32000732421875,35.28218078613281,19.30238914489746,90.04570007324219
2023-06-01,169.0771942138672,404.87689208984375,183.75999450683597,35.910404205322266,19.617528915405277,90.39897918701172
2023-06-02,175.20887756347656,410.7318115234375,181.0500030517578,36.529388427734375,19.87139320373535,89.40837097167969
2023-06-05,172.86013793945312,409.9447937011719,182.13999938964844,36.52014923095703,19.81886863708496,89.24181365966797
2023-06-06,177.41314697265625,410.83740234375,182.33999633789065,36.84350204467773,19.84513092041016,89.7677993774414
2023-06-07,180.732666015625,409.4168395996094,180.1499938964844,36.68522262573242,19.923917770385746,88.43531036376953
2023-06-08,180.0569610595703,411.8932189941406,182.52999877929688,36.9459228515625,19.95893096923828,89.46976470947266
2023-06-09,178.5994415283203,412.6322937011719,182.0399932861328,37.113525390625,19.836376190185547,89.3470230102539
2023-06-12,179.3426971435547,416.3756408691406,181.8800048828125,37.1880111694336,19.56500625610352,89.61003112792969
2023-06-13,181.39865112304688,419.1207580566406,180.5399932861328,37.56045150756836,19.82762336730957,88.72462463378906
2023-06-14,179.4488525390625,419.619873046875,180.63999938964844,37.83977890014648,19.87139320373535,89.43468475341797
2023-06-15,180.9257049560547,424.8221740722656,181.91000366210935,38.19359970092773,20.291582107543945,90.29378509521484
2023-06-16,179.47781372070312,423.3751220703125,181.6300048828125,38.0632438659668,20.54544448852539,89.94312286376953
2023-06-20,178.6959991455078,421.1785888671875,179.75,37.31836318969727,20.36161231994629,90.56555938720705
2023-06-21,178.28091430664062,419.02056884765625,179.49000549316406,37.14145278930664,20.65924644470215,90.78469848632812
2023-06-22,176.95855712890625,420.53314208984375,177.7100067138672,37.01110458374024,20.274072647094727,89.68890380859375
2023-06-23,174.29446411132812,417.3539123535156,178.1999969482422,36.47106552124024,20.055225372314453,90.58306884765624
2023-06-26,174.4681854248047,415.648681640625,178.50999450683594,36.59210968017578,20.08148765563965,90.67950439453124
2023-06-27,176.9875030517578,420.2055969238281,177.69000244140625,36.96455001831055,19.757591247558597,90.44279479980467
2023-06-28,177.85621643066406,420.4175415039063,177.27999877929688,36.74108505249024,19.69631576538086,90.82855224609376
2023-06-29,179.90249633789062,422.0745544433594,177.08999633789062,36.545555114746094,19.70506858825684,89.18922424316406
2023-06-30,180.76156616210935,427.0552673339844,178.27000427246094,36.83419799804688,19.87139320373535,90.24119567871094
2023-07-03,181.1283721923828,427.5466613769531,178.47000122070312,37.24387741088867,19.87139320373535,89.7295913696289
2023-07-05,179.32339477539062,426.9108581542969,177.83999633789062,37.02040863037109,19.99394798278809,88.87696075439453
2023-07-06,176.4276580810547,423.5678405761719,177.30999755859375,36.2662239074707,19.950180053710938,87.6199722290039
2023-07-07,178.29054260253906,422.4984130859375,178.63999938964844,36.6759033203125,20.116500854492188,87.09254455566406
2023-07-10,181.3407440185547,423.5678405761719,178.77999877929688,36.70383834838867,20.160274505615234,87.20685577392578
2023-07-11,183.20367431640625,426.2653503417969,179.4499969482422,37.07627868652344,20.396625518798828,87.6551284790039
2023-07-12,185.20172119140625,429.6950378417969,181.8800048828125,37.90495681762695,20.54544448852539,88.63082885742188
2023-07-13,186.6978454589844,433.10540771484375,182.00999450683597,38.3984375,20.83432388305664,89.56259155273438
2023-07-14,184.87355041503903,432.835693359375,181.42999267578125,38.18428421020508,20.69426155090332,89.03518676757812
2023-07-17,186.85227966308597,434.338623046875,181.55999755859372,38.230838775634766,20.527936935424805,89.0791015625
2023-07-18,189.15924072265625,437.5660095214844,183.63999938964844,37.951507568359375,20.79930877685547,89.48348236083984
2023-07-19,189.9604034423828,438.5390625,183.6699981689453,37.87702178955078,20.913108825683597,90.49433135986328
2023-07-20,188.30015563964844,435.6295471191406,182.7400054931641,37.59769058227539,20.97438621520996,89.39559173583984
2023-07-21,187.70172119140625,435.6295471191406,182.17999267578125,37.54183197021485,21.08818817138672,89.42193603515625
2023-07-24,188.1650238037109,437.5756530761719,181.3999938964844,38.05392837524414,21.4646053314209,89.09674072265625
2023-07-25,188.14573669433597,438.7702941894531,182.41000366210935,38.37050628662109,21.543392181396484,88.9296875
2023-07-26,189.63221740722656,438.8377075195313,183.3000030517578,38.59396743774414,21.438344955444336,89.017578125
2023-07-27,187.1804962158203,435.92822265625,180.4199981689453,38.11911010742188,21.385820388793945,87.28596496582031
2023-07-28,189.60324096679688,440.1961059570313,181.8600006103516,39.0408935546875,21.51712989807129,87.73423767089844
2023-07-31,191.8040008544922,441.0342712402344,182.3500061035156,39.05951690673828,21.60466957092285,87.94522094726562
2023-08-01,190.92562866210935,439.7722473144531,180.4600067138672,38.56603240966797,21.490867614746094,86.50407409667969
2023-08-02,188.32911682128903,433.6546936035156,179.60000610351562,37.64424514770508,21.16697120666504,85.57856750488281
2023-08-03,187.7982482910156,432.4117736816406,179.5399932861328,37.7932243347168,21.36831283569336,83.6041259765625
2023-08-04,187.4217987060547,430.4561767578125,180.19000244140625,37.74666595458984,21.403329849243164,85.08495330810547
2023-08-07,187.5472412109375,434.2134094238281,179.77999877929688,37.69080352783203,21.412080764770508,84.24759674072266
2023-08-08,186.3696746826172,432.3250732421875,178.63999938964844,37.23456954956055,21.385820388793945,85.22598266601562
2023-08-09,184.9121551513672,429.4349365234375,177.7899932861328,37.327674865722656,21.534637451171875,85.66670227050781
2023-08-10,184.09169006347656,429.5890808105469,177.60000610351562,37.383544921875,21.42083740234375,84.25641632080078
2023-08-11,184.35232543945312,429.338623046875,177.60000610351562,36.83419799804688,21.385820388793945,84.06248474121094
2023-08-14,184.03379821777344,431.70849609375,177.05999755859375,36.65728378295898,21.2807731628418,83.87737274169922
2023-08-15,181.60137939453125,426.6795959472656,176.58999633789062,36.23828887939453,21.02691078186035,83.36614990234375
2023-08-16,179.38128662109375,423.5485534667969,175.57000732421875,35.912410736083984,20.93937110900879,82.71389770507812
2023-08-17,177.26739501953125,420.32122802734375,175.3000030517578,35.99620056152344,20.99189567565918,82.36131286621094
2023-08-18,178.23265075683594,420.52349853515625,175.3300018310547,35.75412368774414,21.14071273803711,82.6521987915039
2023-08-21,177.9720458984375,423.259521484375,175.80999755859375,35.83792495727539,21.08818817138672,81.55038452148438
2023-08-22,177.441162109375,422.113037109375,176.10000610351562,35.763427734375,21.09694099426269,82.17622375488281
2023-08-23,179.33303833007812,426.814453125,177.88999938964844,36.33140563964844,21.14071273803711,84.21231842041016
2023-08-24,176.8523406982422,420.8992614746094,177.85000610351562,36.19173812866211,21.158218383789062,83.65702056884766
2023-08-25,177.60523986816406,423.8664855957031,177.6199951171875,36.228981018066406,21.36831283569336,83.9302749633789
2023-08-28,179.18824768066406,426.5543823242188,178.1300048828125,36.582801818847656,21.333297729492188,84.0184097290039
2023-08-29,181.68821716308597,432.7201232910156,179.8699951171875,37.04834747314453,21.412080764770508,84.89103698730469
2023-08-30,182.3735198974609,434.50244140625,180.32000732421875,36.92729949951172,21.438344955444336,84.80289459228516
2023-08-31,182.05502319335935,433.8665466308594,180.02000427246094,36.47106552124024,21.525882720947266,85.1819076538086
2023-09-01,184.21717834472656,434.6758728027344,180.11000061035156,36.89936828613281,21.779747009277344,83.85491180419922
2023-09-05,180.3369140625,432.7971801757813,178.63999938964844,36.60141754150391,21.88479423522949,82.67909240722656
2023-09-06,179.6612091064453,429.8876953125,177.8300018310547,36.396575927734375,21.937314987182617,82.88243103027344
2023-09-07,177.92376708984375,428.5679016113281,178.02000427246094,35.9682731628418,21.8935489654541,83.11231231689453
2023-09-08,177.5280303955078,429.21331787109375,178.0800018310547,36.042762756347656,21.937314987182617,83.43054962158203
2023-09-11,177.95269775390625,432.0361022949219,178.41000366210938,36.489688873291016,22.068626403808597,82.82939147949219
2023-09-12,177.7789764404297,429.6661071777344,177.49000549316406,36.377960205078125,22.147409439086918,83.30677032470703
2023-09-13,176.6110382080078,430.1671142578125,177.0800018310547,36.33140563964844,22.21744155883789,83.28910064697266
2023-09-14,179.1013641357422,433.8761901855469,177.1699981689453,36.57348251342773,22.401277542114254,82.68791198730469
2023-09-15,177.22879028320312,428.6487426757813,178.33999633789062,36.43382263183594,22.348752975463867,82.1839828491211
2023-09-18,176.0511932373047,428.9000244140625,179.38999938964844,36.38726806640625,22.34000015258789,82.65257263183594
2023-09-19,175.3658447265625,428.0105590820313,179.22000122070312,36.17311477661133,22.357505798339844,82.04254913330078
2023-09-20,173.60914611816406,424.0758056640625,179.35000610351562,36.024139404296875,22.173673629760746,82.2989273071289
2023-09-21,170.91607666015625,417.0664978027344,178.0500030517578,35.40030670166016,22.10364151000977,80.18598937988281
2023-09-22,170.5299835205078,416.1287231445313,178.6199951171875,35.819297790527344,22.12114906311035,80.83135986328125
2023-09-25,171.29254150390625,417.8786010742188,177.6999969482422,35.661014556884766,22.016101837158203,78.84219360351562
2023-09-26,169.0901641845703,411.7394714355469,176.27999877929688,35.15821838378906,21.98984146118164,78.56810760498047
2023-09-27,170.67091369628906,411.9037780761719,174.10000610351562,35.21408462524414,22.11239624023437,78.16143035888672
2023-09-28,172.21286010742188,414.2918090820313,173.22999572753906,35.30719757080078,22.086132049560547,78.400146484375
2023-09-29,171.39822387695312,413.2863464355469,171.4499969482422,35.33513259887695,21.84977912902832,78.40898132324219
2023-10-02,168.8089599609375,413.1219177246094,169.64999389648438,35.15821838378906,21.683454513549805,77.09640502929688
2023-10-03,165.9674835205078,407.59185791015625,169.16000366210938,34.692665100097656,21.587160110473636,75.43792724609375
2023-10-04,166.04510498046875,410.5599060058594,169.13999938964844,34.59025573730469,20.983139038085938,76.50215911865234
2023-10-05,166.17115783691406,410.4052734375,168.8300018310547,34.720603942871094,20.86058616638184,76.1208267211914
2023-10-06,167.77127075195312,415.2779235839844,169.6999969482422,35.22339630126953,20.93937110900879,75.19847106933594
2023-10-09,168.74102783203125,417.93658447265625,172.82000732421875,35.05580139160156,21.377065658569336,76.9633560180664
2023-10-10,170.6514892578125,420.1119079589844,172.52999877929688,35.55859375,21.324542999267575,76.8569564819336
2023-10-11,170.36058044433594,421.8327941894531,173.7899932861328,35.78205108642578,21.201988220214844,78.46221923828125
2023-10-12,166.5105743408203,419.2611389160156,173.25999450683594,35.38168716430664,21.193233489990234,76.33367919921875
2023-10-13,165.123779296875,417.1728210449219,178.8300018310547,35.25132751464844,21.75348472595215,77.699462890625
2023-10-16,167.79066467285156,421.5621032714844,177.9600067138672,35.51203918457031,21.683454513549805,76.44896697998047
2023-10-17,169.66233825683594,421.5427856445313,178.2899932861328,35.41892623901367,21.74473190307617,75.6064224243164
2023-10-18,166.17115783691406,415.9256591796875,180.8699951171875,34.87889099121094,21.937314987182617,74.9413070678711
2023-10-19,163.52362060546875,412.2711791992188,183.08999633789065,34.67404556274414,22.164918899536133,73.40699005126953
2023-10-20,161.40956115722656,407.20513916015625,183.58999633789065,34.25505447387695,21.998594284057617,73.82380676269531
2023-10-23,160.04217529296875,406.4994201660156,182.97000122070312,34.22711944580078,21.858531951904297,74.71070098876953
2023-10-24,161.4386444091797,409.5641479492188,182.9499969482422,34.664737701416016,21.62217712402344,75.69512176513672
2023-10-25,158.7717742919922,403.6860046386719,183.72000122070312,34.20849609375,21.779747009277344,74.01007080078125
2023-10-26,159.17904663085938,398.8520202636719,184.00999450683597,34.04090118408203,21.59591293334961,75.14527130126953
2023-10-27,157.307373046875,397.0441589355469,186.1499938964844,34.012962341308594,21.88479423522949,74.82599639892578
2023-10-30,158.18019104003906,401.7911071777344,185.1000061035156,34.36678695678711,21.534637451171875,74.48898315429688
2023-10-31,159.5475616455078,404.314453125,184.08999633789065,34.171260833740234,21.45585250854492,74.1253433227539
2023-11-01,160.4591827392578,408.6263427734375,183.50999450683597,34.487831115722656,21.490867614746094,75.7325439453125
2023-11-02,164.7358856201172,416.4573974609375,184.1199951171875,35.09304428100586,21.718469619750977,77.4590072631836
2023-11-03,169.21621704101562,420.2569274902344,184.7899932861328,35.80998992919922,21.60466957092285,77.98405456542969
2023-11-06,167.1021270751953,421.22369384765625,183.3500061035156,36.09862518310547,21.69220733642578,77.22762298583984
2023-11-07,166.5105743408203,422.4225158691406,182.58999633789065,36.033451080322266,21.228248596191406,78.36673736572266
2023-11-08,164.7358856201172,422.7319030761719,180.7700042724609,35.79136276245117,20.99189567565918,79.70162200927734
2023-11-09,162.18539428710938,419.4351806640625,181.4900054931641,35.456172943115234,20.93937110900879,77.8683853149414
2023-11-10,163.9988250732422,425.9803466796875,179.50999450683594,35.70756530761719,21.044418334960938,78.3044204711914
2023-11-13,164.05703735351562,425.57427978515625,180.50999450683597,35.69825744628906,21.350805282592773,78.12647247314453
2023-11-14,173.06625366210938,433.8307495117188,182.1199951171875,36.64797592163086,21.31578826904297,79.89737701416016
2023-11-15,173.3668975830078,434.7491455078125,181.63999938964844,36.95523452758789,21.17572784423828,78.7761001586914
2023-11-16,170.56422424316406,435.281005859375,183.69000244140625,36.60141754150391,20.667999267578125,79.75502014160156
2023-11-17,172.9013671875,435.8223876953125,183.6699981689453,36.64797592163086,20.965633392333984,80.12876892089844
2023-11-20,173.90997314453125,439.1771545410156,183.3699951171875,37.10420989990234,21.228248596191406,80.61822509765625
2023-11-21,171.6697540283203,438.219970703125,185.3500061035156,36.87143325805664,21.350805282592773,80.5826416015625
2023-11-22,172.74624633789062,439.9118957519531,184.55999755859372,36.79695129394531,21.16697120666504,80.8674087524414
2023-11-24,173.90997314453125,440.1826171875,185.5200042724609,36.81557846069336,21.02691078186035,79.91519165039062
2023-11-27,173.3280792236328,439.3898010253906,186.7700042724609,36.666595458984375,20.8868465423584,81.25009155273438
2023-11-28,172.658935546875,439.8248596191406,189.25999450683597,36.97385787963867,21.14071273803711,81.4102783203125
2023-11-29,173.57054138183594,439.5154418945313,189.5399932861328,36.759708404541016,21.289527893066406,82.43367767333984
2023-11-30,174.22999572753906,441.24603271484375,188.75,36.83419799804688,20.93061828613281,81.4814682006836
2023-12-01,179.32130432128906,443.8564758300781,192.00999450683597,36.99247741699219,20.83432388305664,83.01610565185547
2023-12-04,181.24148559570312,441.5264587402344,187.8600006103516,36.57348251342773,20.69426155090332,82.68578338623047
2023-12-05,178.81703186035156,441.439453125,187.1499938964844,36.35002517700195,20.51042938232422,84.46231842041016
2023-12-06,178.4969940185547,439.6605529785156,187.83999633789065,36.303470611572266,20.011457443237305,85.58719635009766
2023-12-07,179.78680419921875,443.0152893066406,188.1499938964844,36.48037338256836,20.046470642089844,85.09619903564453
2023-12-08,181.1541748046875,444.9198913574219,185.63999938964844,36.32208633422852,20.134010314941406,84.39984130859375
2023-12-11,181.53240966796875,446.65045166015625,183.58999633789065,36.5362434387207,20.063980102539062,84.22130584716797
2023-12-12,181.34814453125,448.6904296875,183.4900054931641,36.545555114746094,19.757591247558597,84.47126770019531
2023-12-13,187.48684692382807,454.8779296875,187.6300048828125,36.90868377685547,19.98519325256348,86.45313262939453
2023-12-14,192.7042388916016,456.3377990722656,188.72999572753903,37.4487190246582,20.317842483520508,88.70204162597656
2023-12-15,191.08468627929688,455.5863952636719,187.0,37.22525405883789,20.352859497070312,88.80057525634766
2023-12-18,191.15257263183597,458.1491394042969,187.8500061035156,37.20663070678711,20.498884201049805,88.093017578125
2023-12-19,194.85711669921875,460.93505859375,189.1300048828125,37.52320098876953,20.655014038085938,88.56771087646484
2023-12-20,191.0455780029297,454.5477294921875,188.1000061035156,36.84773254394531,20.416229248046875,89.16776275634766
2023-12-21,194.29644775390625,458.8577575683594,189.42999267578125,37.54027938842773,20.452964782714844,88.603515625
2023-12-22,196.1068420410156,459.7799377441406,190.2700042724609,37.36002731323242,20.416229248046875,88.20050811767578
2023-12-26,198.6569976806641,461.7213745117188,191.72000122070312,37.65412521362305,20.61827850341797,88.45127868652344
2023-12-27,199.3578186035156,462.5561828613281,192.58999633789065,37.8723258972168,20.52643775939941,90.01860809326172
2023-12-28,198.59857177734372,462.7309265136719,191.47000122070312,38.16642761230469,20.351940155029297,89.36480712890625
2023-12-29,195.357421875,461.3913269042969,191.1699981689453,38.147457122802734,20.24173164367676,88.5587387084961
2024-01-02,194.19915771484372,458.8091735839844,190.72000122070312,37.70156097412109,20.076417922973636,88.04824829101562
2024-01-03,189.02101135253903,455.0622253417969,189.1300048828125,37.49284744262695,20.33357048034668,88.41544342041016
2024-01-04,188.6511688232422,453.5964660644531,189.32000732421875,37.369510650634766,20.223363876342773,87.07202911376953
2024-01-05,188.09634399414065,454.21771240234375,189.3500061035156,37.41694641113281,20.324386596679688,86.23909759521484
2024-01-08,191.48355102539065,460.7021484375,187.8699951171875,37.52130508422852,20.03049659729004,87.08992767333984
2024-01-09,189.77047729492188,460.0032043457031,187.92999267578125,36.99003601074219,20.177440643310547,86.53466796875
2024-01-10,189.8775329589844,462.6046447753906,187.5,36.90464782714844,20.03968048095703,86.13162231445312
2024-01-11,188.3883514404297,462.40087890625,187.8699951171875,37.05644226074219,20.18662643432617,86.61527252197266
2024-01-12,188.07688903808597,462.72113037109375,189.7100067138672,37.18925857543945,20.260099411010746,86.44509887695312
2024-01-16,185.7506256103516,461.0224609375,187.91000366210935,36.28798675537109,20.085603713989254,84.92252349853516
2024-01-17,184.42686462402344,458.459716796875,185.83999633789065,35.74723052978516,20.05805015563965,84.78820037841797
2024-01-18,185.5170440673828,462.5367126464844,187.3699951171875,36.04132461547852,20.18662643432617,84.00004577636719
2024-01-19,187.29823303222656,468.3028259277344,187.92999267578125,36.420806884765625,20.149890899658203,84.26873016357422
2024-01-22,191.29861450195312,469.29296875,187.22000122070312,36.09824752807617,20.23254776000977,84.7702865600586
2024-01-23,190.7438201904297,470.66162109375,187.9499969482422,36.41132354736328,20.342756271362305,84.09854888916016
2024-01-24,189.17677307128903,471.1761474609375,186.3999938964844,36.81926727294922,20.517253875732425,83.60599517822266
2024-01-25,190.7438201904297,473.7388305664063,187.13999938964844,36.86670303344727,20.673383712768555,84.15230560302734
2024-01-26,190.7535552978516,473.1369934082031,187.00999450683597,36.89516067504883,20.76522445678711,83.9910888671875
2024-01-29,194.09207153320312,476.8839111328125,188.3300018310547,36.91413497924805,20.59072494506836,84.9583511352539
2024-01-30,192.43743896484372,476.5151062011719,188.58999633789065,36.62003707885742,20.72848892211914,85.72860717773438
2024-01-31,187.7362365722656,468.7397155761719,188.4499969482422,36.420806884765625,20.50806999206543,86.57049560546875
2024-02-01,190.2279510498047,474.8746337890625,190.41000366210935,36.77183151245117,20.260099411010746,88.26864624023438
2024-02-02,189.2254180908203,479.8738098144531,188.6100006103516,36.667476654052734,20.03049659729004,86.31889343261719
2024-02-05,186.8212890625,478.12646484375,187.57000732421875,36.71490859985352,20.11315155029297,84.5758056640625
2024-02-06,188.50515747070312,479.5146179199219,188.5500030517578,37.54977035522461,20.18662643432617,85.40240478515625
2024-02-07,188.067138671875,483.5139770507813,188.5,37.597206115722656,20.278467178344727,84.9891128540039
2024-02-08,190.9189910888672,483.7275085449219,188.3300018310547,37.38848876953125,20.3886775970459,84.49495697021484
2024-02-09,194.02392578125,486.5232238769531,187.6000061035156,37.54977035522461,20.44378089904785,84.3242416381836
2024-02-12,197.5474090576172,486.3096008300781,187.1100006103516,37.84386444091797,20.452964782714844,84.42305755615234
2024-02-13,189.4200897216797,479.6116638183594,184.52999877929688,37.1323356628418,20.33357048034668,82.97647094726562
2024-02-14,193.8195343017578,483.97021484375,184.4199981689453,37.663612365722656,20.140705108642575,83.39876556396484
2024-02-15,198.9879302978516,487.30950927734375,185.66000366210935,37.84386444091797,20.18662643432617,83.83006286621094
2024-02-16,196.28208923339844,484.8826599121094,186.33999633789065,38.02412414550781,20.23254776000977,83.3448486328125
2024-02-20,193.5762176513672,482.2131958007813,187.47000122070312,38.08103942871094,20.122337341308597,83.416748046875
2024-02-21,192.66128540039065,482.6500244140625,187.47999572753903,38.147457122802734,20.20499420166016,82.82373046875
2024-02-22,194.1212921142578,492.63873291015625,187.55999755859372,38.53641891479492,20.260099411010746,83.22807312011719
2024-02-23,194.5592803955078,492.97845458984375,188.6199951171875,38.51744842529297,19.96620750427246,84.34219360351562
2024-02-26,195.78565979003903,491.17291259765625,188.1999969482422,38.3466796875,20.149890899658203,84.09062957763672
2024-02-27,198.5596618652344,492.0853576660156,188.0,38.42258071899414,20.306018829345703,83.49761199951172
2024-02-28,196.9244842529297,491.4349670410156,188.33999633789065,37.91976547241211,20.223363876342773,84.02771759033203
2024-02-29,198.29684448242188,493.2016906738281,189.30999755859372,37.93873977661133,20.195810317993164,84.62071228027344
2024-03-01,200.39926147460935,497.8320007324219,192.88999938964844,38.40360641479492,20.29683494567871,85.14801025390625
2024-03-04,200.21429443359372,497.298095703125,196.00999450683597,38.31821823120117,20.36112403869629,84.80548858642578
2024-03-05,198.29684448242188,492.3280334472656,197.19000244140625,37.9766845703125,20.20499420166016,86.01327514648438
2024-03-06,199.7763214111328,494.8227844238281,198.80999755859372,38.52693557739258,20.37030792236328,86.51800537109375
2024-03-07,201.4407501220703,499.7346496582031,199.94000244140625,38.76411819458008,20.425413131713867,86.4368896484375
2024-03-08,201.3142242431641,496.7351379394531,201.6300048828125,38.72616195678711,20.36112403869629,86.28368377685547
2024-03-11,199.7179107666016,496.3079833984375,202.0,38.81155014038086,20.53562355041504,86.23859405517578
2024-03-12,199.44541931152344,501.64697265625,199.7899932861328,39.238468170166016,20.48051643371582,85.51753234863281
2024-03-13,200.22406005859372,500.8606872558594,201.19000244140625,39.11513519287109,20.76522445678711,85.10293579101562
2024-03-14,196.6422271728516,499.8705139160156,200.3500061035156,38.91590881347656,20.829513549804688,83.7960205078125
2024-03-15,197.0120849609375,496.4381713867188,199.7100067138672,38.67872619628906,20.902986526489254,83.76899719238281
2024-03-18,195.88299560546875,499.3884887695313,200.02999877929688,38.74513626098633,21.095849990844727,83.5166015625
2024-03-19,196.71034240722656,502.1637268066406,199.8000030517578,38.555397033691406,21.08666610717773,83.75096130371094
2024-03-20,200.60366821289065,506.8083190917969,202.17999267578125,38.99180221557617,21.03156280517578,83.72392272949219
2024-03-21,202.9085235595703,508.4832153320313,201.97000122070312,39.03924179077149,21.004011154174805,83.90419006347656
2024-03-22,200.1079864501953,507.5192565917969,200.3500061035156,38.76411819458008,20.857065200805664,84.70636749267578
2024-03-25,200.5665740966797,506.1169738769531,200.9900054931641,38.792572021484375,21.03156280517578,84.28272247314453
2024-03-26,200.20553588867188,505.1822509765625,201.63999938964844,38.76411819458008,20.866249084472656,84.51708984375
2024-03-27,204.5673675537109,509.4277038574219,203.1000061035156,38.83052062988281,20.847881317138672,85.35531616210938
2024-03-28,205.21142578125,509.3303833007813,205.72000122070312,38.97282409667969,21.095849990844727,85.28321838378906
2024-04-01,203.27932739257807,508.4442138671875,207.82000732421875,39.03924179077149,21.196876525878903,83.69342041015625
2024-04-02,199.54200744628903,505.2114868164063,210.88999938964844,39.16257095336914,21.389741897583008,83.23222351074219
2024-04-03,200.8495635986328,505.7664184570313,212.7400054931641,39.1910285949707,21.646896362304688,83.21414947509766
2024-04-04,198.8394470214844,499.593017578125,211.5200042724609,39.04872131347656,21.702001571655277,83.81099700927734
2024-04-05,199.50296020507807,504.8122253417969,215.13999938964844,39.13410568237305,21.81221008300781,82.64443969726562
2024-04-08,200.59585571289065,505.0945739746094,216.47999572753903,39.390254974365234,21.80302619934082,82.6353759765625
2024-04-09,201.38626098632807,505.6788940429688,217.6699981689453,39.6558952331543,21.68363380432129,83.40406799316406
2024-04-10,196.06814575195312,500.6154479980469,215.6100006103516,39.11513519287109,21.793842315673828,81.5864028930664
2024-04-11,197.39520263671875,504.3935241699219,219.8000030517578,39.35231399536133,21.757104873657227,81.21562957763672
2024-04-12,193.88235473632807,497.4313659667969,216.88999938964844,38.45103454589844,21.784656524658203,81.64969635009766
2024-04-15,191.0427398681641,491.199462890625,220.9499969482422,38.20437240600586,21.81221008300781,80.38368225097656
2024-04-16,190.34019470214844,490.3035888671875,221.22000122070312,37.70156097412109,21.77547264099121,79.85012817382812
2024-04-17,188.33001708984372,487.4019165039063,219.58999633789065,37.673099517822266,21.43566131591797,80.73635864257812
2024-04-18,188.1739044189453,486.39892578125,220.33999633789065,37.82489013671875,21.426477432250977,80.32942199707031
2024-04-19,188.46664428710935,482.1535034179688,221.02999877929688,37.673099517822266,21.52750396728516,80.6187973022461
2024-04-22,190.57437133789065,486.5937194824219,215.57000732421875,38.08103942871094,21.52750396728516,80.4831771850586
2024-04-23,193.76524353027344,492.367919921875,215.0399932861328,38.39411926269531,21.61934471130371,80.5102767944336
2024-04-24,192.8967742919922,492.1342468261719,214.63999938964844,38.52693557739258,21.5917911529541,79.94058227539062
2024-04-25,191.72579956054688,490.2646484375,215.9199981689453,38.61231994628906,21.711183547973636,79.37989044189453
2024-04-26,193.560302734375,494.9093933105469,216.6199951171875,39.05821228027344,21.72955322265625,79.79586791992188
2024-04-29,195.1216278076172,496.6620788574219,216.17999267578125,39.43769073486328,21.711183547973636,80.4650650024414
2024-04-30,191.15985107421875,488.7943420410156,211.8699951171875,38.88744354248047,21.43566131591797,79.7778091430664
2024-05-01,191.55992126464844,487.2071533203125,213.7899932861328,38.92538833618164,21.123403549194336,80.36582946777344
2024-05-02,195.08258056640625,491.7641906738281,213.1300048828125,39.93102264404297,21.196876525878903,80.71068572998047
2024-05-03,197.0146484375,497.8597717285156,212.9600067138672,40.29153060913086,21.22443008422852,81.52737426757812
2024-05-06,199.5615081787109,503.0010681152344,215.1999969482422,40.32947540283203,21.463214874267575,81.84500885009766
2024-05-07,200.0103759765625,503.5561828613281,214.2100067138672,40.101783752441406,21.444847106933597,82.34410858154297
2024-05-08,198.84918212890625,503.6048278808594,213.5800018310547,40.11127471923828,21.334636688232425,81.84500885009766
2024-05-09,200.87884521484372,506.5064392089844,216.9499969482422,40.23460388183594,21.417293548583984,82.24430847167969
2024-05-10,199.3663330078125,507.1588745117188,218.7100067138672,40.31999206542969,21.38055992126465,81.78152465820312
2024-05-13,199.7859344482422,507.2270812988281,216.25999450683597,40.62357711791992,21.518320083618164,81.99020385742188
2024-05-14,201.85464477539065,509.5542907714844,218.08999633789065,40.84177780151367,21.426477432250977,82.45304107666016
2024-05-15,204.3722381591797,515.8640747070312,220.88999938964844,41.27818298339844,21.499950408935547,83.57830810546875
2024-05-16,202.8987274169922,514.802734375,220.02999877929688,41.363563537597656,21.5550537109375,83.49661254882812
2024-05-17,203.04513549804688,515.5427856445312,223.66000366210935,41.54381942749024,21.77547264099121,82.93399810791016
2024-05-20,203.49398803710935,516.1367797851562,224.55999755859372,41.39202499389648,21.968339920043945,82.68896484375
2024-05-21,203.298828125,517.4026489257812,224.22999572753903,41.13587951660156,21.87649726867676,83.11548614501953
2024-05-22,201.5814208984375,515.912841796875,220.1100006103516,41.00305938720703,21.56423759460449,83.21528625488281
2024-05-23,198.27346801757807,512.144287109375,215.72000122070312,40.6994743347168,21.454030990600582,82.67989349365234
2024-05-24,200.46902465820312,515.5330200195312,215.9199981689453,40.81331253051758,21.600976943969727,82.92488861083984
2024-05-28,200.19581604003903,515.8933715820312,218.19000244140625,40.75639343261719,21.98670959472656,81.73612976074219
2024-05-29,197.2390899658203,512.28076171875,216.16000366210935,40.14922332763672,21.757104873657227,80.74697875976562
2024-05-30,199.11265563964844,508.8823547363281,216.57000732421875,40.035377502441406,21.47239875793457,81.52737426757812
2024-05-31,200.79103088378903,513.5173950195312,215.3000030517578,39.64640808105469,21.371374130249023,82.08096313476562
2024-06-03,199.65907287597656,513.9360961914062,217.22000122070312,40.06383895874024,21.06829833984375,83.40857696533203
2024-06-04,197.08294677734372,514.5106811523438,215.2700042724609,39.50410079956055,20.857065200805664,84.38288116455078
2024-06-05,200.09820556640625,520.6256713867188,217.82000732421875,40.13973617553711,20.930538177490234,85.0020980834961
2024-06-06,198.6637725830078,520.6158447265625,219.42999267578125,40.33896255493164,21.2060604095459,84.87460327148438
2024-06-07,196.33157348632807,519.9830932617188,211.6000061035156,39.883583068847656,20.902986526489254,83.3175277709961
2024-06-10,197.00494384765625,521.589599609375,213.5399932861328,40.12075805664063,21.2060604095459,82.76204681396484
2024-06-11,196.3316650390625,522.8457641601562,214.1499938964844,39.98702239990234,21.17850875854492,83.61799621582031
2024-06-12,199.34556579589844,527.139892578125,214.72000122070312,40.38823318481445,21.25197982788086,84.24629974365234
2024-06-13,197.60379028320312,528.2013549804688,212.97000122070312,40.29270935058594,21.270347595214844,85.48467254638672
2024-06-14,194.46270751953125,528.5226440429688,215.72999572753903,40.34046936035156,21.187692642211918,86.20403289794922
2024-06-17,196.0968170166016,532.7291870117188,214.6100006103516,40.598388671875,21.26116371154785,85.34808349609375
2024-06-18,196.43931579589844,534.0826416015625,215.47000122070312,40.97093963623047,21.43566131591797,86.13119506835938
2024-06-20,195.60757446289065,532.6317749023438,218.16000366210935,40.90407180786133,21.48158264160156,85.55754089355469
2024-06-21,196.04791259765625,531.9176025390625,214.77999877929688,40.760780334472656,21.307085037231445,85.55754089355469
2024-06-24,196.8992462158203,530.1885986328125,215.6300048828125,40.760780334472656,21.48158264160156,85.90357208251953
2024-06-25,196.25341796875,532.2302856445312,214.55999755859372,40.66525650024414,21.27953338623047,86.04924774169922
2024-06-26,195.73480224609372,532.8945922851562,212.5800018310547,40.57927703857422,21.31626892089844,84.81997680664062
2024-06-27,197.72120666503903,533.7347412109375,214.9900054931641,40.60793685913086,21.426477432250977,85.1568832397461
2024-06-28,198.5333709716797,531.6343994140625,215.00999450683597,40.68436050415039,21.334636688232425,83.57249450683594
2024-07-01,196.8698883056641,532.728515625,215.57000732421875,40.779884338378906,21.61016082763672,82.130126953125
2024-07-02,197.5450592041016,536.3135986328125,215.55999755859372,40.90407180786133,21.63771247863769,82.76954650878906
2024-07-03,197.4961395263672,538.7069702148438,217.9900054931641,41.5058822631836,21.757104873657227,83.8565902709961
2024-07-05,196.5567321777344,541.8134155273438,220.92999267578125,41.677825927734375,21.839763641357425,84.55079650878906
2024-07-08,197.9365081787109,542.438720703125,218.19000244140625,41.6873779296875,21.54587173461914,84.7334976196289
2024-07-09,197.0753631591797,542.966064453125,218.55999755859372,41.85932922363281,21.398923873901367,84.3589859008789
2024-07-10,199.00308227539065,548.3388671875,219.3600006103516,42.098140716552734,21.398923873901367,84.62390899658203
2024-07-11,206.15611267089844,543.61083984375,223.25,42.34650802612305,21.47239875793457,85.4460220336914
2024-07-12,208.56326293945312,547.0396728515625,223.1100006103516,42.51845169067383,21.389741897583008,85.8114242553711
2024-07-15,212.5263214111328,548.5440673828125,223.8300018310547,42.06948471069336,21.233612060546875,84.82484436035156
2024-07-16,219.77720642089844,551.7970581054688,228.2899932861328,42.30829620361328,21.17850875854492,86.021484375
2024-07-17,217.4776763916016,544.0602416992188,227.22999572753903,41.620513916015625,21.17850875854492,86.03977966308594
2024-07-18,213.2699737548828,539.8792724609375,225.77999877929688,41.22885513305664,21.02237892150879,85.3820571899414
2024-07-19,212.18382263183597,536.2940673828125,221.72999572753903,40.82765197753906,20.737672805786133,84.87965393066406
2024-07-22,215.5597381591797,541.8233032226562,221.8000030517578,41.17153930664063,20.79277610778809,84.63301849365234
2024-07-23,217.84950256347656,540.973388671875,222.5800018310547,40.80854797363281,20.599910736083984,84.51425170898438
2024-07-24,213.17214965820312,528.7135009765625,221.8000030517578,40.216285705566406,20.59072494506836,83.60079956054688
2024-07-25,215.8337554931641,525.958740234375,218.3300018310547,40.05389404296875,20.636646270751957,84.285888671875
2024-07-26,219.4053649902344,531.849365234375,220.6300048828125,40.46465301513672,20.425413131713867,84.94361114501953
2024-07-29,216.96881103515625,532.161865234375,220.32000732421875,40.33091735839844,20.33357048034668,85.40032196044922
2024-07-30,217.790771484375,529.4657592773438,222.5200042724609,40.14941787719727,20.2692813873291,85.72918701171875
2024-07-31,219.0531005859375,538.0719604492188,226.5500030517578,41.02825164794922,20.737672805786133,86.6061019897461
2024-08-01,211.92941284179688,530.4523315429688,225.7700042724609,40.31181335449219,20.48970031738281,87.35308837890625
2024-08-02,204.43389892578125,520.576171875,225.33999633789065,39.73865509033203,20.11315155029297,90.07512664794922
2024-08-05,197.8581695556641,505.4151306152344,222.47999572753903,38.61145782470703,20.076417922973636,90.5517349243164
2024-08-06,200.01092529296875,510.0748291015625,220.6999969482422,38.8311653137207,19.911104202270508,88.52621459960938
2024-08-07,197.6428985595703,506.6653747558594,220.5500030517578,39.06998062133789,20.094785690307617,87.90298461914062
2024-08-08,202.4474639892578,518.3782348632812,224.00999450683597,39.95836639404297,20.278467178344727,87.36224365234375
2024-08-09,202.02671813964844,520.6641235351562,224.55999755859372,40.17807769775391,20.397859573364254,88.22376251220703
2024-08-12,200.2066650390625,520.9376831054688,228.41000366210935,40.31181335449219,20.682567596435547,88.54452514648438
2024-08-13,203.50428771972656,529.5047607421875,228.05999755859372,40.760780334472656,20.48970031738281,89.15862274169922
2024-08-14,202.24197387695312,531.1752319335938,226.1999969482422,40.54106903076172,20.36112403869629,89.71768188476562
2024-08-15,207.4868927001953,540.2796630859375,226.91000366210935,40.99004364013672,20.52643775939941,88.99364471435547
2024-08-16,208.03489685058597,541.4910278320312,231.9900054931641,41.46767425537109,20.397859573364254,89.30525207519531
2024-08-19,210.5790252685547,546.6683959960938,231.6100006103516,41.86887741088867,20.28765106201172,89.71768188476562
2024-08-20,208.12294006347656,545.7794799804688,232.4600067138672,41.54409408569336,20.20499420166016,90.4325714111328
2024-08-21,210.8334503173828,547.655029296875,232.1499938964844,41.706485748291016,20.10396957397461,90.4875717163086
2024-08-22,208.97427368164065,543.3568115234375,229.3699951171875,41.19064712524414,20.085603713989254,89.58936309814453
2024-08-23,215.64781188964844,549.1301879882812,232.0200042724609,41.87843322753906,20.44378089904785,90.17594909667967
2024-08-26,215.71630859375,547.8211059570312,232.75999450683597,41.52499008178711,20.655014038085938,89.94680786132812
2024-08-27,214.0430145263672,548.573486328125,233.38999938964844,41.58230209350586,20.55398941040039,89.791015625
2024-08-28,212.5948028564453,545.3887939453125,231.75,41.32437896728516,20.306018829345703,89.6810073852539
2024-08-29,214.11151123046875,545.4375610351562,232.9499969482422,41.34349060058594,20.53562355041504,89.38773345947266
2024-08-30,215.3542633056641,550.6444091796875,231.2899932861328,41.42945861816406,20.306018829345703,88.43457794189453
2024-09-03,208.7687530517578,539.3126831054688,230.2899932861328,40.60793685913086,19.90192031860352,89.88093566894531
2024-09-04,208.41650390625,538.2088623046875,230.42999267578125,40.598388671875,19.75497436523437,91.03952026367188
2024-09-05,207.37925720214844,536.899658203125,232.3500061035156,40.65570068359375,19.800893783569336,91.5544204711914
2024-09-06,203.435791015625,527.8635864257812,230.6300048828125,39.91059875488281,19.534557342529297,91.54521942138672
2024-09-09,204.00335693359372,533.773681640625,231.6000061035156,40.24494552612305,19.58966064453125,91.94059753417967
2024-09-10,203.8369903564453,536.0986328125,232.6199951171875,40.09210205078125,19.304954528808597,92.58428192138672
2024-09-11,204.43389892578125,541.5985107421875,232.25,40.38823318481445,19.47945022583008,92.51068878173828
2024-09-12,207.0661163330078,546.1605834960938,236.3300018310547,40.72257614135742,19.85599899291992,92.07853698730467
2024-09-13,212.1740264892578,549.0130615234375,238.67999267578125,40.91362380981445,19.892736434936523,92.3267822265625
2024-09-16,212.93728637695312,549.82373046875,238.66000366210935,41.047359466552734,20.03968048095703,93.1727523803711
2024-09-17,214.6986541748047,550.0484619140625,237.33999633789065,41.09511947631836,20.177440643310547,92.72216033935548
2024-09-18,214.7377777099609,548.4171752929688,235.50999450683597,40.95183181762695,20.048864364624023,91.57281494140624
2024-09-19,219.16075134277344,557.7755737304688,239.1699981689453,41.82111358642578,20.407045364379883,91.26939392089844
2024-09-20,216.812255859375,556.8113403320312,242.2100067138672,41.73514175415039,20.407045364379883,90.9199676513672
2024-09-23,216.0196533203125,558.2026977539062,242.67999267578125,42.05993270874024,20.416229248046875,90.72686767578124
2024-09-24,216.38172912597656,559.7998657226562,246.07000732421875,43.4928092956543,20.756038665771484,90.70848846435548
2024-09-25,213.7424468994141,558.5653076171875,245.72999572753903,43.03428649902344,20.58154296875,89.95450592041016
2024-09-26,214.8814392089844,560.7799072265625,246.97999572753903,44.61046600341797,20.397859573364254,90.1659927368164
2024-09-27,216.33457946777344,559.9664916992188,245.0200042724609,44.52449035644531,20.498884201049805,90.63491821289062
2024-09-30,216.88442993164065,562.21044921875,243.05999755859372,43.808048248291016,20.452964782714844,90.20276641845705
2024-10-01,213.93881225585935,557.1738891601562,245.6100006103516,44.12328338623047,20.81114387512207,90.8540267944336
2024-10-02,213.64425659179688,557.4090576171875,245.66000366210935,44.99256896972656,20.98564338684082,90.08838653564452
2024-10-03,212.2107391357422,556.3900146484375,245.4900054931641,44.45762634277344,21.28871726989746,89.23970031738281
2024-10-04,215.17596435546875,561.4461669921875,245.0,44.868385314941406,21.343822479248047,88.14195251464844
2024-10-07,213.4871826171875,556.370361328125,244.1699981689453,45.24092864990234,21.63771247863769,87.477783203125
2024-10-08,213.63446044921875,561.63232421875,242.3699951171875,44.12328338623047,21.132587432861328,87.6253662109375
2024-10-09,214.1057281494141,565.5224609375,241.0500030517578,43.88446807861328,20.948904037475582,87.12724304199219
2024-10-10,212.91769409179688,564.53271484375,242.82000732421875,43.97044372558594,21.36219024658203,86.78594207763672
2024-10-11,217.2477264404297,567.9132690429688,245.47000122070312,44.285675048828125,21.38055992126465,86.43539428710938
2024-10-14,218.84815979003903,572.557861328125,245.07000732421875,44.10417556762695,21.0499324798584,86.49995422363281
2024-10-15,219.0248870849609,568.1092529296875,245.9199981689453,43.16802597045898,20.645830154418945,87.55157470703125
2024-10-16,222.6283264160156,570.5784912109375,247.1499938964844,43.50236892700195,20.59072494506836,87.92058563232422
2024-10-17,222.0195770263672,570.6275024414062,248.6300048828125,43.43549728393555,20.61827850341797,86.52766418457031
2024-10-18,221.55810546875,572.8224487304688,251.2700042724609,43.86536407470703,20.50806999206543,86.59221649169922
2024-10-21,218.07249450683597,571.8817138671875,251.22000122070312,43.5596809387207,20.572359085083008,85.07936096191406
2024-10-22,217.2477264404297,571.5780029296875,253.92999267578125,43.46415328979492,20.930538177490234,85.16238403320312
2024-10-23,215.26437377929688,566.3552856445312,250.8699951171875,43.20623779296875,20.81114387512207,84.93177795410156
2024-10-24,215.7356414794922,567.5802001953125,252.8000030517578,43.13936996459961,20.80195999145508,85.47603607177734
2024-10-25,214.92071533203125,567.384033203125,253.32000732421875,43.10115814208984,20.948904037475582,84.99634552001953
2024-10-28,218.4259490966797,569.1381225585938,253.3300018310547,43.29220962524414,20.3886775970459,84.76573181152344
2024-10-29,217.7190399169922,570.0592651367188,256.0899963378906,43.15847396850586,20.351940155029297,84.89485168457031
2024-10-30,217.4244384765625,568.3346557617188,257.5,42.73816680908203,20.609094619750977,85.14392852783203
2024-10-31,213.8111724853516,557.193603515625,253.50999450683597,42.46113967895508,20.74685478210449,85.28231048583984
2024-11-01,215.00906372070312,559.545166015625,252.47000122070312,42.49935150146485,20.52643775939941,84.0799789428711
2024-11-04,216.0989227294922,558.3399047851562,252.8300018310547,42.73816680908203,20.87543296813965,85.38504028320312
2024-11-05,220.16387939453125,565.0912475585938,253.3999938964844,43.32086944580078,21.004011154174805,85.83857727050781
2024-11-06,232.91830444335935,579.1427001953125,245.6999969482422,42.785926818847656,20.7744083404541,83.48757934570312
2024-11-07,232.0935516357422,583.62060546875,249.6499938964844,43.73162460327149,20.98564338684082,84.53352355957031
2024-11-08,233.802001953125,586.148681640625,247.9600067138672,42.652191162109375,20.66419982910156,85.60718536376953
2024-11-11,237.3170623779297,586.7072143554688,242.13999938964844,42.3274040222168,20.33357048034668,85.19068145751953
2024-11-12,233.1539306640625,584.8847045898438,240.0500030517578,41.52499008178711,20.223363876342773,83.91336822509766
2024-11-13,230.84654235839844,585.1688232421875,237.6300048828125,41.257511138916016,20.159074783325195,83.11737060546875
2024-11-14,227.7340545654297,581.406005859375,237.00999450683597,41.02825164794922,20.140705108642575,83.59867095947266
2024-11-15,224.3367919921875,573.958984375,236.58999633789065,41.02825164794922,20.03968048095703,83.37652587890625
2024-11-18,224.77862548828125,576.310791015625,241.08999633789065,41.4963264465332,20.498884201049805,83.5246353149414
2024-11-19,226.4477996826172,578.41748046875,243.25,41.46767425537109,20.563173294067383,83.95039367675781
2024-11-20,226.74237060546875,578.6134643554688,244.6199951171875,41.4199104309082,20.55398941040039,83.68196868896484
2024-11-21,230.188720703125,581.7196044921875,246.66000366210935,41.33393478393555,20.700937271118164,83.61719512939453
2024-11-22,234.440185546875,583.5225830078125,249.83999633789065,41.34349060058594,20.71930313110352,83.66346740722656
2024-11-25,238.0043792724609,585.5018920898438,242.47999572753903,41.37214660644531,20.425413131713867,85.8293228149414
2024-11-26,236.25665283203125,588.5591430664062,242.9499969482422,41.20019912719727,20.425413131713867,85.4961166381836
2024-11-27,236.5806427001953,586.7757568359375,243.4900054931641,41.257511138916016,20.315204620361328,86.0885009765625
2024-11-29,237.4839782714844,590.4210205078125,245.58999633789065,41.32437896728516,20.33357048034668,86.97705841064453
2024-12-02,237.36614990234372,591.479248046875,243.44000244140625,41.486778259277344,20.18662643432617,87.18604278564453
2024-12-03,235.6773223876953,591.75341796875,243.92999267578125,41.572750091552734,20.416229248046875,86.4336929321289
2024-12-04,236.5217437744141,595.427978515625,244.6699981689453,41.677825927734375,20.306018829345703,87.36249542236328
2024-12-05,233.7626953125,594.4481811523438,242.8600006103516,41.95484924316406,20.278467178344727,87.53897094726562
2024-12-06,234.59727478027344,595.5750122070312,242.9499969482422,41.88798522949219,20.122337341308597,87.66899871826172
2024-12-09,233.41905212402344,592.508056640625,245.3600006103516,42.74771499633789,20.315204620361328,86.86096954345703
2024-12-10,232.4076995849609,590.6658325195312,248.58999633789065,42.05993270874024,20.36112403869629,86.45227813720703
2024-12-11,233.45835876464844,595.2321166992188,250.9600067138672,42.23187255859375,20.61827850341797,85.63493347167969
2024-12-12,230.42437744140625,592.1649780273438,247.27999877929688,42.02172088623047,20.53562355041504,84.59468078613281
2024-12-13,228.8435821533203,592.0475463867188,244.2899932861328,42.05993270874024,20.52643775939941,83.73091888427734
2024-12-16,230.188720703125,594.5756225585938,244.8800048828125,41.83066940307617,20.416229248046875,83.98167419433594
2024-12-17,227.55345153808597,592.1257934570312,243.94000244140625,41.730613708496094,20.278467178344727,84.18602752685547
2024-12-18,217.4791259765625,574.4784545898438,239.25999450683597,40.75923156738281,20.094785690307617,83.13330841064453
2024-12-19,216.51405334472656,574.302001953125,239.6000061035156,40.89522552490234,20.094785690307617,81.87456512451172
2024-12-20,218.54269409179688,581.199951171875,242.1000061035156,41.06036376953125,20.223363876342773,82.34078216552734
2024-12-23,218.04046630859372,584.6803588867188,240.9600067138672,41.29349136352539,20.238842010498047,81.58555603027344
2024-12-24,219.9903259277344,591.1790771484375,241.44000244140625,41.41977310180664,20.35493469238281,81.93052673339844
2024-12-26,222.24546813964844,591.218505859375,243.07000732421875,41.274070739746094,20.2968864440918,81.88390350341797
2024-12-27,219.00555419921875,584.9949951171875,241.3999938964844,41.08950424194336,20.393630981445312,81.21257019042969
2024-12-30,217.3215789794922,578.3192138671875,240.6300048828125,40.75923156738281,20.57744598388672,81.86527252197266
2024-12-31,217.59732055664065,576.2152709960938,242.1300048828125,40.62323760986328,20.683862686157227,81.42703247070312
2025-01-02,217.77456665039065,574.799560546875,245.4199981689453,40.56495666503906,20.887025833129883,81.65078735351562
2025-01-03,221.01449584960935,581.9865112304688,243.4900054931641,40.94380187988281,20.780607223510746,81.3897476196289
2025-01-06,221.10313415527344,585.3390502929688,243.19000244140625,41.08950424194336,20.819305419921875,81.02609252929688
2025-01-07,219.33050537109372,578.7223510742188,244.55999755859372,40.79808807373047,20.91604995727539,80.1123275756836
2025-01-08,218.33590698242188,579.56787109375,245.8600006103516,40.60381317138672,20.877351760864254,80.21490478515625
2025-01-10,213.53016662597656,570.7193603515625,248.2100067138672,39.91413116455078,21.43846702575684,79.68344116210938
2025-01-13,213.9437561035156,571.604248046875,245.7400054931641,39.64214706420898,21.5932559967041,79.65544891357422
2025-01-14,216.3761749267578,572.3907470703125,247.02999877929688,40.0889778137207,21.58358192443848,79.52491760253906
2025-01-15,220.6304168701172,582.802490234375,248.8800048828125,40.613529205322266,21.931861877441406,80.89556121826172
2025-01-16,221.07359313964844,581.6817626953125,250.6000061035156,40.56495666503906,21.83511734008789,81.15662384033203
2025-01-17,222.02880859375,587.521728515625,249.2700042724609,40.88551330566406,21.73837280273437,81.29650115966797
2025-01-21,226.29290771484372,592.899658203125,253.1300048828125,41.322635650634766,21.631956100463867,82.02377319335938
2025-01-22,224.81573486328125,596.2326049804688,254.42999267578125,41.35177612304688,21.612606048583984,81.59487915039062
2025-01-23,225.8399200439453,599.4868774414062,254.07000732421875,41.44890975952149,21.53521156311035,80.96085357666016
2025-01-24,225.2096710205078,597.7367553710938,255.6499938964844,41.72090530395508,21.544885635375977,81.324462890625
2025-01-27,223.0529937744141,589.2816162109375,252.9900054931641,40.96322250366211,21.21595573425293,82.28483581542969
2025-01-28,223.2991943359375,594.344970703125,255.17999267578125,41.26435470581055,21.23530578613281,82.2289047241211
2025-01-29,222.7870941162109,591.6805419921875,254.1999969482422,41.274070739746094,21.274002075195312,82.0610580444336
2025-01-30,225.05210876464844,594.856201171875,258.04998779296875,41.97346115112305,21.29335021972656,82.36876678466797
2025-01-31,223.03330993652344,591.6903686523438,258.5599975585937,41.49748229980469,21.25465202331543,81.82796478271484
2025-02-03,220.42361450195312,587.70849609375,259.94000244140625,41.19635391235352,21.419116973876957,82.49420166015625
2025-02-04,223.47645568847656,591.6510009765625,262.5,41.934608459472656,21.47716522216797,82.74685668945312
2025-02-05,225.9088592529297,594.0499267578125,264.1300048828125,41.827754974365234,21.34172248840332,84.1130142211914
2025-02-06,225.17027282714844,596.1145629882812,263.42999267578125,42.00260543823242,21.351396560668945,84.07559204101562
2025-02-07,222.56060791015625,590.6580810546875,263.8999938964844,41.963748931884766,21.36107063293457,83.5328598022461
2025-02-10,223.5650787353516,594.6693115234375,268.3699951171875,42.4688720703125,21.670652389526367,83.28024291992188
2025-02-11,222.26516723632807,595.1216430664062,267.3900146484375,42.3037338256836,21.83511734008789,82.74685668945312
2025-02-12,220.21681213378903,593.2044677734375,267.6700134277344,42.536865234375,21.5932559967041,81.62398529052734
2025-02-13,222.69845581054688,599.4671630859375,270.3099975585937,42.8088493347168,21.699676513671875,82.98080444335938
2025-02-14,222.53103637695312,599.437744140625,266.2900085449219,43.139122009277344,21.7093505859375,83.42059326171875
2025-02-18,223.752197265625,601.197509765625,270.70001220703125,43.411109924316406,22.02860450744629,82.43806457519531
2025-02-19,222.98403930664065,602.61328125,270.8500061035156,43.343109130859375,22.20274543762207,82.54097747802734
2025-02-20,220.8470764160156,600.1062622070312,270.989990234375,43.74137878417969,22.231767654418945,82.84980010986328
2025-02-21,214.4853973388672,589.8419799804688,270.739990234375,43.61510467529297,21.92218589782715,83.85101318359375
2025-02-24,212.9392852783203,587.157958984375,272.2099914550781,42.9448471069336,21.84479141235352,84.09432220458984
2025-02-25,212.1317596435547,584.2379150390625,268.6199951171875,42.9739875793457,21.60293197631836,85.54469299316406
2025-02-26,212.3976593017578,584.5328369140625,269.0299987792969,43.40139389038086,21.419116973876957,86.04999542236328
2025-02-27,209.15773010253903,575.2026977539062,264.92999267578125,42.55629348754883,21.44814109802246,85.44175720214844
2025-02-28,211.38331604003903,584.1788940429688,263.2699890136719,41.97346115112305,21.283676147460938,86.48978424072266
2025-03-03,205.6026763916016,573.9441528320312,266.739990234375,41.60434341430664,21.14823532104492,86.8934326171875
2025-03-04,203.2785797119141,567.1504516601562,269.0599975585937,41.95403289794922,21.21595573425293,85.82332611083984
2025-03-05,205.29739379882807,573.2460327148438,269.6199951171875,43.20711898803711,21.157909393310547,85.13807678222656
2025-03-06,202.1559295654297,563.0703125,268.25,42.93513488769531,21.051490783691406,84.85648345947266
2025-03-07,202.81573486328125,566.2262573242188,268.3900146484375,43.148834228515625,21.23530578613281,84.58427429199219
2025-03-10,197.71458435058597,551.1444702148438,266.0400085449219,42.11916732788086,21.099863052368164,85.46662902832031
2025-03-11,197.69488525390625,546.5628662109375,269.1600036621094,42.4688720703125,21.21595573425293,84.85648345947266
2025-03-12,198.03955078125,549.4633178710938,270.3299865722656,42.70199966430664,21.21595573425293,84.349609375
2025-03-13,195.085205078125,542.1385498046875,275.1300048828125,42.52714920043945,21.138561248779297,85.09117126464844
2025-03-14,199.80230712890625,553.3369750976562,275.239990234375,43.30425643920898,21.25465202331543,84.64060974121094
2025-03-17,202.32334899902344,557.6039428710938,276.7300109863281,44.04250717163086,21.399770736694336,85.06299591064453
2025-03-18,200.56651306152344,551.5770874023438,279.9599914550781,43.819091796875,21.351396560668945,85.14746856689453
2025-03-19,203.68539428710935,557.5842895507812,281.1099853515625,43.92594146728516,21.48683738708496,85.58865356445312
2025-03-20,202.39242553710935,555.9718627929688,280.75,43.51796340942383,21.525535583496094,85.64498901367188
2025-03-21,201.1389617919922,556.1552734375,278.489990234375,43.30425643920898,21.399770736694336,85.13807678222656
2025-03-24,206.14300537109372,566.1151733398438,277.25,43.498531341552734,21.47716522216797,84.2651138305664
2025-03-25,204.9980926513672,567.4760131835938,278.4700012207031,43.372257232666016,21.506187438964844,84.2557373046875
2025-03-26,202.91552734375,560.7013549804688,278.239990234375,43.109981536865234,21.47716522216797,83.70191192626953
2025-03-27,201.9482879638672,559.2122802734375,281.9700012207031,43.32368469238281,21.53521156311035,83.45784759521484
2025-03-28,197.84239196777344,547.9507446289062,284.0599975585937,42.51743698120117,21.467491149902344,84.61244201660156
2025-03-31,196.89491271972656,551.6289672851562,288.1400146484375,42.449440002441406,21.767396926879883,85.4478530883789
2025-04-01,196.9146270751953,553.18701171875,287.57000732421875,42.58543395996094,21.777070999145508,86.18829345703125
2025-04-02,200.02366638183597,556.6878051757812,288.1600036621094,42.64371490478516,21.912511825561523,86.13179016113281
2025-04-03,187.18289184570312,529.2537841796875,286.4200134277344,41.740333557128906,21.03214263916016,86.52745819091797
2025-04-04,178.83294677734375,498.2696838378906,279.7200012207031,39.41872787475586,20.267866134643555,87.4695053100586
2025-04-07,177.21429443359375,497.3821716308594,273.7099914550781,37.951934814453125,19.948610305786133,84.83174896240234
2025-04-08,172.5458221435547,489.591796875,275.20001220703125,37.41767501831055,19.50358772277832,83.23027038574219
2025-04-09,187.21250915527344,541.0084228515625,285.3800048828125,40.01126480102539,20.20981788635254,83.72014617919922
2025-04-10,179.34619140625,517.3019409179688,292.3500061035156,39.32158660888672,19.958282470703125,81.412109375
2025-04-11,181.9617156982422,526.5320434570312,297.92999267578125,40.55524444580078,20.248516082763672,81.85486602783203
2025-04-14,184.1035003662109,531.6401977539062,296.2300109863281,40.92436981201172,20.258190155029297,82.43893432617188
2025-04-15,184.3304901123047,530.1510620117188,297.7799987792969,40.88551330566406,20.20981788635254,82.73097229003906
2025-04-16,182.56378173828125,518.3668823242188,307.4700012207031,40.40953826904297,20.46135139465332,83.19258117675781
2025-04-17,184.05413818359372,519.1064453125,306.1199951171875,40.72037506103516,20.674190521240234,82.45777130126953
2025-04-21,180.36280822753903,506.7503662109375,315.5899963378906,40.71066284179688,20.500049591064453,81.01644897460938
2025-04-22,185.03125,519.9348754882812,311.1099853515625,41.322635650634766,20.59679412841797,81.4686279296875
2025-04-23,187.7751007080078,527.991455078125,303.6499938964844,41.798614501953125,20.44200325012207,82.25995635986328
2025-04-24,191.53553771972656,539.1051635742188,308.07000732421875,42.284305572509766,20.625816345214844,83.12663269042969
2025-04-25,191.59474182128903,543.0004272460938,304.7300109863281,42.20659255981445,20.65484046936035,83.73898315429688
2025-04-28,192.40408325195312,543.2073974609375,309.07000732421875,42.284305572509766,20.538747787475582,84.26651000976562
2025-04-29,193.5391082763672,546.6293334960938,306.0599975585937,42.40087127685547,20.277538299560547,84.9730453491211
2025-04-30,192.32513427734372,546.8462524414062,303.7699890136719,42.50772476196289,19.900236129760746,84.2853775024414
2025-05-01,193.51939392089844,550.7216796875,297.4599914550781,42.498008728027344,19.996980667114254,83.85800170898438
2025-05-02,197.87200927734372,558.8966674804688,297.9800109863281,43.71223831176758,20.08405113220215,82.9502944946289
2025-05-05,196.35205078125,555.6917114257812,306.8800048828125,44.04250717163086,19.967958450317383,82.48699951171875
2025-05-06,194.21026611328125,551.047119140625,315.4800109863281,43.86766052246094,20.267866134643555,82.76118469238281
2025-05-07,194.85183715820312,553.3645629882812,310.75,43.36254119873047,20.01633071899414,83.11103057861328
2025-05-08,198.5629119873047,557.2202758789062,304.6300048828125,43.33340072631836,20.277538299560547,82.18444061279297
2025-05-09,198.1977081298828,556.51025390625,306.8399963378906,43.62481689453125,20.432329177856445,82.30733489990234
2025-05-12,205.16586303710935,574.9015502929688,298.19000244140625,44.56705856323242,20.567771911621094,81.54145812988281
2025-05-13,205.916015625,578.6981811523438,299.4599914550781,44.6447639465332,20.887025833129883,81.21054077148438
2025-05-14,204.09007263183597,579.437744140625,293.1600036621094,44.9847526550293,20.780607223510746,80.67159271240234
2025-05-15,205.4225006103516,582.2678833007812,297.8399963378906,44.96532440185547,20.57744598388672,81.3807144165039
2025-05-16,207.1201171875,585.9559936523438,294.239990234375,44.936180114746094,20.500049591064453,81.59819793701172
2025-05-19,206.2515869140625,586.596923828125,298.0299987792969,45.03331756591797,20.471027374267575,81.36182403564453
2025-05-20,206.3601531982422,584.6246948242188,303.5799865722656,44.9847526550293,20.732234954833984,80.7756118774414
2025-05-21,200.56651306152344,574.7733154296875,305.82000732421875,44.86818313598633,20.70321273803711,79.39514923095703
2025-05-22,200.5566253662109,575.0001831054688,303.1099853515625,44.72247695922852,20.59679412841797,79.81119537353516
2025-05-23,199.92495727539065,571.0753173828125,309.75,44.907039642333984,20.71288681030273,79.94354248046875
2025-05-27,204.9980926513672,582.9483642578125,304.5,44.80018615722656,20.529071807861328,81.05925750732422
2025-05-28,202.83657836914065,579.5757446289062,303.8099975585937,44.59619522094727,20.46135139465332,80.70941162109375
2025-05-29,203.43865966796875,581.8635864257812,305.6099853515625,44.76133346557617,20.35493469238281,81.45635986328125
2025-05-30,202.4023284912109,581.2128295898438,303.6000061035156,44.21735763549805,20.20014190673828,81.57929992675781
2025-06-02,203.0339813232422,584.4866943359375,311.6700134277344,44.53791046142578,20.625816345214844,80.82006072998047
2025-06-03,206.3108062744141,587.8197631835938,308.9100036621094,44.6447639465332,20.76125717163086,80.67771911621094
2025-06-04,205.7284698486328,587.6619262695312,310.8999938964844,45.19845199584961,20.683862686157227,81.98737335205078
2025-06-05,205.8172912597656,584.8219604492188,309.3299865722656,45.43158721923828,20.780607223510746,82.0443115234375
2025-06-06,209.14344787597656,590.8274536132812,305.17999267578125,45.577293395996094,20.945072174072266,81.0003662109375
2025-06-09,210.5844573974609,591.3599243164062,306.6199951171875,45.96584701538086,20.96442031860352,81.08578491210938
2025-06-10,211.7194976806641,594.7127685546875,306.7099914550781,46.228118896484375,20.91604995727539,81.50335693359375
2025-06-11,210.8509521484375,593.0166625976562,308.3699951171875,46.422401428222656,21.25465202331543,81.75012969970703
2025-06-12,210.01199340820312,595.3734741210938,312.20001220703125,46.50010681152344,21.25465202331543,82.72762298583984
2025-06-13,206.172607421875,588.7171020507812,316.2900085449219,45.76185989379883,21.912511825561523,81.9304428100586
2025-06-16,208.6033477783203,594.318359375,311.7799987792969,46.32286834716797,21.8641414642334,81.10477447509766
2025-06-17,206.4062042236328,589.2398681640625,311.94000244140625,45.71477890014648,22.328510284423828,82.0917739868164
2025-06-18,207.4948883056641,589.1510620117188,310.260009765625,45.7049674987793,22.38655662536621,82.23412322998047
2025-06-20,207.0594024658203,587.7673950195312,310.1300048828125,45.44015884399414,22.50265121459961,82.08226776123047
2025-06-23,209.5930938720703,593.572998046875,311.0799865722656,45.8128547668457,21.670652389526367,82.3480224609375
2025-06-24,212.2653350830078,600.1304321289062,306.19000244140625,46.99961471557617,21.14823532104492,82.94590759277344
2025-06-25,209.79103088378903,600.4667358398438,307.1199951171875,47.038848876953125,21.11921119689941,83.05030059814453
2025-06-26,213.1956787109375,605.1646118164062,306.7799987792969,47.35270309448242,21.196605682373047,83.46785736083984
2025-06-27,213.2649383544922,608.1713256835938,301.2200012207031,47.166351318359375,21.090187072753903,82.93641662597656
2025-06-30,213.5717620849609,611.0791015625,304.8299865722656,47.313472747802734,21.099863052368164,83.7525863647461
2025-07-01,215.76893615722656,610.8812255859375,307.54998779296875,47.4017448425293,21.21595573425293,83.96024322509766
2025-07-02,218.7579040527344,613.6505737304688,309.25,47.60771179199219,21.564233779907227,83.42680358886719
2025-07-03,220.7868194580078,618.4869995117188,307.1400146484375,47.82348251342773,21.5545597076416,82.84573364257812
2025-07-07,217.4712677001953,613.8780517578125,307.3699951171875,47.14673614501953,21.53521156311035,82.05509185791016
2025-07-08,218.9756317138672,613.5418701171875,304.1600036621094,47.44097518920898,21.60293197631836,81.95030975341797
2025-07-09,221.3509521484375,617.220947265625,305.5199890136719,47.36251449584961,21.564233779907227,82.8076400756836
2025-07-10,222.48915100097656,618.9617309570312,306.20001220703125,47.490013122558594,21.496511459350582,82.86477661132812
2025-07-11,219.42100524902344,616.7857666015625,309.1400146484375,47.33308792114258,21.777070999145508,81.72168731689453
2025-07-14,220.89569091796875,617.9627685546875,308.010009765625,47.4017448425293,21.5932559967041,81.55023193359375
2025-07-15,216.57061767578125,615.322021484375,306.7300109863281,47.74501800537109,21.5545597076416,80.97868347167969
2025-07-16,218.74801635742188,617.3792724609375,308.260009765625,47.97060394287109,21.58358192443848,81.09298706054688
2025-07-17,221.61817932128903,621.1573486328125,307.5899963378906,48.24522399902344,21.757720947265625,81.07393646240234
2025-07-18,220.04454040527344,620.7025146484375,308.3900146484375,48.1373405456543,21.79641914367676,81.19775390625
2025-07-21,219.1537628173828,621.8794555664062,313.1300048828125,48.45119094848633,21.748046875,81.9217300415039
2025-07-22,220.9748687744141,621.9684448242188,316.1000061035156,48.480613708496094,21.7093505859375,82.41708374023438
2025-07-23,224.34982299804688,627.259765625,312.17999267578125,48.97101211547852,21.651302337646484,81.9598388671875
2025-07-24,221.2519989013672,627.4674072265625,310.2699890136719,48.706199645996094,21.670652389526367,81.81694030761719
2025-07-25,222.07345581054688,630.1181030273438,307.3999938964844,48.55907440185547,21.44814109802246,82.33132934570312
2025-07-28,221.81613159179688,629.9598999023438,305.4100036621094,48.23541641235352,21.670652389526367,81.79788970947266
2025-07-29,220.4008331298828,628.2982788085938,306.25,48.25503540039063,21.951210021972656,83.17912292480469
2025-07-30,219.28244018554688,627.5070190429688,300.9599914550781,47.901947021484375,21.9028377532959,82.75048828125
2025-07-31,217.1347503662109,625.1531372070312,302.9599914550781,47.62732696533203,21.719024658203125,82.79811096191406
2025-08-01,212.7107086181641,614.9066162109375,309.1099853515625,47.27424240112305,21.370746612548828,83.97520446777344
2025-08-04,217.4712677001953,624.2530517578125,310.9100036621094,47.7646369934082,21.29335021972656,84.20469665527344
2025-08-05,218.57974243164065,621.0880737304688,311.1600036621094,47.901947021484375,21.10953712463379,84.46288299560547
2025-08-06,218.292724609375,625.845458984375,310.5,48.12752914428711,21.06116485595703,83.97520446777344
2025-08-07,217.5801239013672,625.3211669921875,313.1199951171875,48.5296516418457,21.12888526916504,83.83177947998047
2025-08-08,218.0552215576172,630.197265625,313.04998779296875,48.490421295166016,21.12888526916504,83.46841430664062
2025-08-11,218.00570678710935,628.9509887695312,308.54998779296875,48.35311126708984,21.157909393310547,83.56404113769531
2025-08-12,224.4784698486328,635.6468505859375,308.2699890136719,48.94158935546875,21.07084083557129,83.14329528808594
2025-08-13,228.84315490722656,637.82275390625,309.2099914550781,49.53006362915039,21.04181671142578,83.83177947998047
2025-08-14,225.89378356933597,637.882080078125,307.25,48.921974182128906,21.12888526916504,83.21022033691406
2025-08-15,224.7952117919922,636.388671875,307.42999267578125,48.98081970214844,21.06116485595703,82.61737060546875
2025-08-18,225.61666870117188,636.2501831054688,306.95001220703125,49.26525115966797,21.080514907836918,82.37831115722656
2025-08-19,223.88465881347656,632.7984008789062,305.2699890136719,48.86312484741211,20.91604995727539,82.85643768310547
2025-08-20,223.0928649902344,631.1170043945312,308.3599853515625,48.794471740722656,21.14823532104492,83.03811645507812
2025-08-21,223.64712524414065,628.5850830078125,307.2900085449219,48.68658447265625,21.274002075195312,82.62694549560547
2025-08-22,232.41604614257807,638.2381591796875,310.5799865722656,49.65756988525391,21.36107063293457,83.23892211914062
2025-08-25,229.971435546875,635.42919921875,309.8299865722656,49.373138427734375,21.467491149902344,82.99987030029297
2025-08-26,231.87168884277344,638.0897216796875,312.0799865722656,49.245635986328125,21.30302619934082,82.9520492553711
2025-08-27,233.51461791992188,639.543701171875,312.7099914550781,48.95139694213867,21.32237434387207,82.85643768310547
2025-08-28,233.79173278808597,641.8085327148438,315.0299987792969,49.13774490356445,21.45781517028809,83.40147399902344
2025-08-29,232.75254821777344,637.98095703125,318.07000732421875,48.90235900878906,21.48683738708496,82.8086166381836
2025-09-02,231.4955902099609,633.2533569335938,325.5899963378906,48.86312484741211,21.83511734008789,82.19239044189453
2025-09-03,231.2679443359375,636.685302734375,328.1400146484375,49.04947280883789,21.64163017272949,83.09465789794922
2025-09-04,234.15792846679688,642.00634765625,326.69000244140625,48.89254760742188,21.48683738708496,83.7281723022461
2025-09-05,235.3258209228516,640.1469116210938,331.04998779296875,49.48102569580078,21.312700271606445,85.0047607421875
2025-09-08,235.80088806152344,641.719482421875,334.82000732421875,49.93218994140625,21.45781517028809,86.13739013671875
2025-09-09,234.41526794433597,643.203125,334.0599975585937,50.206809997558594,21.51586151123047,85.64787292480469
2025-09-10,233.9995880126953,645.0624389648438,335.260009765625,50.55009078979492,21.66097640991211,86.13739013671875
2025-09-11,238.3246612548828,650.4231567382812,334.760009765625,51.28568649291992,21.496511459350582,86.71332550048828
2025-09-12,235.88995361328125,650.20556640625,335.4200134277344,51.25625991821289,21.62228012084961,86.3389663696289
2025-09-15,236.88958740234372,653.6671142578125,338.9100036621094,51.62895965576172,21.815767288208008,86.54054260253906
2025-09-16,236.4994964599609,652.76708984375,339.5899963378906,52.01147079467773,22.038280487060547,86.722900390625
2025-09-17,237.10494995117188,651.9561767578125,336.9700012207031,52.23705291748047,21.806095123291016,86.50215148925781
2025-09-18,243.01048278808597,655.0023803710938,335.6199951171875,52.10955429077149,21.7093505859375,85.60948181152344
2025-09-19,241.1643829345703,658.2465209960938,339.17999267578125,51.99185562133789,21.53521156311035,85.44629669189453
2025-09-22,242.5638427734375,661.3607177734375,345.04998779296875,52.24686050415039,21.53521156311035,85.13912963867188
2025-09-23,242.01795959472656,657.7605590820312,346.4599914550781,52.27628326416016,21.757720947265625,85.7342529296875
2025-09-24,239.79470825195312,655.6678466796875,343.32000732421875,52.0997428894043,21.9028377532959,85.40790557861328
2025-09-25,237.5019378662109,652.6429443359375,344.75,51.79569625854492,22.057626724243164,85.40790557861328
2025-09-26,239.53662109375,656.3818969726562,346.739990234375,51.69761657714844,22.067302703857425,85.33113098144531
2025-09-29,239.8145446777344,658.2266845703125,352.4599914550781,52.16839599609375,21.88348960876465,86.03180694580078
2025-09-30,240.1520233154297,660.7060546875,355.4700012207031,52.37436676025391,21.79641914367676,85.78225708007812
2025-10-01,240.6780548095703,662.9574584960938,356.0299987792969,52.78629684448242,21.757720947265625,86.0037841796875
2025-10-02,242.19662475585935,663.7210693359375,354.7900085449219,53.031494140625,21.612606048583984,86.25422668457031
2025-10-03,243.9930877685547,663.7113037109375,357.6400146484375,53.18842315673828,21.680326461791992,86.0904769897461
2025-10-06,244.96575927734372,666.0914916992188,364.3800048828125,53.43362045288086,21.9028377532959,85.40660095214844
2025-10-07,242.3355712890625,663.6220092773438,366.260009765625,53.02169036865234,21.98990631103516,85.89784240722656
2025-10-08,244.8764495849609,667.5791625976562,372.2999877929688,53.44343185424805,22.018930435180664,85.96526336669922
2025-10-09,243.2983245849609,665.6452026367188,365.4299926757813,52.89418411254883,21.815767288208008,85.89784240722656
2025-10-10,236.01315307617188,647.6542358398438,369.1199951171875,50.9424057006836,21.351396560668945,87.28484344482422
2025-10-13,242.58370971679688,657.5919189453125,378.0899963378906,52.42340469360352,21.62228012084961,87.2366714477539
2025-10-14,246.047607421875,656.78857421875,380.7900085449219,51.9526252746582,21.380420684814453,87.51600646972656
2025-10-15,248.45947265625,659.7044067382812,387.3900146484375,52.80591583251953,21.45781517028809,87.3233642578125
2025-10-16,243.22885131835935,655.211669921875,396.4500122070313,53.14918899536133,21.419116973876957,87.97833251953125
2025-10-17,241.59117126464844,658.9308471679688,388.989990234375,53.139381408691406,21.399770736694336,87.84349060058594
2025-10-20,246.30567932128903,665.7840576171875,403.1499938964844,53.86516952514648,21.612606048583984,88.18062591552734
2025-10-21,245.1444396972656,665.7741088867188,377.239990234375,53.26689147949219,21.39009475708008,88.61405181884766
2025-10-22,241.5216827392578,662.312744140625,377.2799987792969,53.21784591674805,21.72869682312012,88.67182922363281
2025-10-23,244.57867431640625,666.2402954101562,378.7900085449219,53.68862915039063,22.096324920654297,88.06503295898438
2025-10-24,247.56619262695312,671.6851806640625,377.5199890136719,54.04171371459961,22.106000900268555,88.10356140136719
2025-10-27,248.42970275878903,679.6094970703125,367.010009765625,54.63999938964844,22.057626724243164,88.40213775634766
2025-10-28,247.09971618652344,681.41455078125,364.3800048828125,54.62038040161133,21.85446548461914,88.63330841064453
2025-10-29,244.99554443359372,681.7418212890625,363.0,54.93423461914063,21.970558166503903,87.7375259399414
2025-10-30,243.0204162597656,674.2440185546875,370.1300048828125,54.36537551879883,21.98023223876953,87.22705078125
2025-10-31,244.3900909423828,676.4556884765625,368.1199951171875,54.23787307739258,22.13502311706543,86.96697998046875
2025-11-03,243.60601806640625,677.7251586914062,368.7799987792969,54.581153869628906,22.299488067626957,86.74948120117188
2025-11-04,239.39767456054688,669.691650390625,362.3200073242188,53.58074188232422,22.14469718933105,86.94281768798828
2025-11-05,242.8516845703125,672.012451171875,366.510009765625,54.06132888793945,22.076976776123047,85.9954833984375
2025-11-06,238.55404663085935,664.80224609375,366.0700073242188,53.6592025756836,22.106000900268555,86.76881408691406
2025-11-07,239.8046112060547,665.4567260742188,368.30999755859375,53.50227737426758,22.15437126159668,86.58515930175781
2025-11-10,242.20654296875,675.8406982421875,378.3800048828125,54.4438362121582,22.39623260498047,86.56582641601562
2025-11-11,242.41497802734372,677.387939453125,379.8699951171875,54.502685546875,22.54134750366211,86.962158203125
2025-11-12,241.8194580078125,677.7647705078125,385.989990234375,54.51249313354492,22.289813995361328,87.1168212890625
2025-11-13,235.0206451416016,666.5180053710938,382.8699951171875,53.87498092651367,22.17372131347656,86.4014892578125
2025-11-14,235.7054748535156,666.4088134765625,375.9599914550781,53.90440368652344,22.222091674804688,85.9084701538086
2025-11-17,231.02073669433597,660.2003173828125,371.6499938964844,53.26689147949219,22.19306945800781,86.12115478515625
2025-11-18,231.72544860839844,654.65625,374.3500061035156,53.002071380615234,22.376882553100582,86.09213256835938
2025-11-19,231.6857452392578,657.185302734375,374.9599914550781,52.81571960449219,22.15437126159668,85.91814422607422
2025-11-20,227.3980255126953,647.1683349609375,374.8500061035156,52.089935302734375,21.94153594970703,86.25648498535156
2025-11-21,233.83953857421875,653.6148681640625,374.2699890136719,52.08012771606445,21.79641914367676,86.5174789428711
2025-11-24,238.10739135742188,663.2351684570312,380.2000122070313,52.629371643066406,21.9028377532959,87.01049041748047
2025-11-25,243.2983245849609,669.4735107421875,380.0799865722656,52.81571960449219,21.786745071411133,87.2328109741211
2025-11-26,245.45211791992188,674.09521484375,383.1199951171875,53.19823455810547,22.018930435180664,87.6194839477539
2025-11-28,246.89126586914065,677.7747192382812,387.8800048828125,53.27669525146485,22.309162139892575,87.20381164550781
2025-12-01,243.7846527099609,674.6803588867188,389.75,53.23746490478516,22.367210388183597,86.11825561523438
2025-12-02,243.3380279541016,675.9299926757812,387.239990234375,53.257080078125,22.27046585083008,86.15705108642578
2025-12-03,247.7646942138672,678.2706298828125,386.8800048828125,53.29631423950195,22.376882553100582,86.39957427978516
2025-12-04,249.93833923339844,678.7665405273438,387.1300048828125,53.28650665283203,22.4349308013916,85.93392944335938
2025-12-05,248.89617919921875,680.0557861328125,386.4400024414063,53.68862915039063,22.570371627807617,85.53617095947266
2025-12-08,248.9954376220703,678.0127563476562,385.4200134277344,53.57093048095703,22.289813995361328,85.25482177734375
2025-12-09,249.51153564453125,677.4276123046875,387.3999938964844,53.48266220092773,22.24144172668457,85.34214782714844
2025-12-10,252.90599060058597,681.9203491210938,389.0499877929688,54.0809440612793,22.376882553100582,85.67198181152344
2025-12-11,255.87364196777344,683.5072021484375,393.239990234375,53.8259391784668,22.357534408569336,85.55558013916016
2025-12-12,251.9531707763672,676.1581420898438,395.4400024414063,53.19823455810547,22.17372131347656,84.73095703125
2025-12-15,250.0475006103516,675.1365966796875,395.7999877929688,53.04130554199219,22.067302703857425,84.78916931152344
2025-12-16,248.8644256591797,673.2918701171875,395.8900146484375,52.70604705810547,21.84479141235352,85.25482177734375
2025-12-17,246.2154693603516,665.8832397460938,399.2900085449219,52.32801055908203,22.106000900268555,85.1772232055664
2025-12-18,247.6793670654297,670.9114990234375,398.5700073242188,52.92491149902344,21.951210021972656,85.58467102050781
2025-12-19,249.7507476806641,676.9923095703125,399.0199890136719,53.44222259521485,22.106000900268555,85.26524353027344
2025-12-22,252.52919006347656,681.2098388671875,408.2300109863281,53.73072052001953,22.38999938964844,85.0802001953125
2025-12-23,251.035400390625,684.3233032226562,413.6400146484375,54.02917098999024,22.63999938964844,85.2165298461914
2025-12-24,251.66281127929688,686.7305297851562,411.9299926757813,54.13859939575195,22.6299991607666,85.73271179199219
2025-12-26,250.3781280517578,686.660888671875,416.739990234375,54.51663589477539,22.700000762939453,85.45027923583984
2025-12-29,248.8445281982422,684.2138671875,398.6000061035156,54.37736129760742,22.489999771118164,85.77166748046875
2025-12-30,247.00218200683597,683.3782958984375,398.8900146484375,54.596221923828125,22.63999938964844,85.56714630126953
2025-12-31,245.1399383544922,678.3152465820312,396.30999755859375,54.42710113525391,22.36000061035156,84.88542175292969
2026-01-02,247.74908447265625,679.55859375,398.2799987792969,55.94919204711914,22.38999938964844,84.75879669189453
2026-01-05,251.6826934814453,684.0845947265625,408.760009765625,56.56598281860352,22.809999465942383,85.17758178710938
2026-01-06,255.0188140869141,688.1529541015625,413.1799926757813,56.98381042480469,22.799999237060547,85.00228881835938
2026-01-07,254.4213104248047,685.9347534179688,409.2300109863281,56.556034088134766,22.59000015258789,85.49897766113281
2026-01-08,257.1997375488281,685.8651123046875,411.489990234375,56.575931549072266,22.8799991607666,85.0704574584961
2026-01-09,259.1516418457031,690.4010009765625,414.4700012207031,56.84453582763672,22.899999618530277,85.63532257080078
2026-01-12,260.4163818359375,691.4852294921875,422.2300109863281,57.64039611816406,23.190000534057617,85.38211059570312
2026-01-13,260.2669982910156,690.1026000976562,421.6300048828125,57.21261978149414,23.3700008392334,85.52818298339844
2026-01-14,262.099365234375,686.7105712890625,425.9400024414063,57.45138168334961,23.38999938964844,86.02488708496094
2026-01-15,264.4097595214844,688.5806884765625,423.3299865722656,57.78962326049805,23.200000762939453,86.0053939819336
2026-01-16,264.6587219238281,688.0037231445312,421.2900085449219,57.57075881958008,23.15999984741211,85.50872039794922
2026-01-20,261.49188232421875,673.9981689453125,437.2300109863281,57.01365661621094,23.479999542236328,84.38873291015625
2026-01-21,266.6802978515625,681.77685546875,443.6000061035156,57.958744049072266,23.75,85.03148651123047
2026-01-22,268.6719970703125,685.3379516601562,451.7900085449219,58.39646911621094,23.739999771118164,85.40158081054688
2026-01-23,263.712646484375,685.5865478515625,458.0,58.764556884765625,24.18000030517578,85.63532257080078
2026-01-26,262.8861083984375,689.068115234375,464.7000122070313,58.864036560058594,24.290000915527344,86.04436492919922
2026-01-27,263.63299560546875,691.8134765625,476.1000061035156,60.02798843383789,24.6200008392334,85.50872039794922
2026-01-28,262.2088928222656,691.7438354492188,494.55999755859375,60.43586730957031,24.940000534057617,85.31393432617188
2026-01-29,262.27862548828125,690.3711547851562,495.8999938964844,60.127471923828125,25.299999237060547,85.33341217041016
2026-01-30,258.57403564453125,688.3121337890625,444.9500122070313,58.79439926147461,24.43000030517578,84.85618591308594
2026-02-02,261.0935363769531,691.73388671875,427.1300048828125,58.97346878051758,23.540000915527344,84.61375427246094
2026-02-03,261.6910400390625,685.885009765625,454.2900085449219,59.29181289672852,24.149999618530277,84.81905364990234
2026-02-04,259.4403991699219,682.5626831054688,453.9700012207031,58.49595260620117,24.190000534057617,84.60396575927734
2026-02-05,254.7698516845703,674.0379638671875,441.8800048828125,58.22734832763672,23.76000022888184,85.52294158935547
2026-02-06,263.9217529296875,686.96923828125,455.4599914550781,59.75938415527344,24.01000022888184,85.58159637451172
2026-02-09,265.7740783691406,690.2816162109375,467.0299987792969,60.19710922241211,24.25,85.56204986572266
2026-02-10,265.0570678710937,688.4613037109375,462.3999938964844,60.2866439819336,24.13999938964844,86.54945373535156
2026-02-11,263.8520812988281,688.3021850585938,467.6300048828125,61.24168014526367,24.3700008392334,86.08995819091797
2026-02-12,258.4644775390625,677.668701171875,451.3900146484375,60.5452995300293,23.799999237060547,87.2337875366211
2026-02-13,261.87030029296875,678.1461181640625,462.6199951171875,60.803955078125,23.8799991607666,87.71282958984375
2026-02-17,261.9499816894531,679.2402954101562,448.2000122070313,60.55524826049805,23.59000015258789,87.8594741821289
2026-02-18,262.8960266113281,682.662109375,458.2799987792969,60.87359237670898,24.209999084472656,87.5270767211914
2026-02-19,263.5035400390625,680.8616943359375,459.55999755859375,60.724369049072266,24.43000030517578,87.61505889892578
2026-02-20,263.5134582519531,685.7855834960938,468.6199951171875,62.01764678955078,24.600000381469727,87.4097671508789
2026-02-23,259.4105224609375,678.7827758789062,481.2799987792969,61.33121490478516,24.75,87.73237609863281
2026-02-24,262.23876953125,683.7164916992188,474.6099853515625,62.296199798583984,24.71999931335449,87.8887939453125
2026-02-25,263.48358154296875,689.4859008789062,473.4200134277344,62.98263168334961,24.75,87.8985824584961
2026-02-26,264.88775634765625,685.6561889648438,477.4800109863281,62.38573455810547,24.76000022888184,88.25052642822266
2026-02-27,260.3267517089844,682.3637084960938,483.75,62.25640869140625,25.100000381469727,88.78821563720703
2026-03-02,262.7167663574219,682.7516479492188,490.0,61.18199157714844,25.809999465942383,87.89659881591797
2026-03-03,258.1657409667969,676.7337036132812,468.1400146484375,58.11791610717773,25.90999984741211,87.72004699707031
2026-03-04,260.67529296875,681.50830078125,471.7999877929688,58.744659423828125,26.13999938964844,87.44540405273438
2026-03-05,255.6959991455078,677.7084350585938,466.1300048828125,57.33200454711914,26.520000457763672,87.09228515625
2026-03-06,249.850341796875,668.8256225585938,473.510009765625,57.02360534667969,27.51000022888184,86.76859283447266
2026-03-09,252.5690155029297,674.6845092773438,472.5299987792969,58.147762298583984,27.13999938964844,87.52387237548828
2026-03-10,252.31008911132807,673.6002807617188,477.8599853515625,58.37657165527344,27.600000381469727,86.59202575683594
2026-03-11,251.80221557617188,672.7548217773438,476.239990234375,58.52579879760742,28.1299991607666,85.47382354736328
2026-03-12,246.384765625,662.5390625,466.8800048828125,56.655517578125,28.86000061035156,85.30707550048828
2026-03-13,245.56814575195312,658.7890014648438,460.8399963378906,56.50629425048828,28.709999084472656,84.88529968261719
2026-03-16,247.8885040283203,665.493408203125,460.4299926757813,58.078125,28.309999465942383,85.54248809814453
2026-03-17,249.45677185058597,667.2440185546875,459.2699890136719,58.44620895385742,28.76000022888184,85.77790069580078
2026-03-18,245.43634033203125,657.9335327148438,444.739990234375,57.26236724853516,29.270000457763672,85.29727172851562
2026-03-19,247.04251098632807,656.3121337890625,426.4100036621094,57.322052001953125,28.84000015258789,85.81713104248047
2026-03-20,241.64535522460935,646.9034423828125,413.3800048828125,55.35229110717773,28.940000534057617,84.18887329101562
2026-03-23,246.8629302978516,653.6959228515625,404.0400085449219,57.01365661621094,27.75,84.73816680908203
2026-03-24,248.18978881835935,651.5015869140625,404.1300048828125,56.22774124145508,28.239999771118164,84.36543273925781
2026-03-25,251.2225799560547,655.1322021484375,416.2900085449219,57.123085021972656,28.170000076293945,85.1795654296875
2026-03-26,246.85296630859372,643.432373046875,400.6400146484375,55.18317413330078,28.440000534057617,84.46351623535156
2026-03-27,242.5232696533203,632.4606323242188,414.7000122070313,54.91456985473633,29.100000381469727,84.00251770019531
2026-03-30,239.04153442382807,630.3460693359375,414.5799865722656,54.466896057128906,29.26000022888184,85.12071228027344
2026-03-31,247.41163635253903,648.6688842773438,430.2900085449219,56.49634552001953,28.950000762939453,85.03243255615234
2026-04-01,248.96792602539065,653.5562744140625,437.8200073242188,56.9340705871582,28.68000030517578,84.94873046875
2026-04-02,250.69381713867188,654.144775390625,429.4100036621094,56.29737854003906,29.32999992370605,85.47067260742188
2026-04-06,251.76129150390625,657.23681640625,427.6499938964844,56.81469345092773,29.479999542236328,85.33280181884766
2026-04-07,252.3099822998047,657.5260009765625,431.80999755859375,57.01365661621094,29.3700008392334,85.32294464111328
2026-04-08,259.85205078125,674.27294921875,434.5299987792969,60.127471923828125,28.559999465942383,85.59869384765625
2026-04-09,261.3385009765625,678.162841796875,437.9100036621094,59.968299865722656,28.709999084472656,85.38203430175781
2026-04-10,260.6800537109375,677.7140502929688,437.1300048828125,60.24685287475586,28.5,85.17522430419922
2026-04-13,264.4411315917969,684.3369750976562,435.3599853515625,60.75421524047852,28.959999084472656,85.4312744140625
2026-04-14,268.0824890136719,692.675537109375,445.0899963378906,61.91816711425781,28.84000015258789,85.88428497314453
2026-04-15,268.7509155273437,698.1414184570312,440.4599914550781,61.87837219238281,28.88999938964844,85.51006317138672
2026-04-16,269.3095703125,699.8569946289062,440.0799865722656,62.127079010009766,29.11000061035156,84.96842193603516
2026-04-17,275.125732421875,708.3152465820312,445.9299926757813,63.3109245300293,28.290000915527344,85.74641418457031
2026-04-20,276.6920166015625,706.8988037109375,442.0899963378906,62.85330581665039,28.670000076293945,85.72671508789062
2026-04-21,273.8587646484375,702.2708129882812,429.5700073242188,61.9281120300293,29.209999084472656,85.25402069091797
2026-04-22,275.8240661621094,709.3825073242188,435.260009765625,63.0522689819336,29.51000022888184,85.42142486572266
2026-04-23,274.8663330078125,706.6295776367188,431.0400085449219,62.02759552001953,29.88999938964844,85.23431396484375
2026-04-24,275.99365234375,712.10546875,433.25,63.41040802001953,29.86000061035156,85.39188385009766
2026-04-27,276.4825134277344,713.332275390625,429.8900146484375,63.3109245300293,30.09000015258789,84.96842193603516
2026-04-28,273.2601623535156,709.8612060546875,421.9100036621094,62.66428756713867,30.34000015258789,85.05705261230469
2026-04-29,271.4344787597656,709.7515258789062,417.4100036621094,62.36583709716797,31.07999992370605,84.39723205566406
2026-04-30,277.310546875,716.8132934570312,423.6600036621094,63.65911865234375,31.100000381469727,84.31845092773438
2026-05-01,278.617431640625,718.7982177734375,423.1799926757813,63.79838943481445,30.809999465942383,84.61993408203125
2026-05-04,277.22076416015625,716.1649780273438,414.7099914550781,63.7685432434082,31.32999992370605,83.9774398803711
2026-05-05,281.8896484375,721.9102172851562,418.2699890136719,65.06182861328125,31.200000762939453,84.44200897216797
2026-05-06,286.1195678710937,731.9443359375,430.9599914550781,67.1410140991211,30.209999084472656,85.08448791503906
2026-05-07,281.5903625488281,729.7001342773438,431.6799926757813,66.24566650390625,30.25,84.65946960449219
2026-05-08,283.495849609375,735.724609375,433.7699890136719,67.58869171142578,30.299999237060547,85.08448791503906
2026-05-11,284.6530456542969,737.4002685546875,434.6499938964844,67.53894805908203,31.059999465942383,84.57050323486328
2026-05-12,281.8996276855469,736.2831420898438,432.9299926757813,65.47965240478516,31.690000534057617,84.00708770751953
2026-05-13,281.9993896484375,740.4025268554688,430.5,66.86246490478516,31.3700008392334,83.81929779052734
2026-05-14,283.7751770019531,746.2474975585938,427.2099914550781,67.03158569335938,31.149999618530277,83.93790435791016
2026-05-15,276.94140625,737.2706298828125,417.2900085449219,64.73352813720703,31.190000534057617,82.6924819946289
2026-05-18,275.3152770996094,736.751953125,418.4299926757813,64.63404846191406,31.3799991607666,82.5936279296875
2026-05-19,272.3523254394531,731.8446044921875,411.5,63.9277229309082,31.61000061035156,82.05987548828125
2026-05-20,279.2060241699219,739.3452758789062,417.3999938964844,65.12151336669922,30.8799991607666,82.93959045410156
2026-05-21,281.8197937011719,740.8114624023438,416.989990234375,65.68856811523438,30.700000762939453,83.24600219726562
2026-05-22,284.4435729980469,743.7239990234375,413.8200073242188,65.53933715820312,30.540000915527344,83.70068359375
2026-05-26,289.82080078125,748.6613159179688,414.0,68.04631042480469,30.030000686645508,84.1158218383789
2026-05-27,289.6811218261719,748.5316162109375,408.489990234375,68.03636169433594,29.489999771118164,84.31351470947266
2026-05-28,291.3371887207031,752.6609497070312,412.7699890136719,68.2552261352539,29.71999931335449,84.7484130859375
2026-05-29,289.740966796875,754.5361328125,417.1199951171875,68.24527740478516,29.479999542236328,84.76819610595703
2026-06-01,288.29443359375,756.5908203125,411.260009765625,69.7176284790039,29.989999771118164,84.8138427734375
2026-06-02,290.9680480957031,757.6182250976562,411.9500122070313,70.43390655517578,30.1200008392334,84.9924545288086
2026-06-03,286.9875183105469,752.3018798828125,407.8699951171875,69.5584487915039,30.290000915527344,84.65506744384766
2026-06-04,291.3172302246094,755.1445922851562,411.2699890136719,68.74269104003906,29.8799991607666,84.8436050415039
2026-06-05,280.9817810058594,735.65478515625,396.239990234375,64.25601196289062,29.229999542236328,84.406982421875
2026-06-08,283.4359436035156,737.3204345703125,397.2699890136719,65.4100112915039,29.46999931335449,83.97036743164062
2026-06-09,284.3437805175781,735.1560668945312,390.7799987792969,65.47965240478516,29.06999969482422,84.4665298461914
2026-06-10,281.3808288574219,723.56591796875,374.5799865722656,64.32565307617188,29.170000076293945,84.22836303710938
2026-06-11,289.72100830078125,735.8642578125,386.3200073242188,67.15096282958984,28.850000381469727,85.31993103027344
2026-06-12,292.2550048828125,739.843994140625,386.5400085449219,67.52899932861328,28.549999237060547,85.11153411865234
2026-06-15,294.6400146484375,752.890380859375,396.5499877929688,69.75,28.21999931335449,85.06192016601562
2026-06-16,292.0799865722656,748.4019775390625,397.6300048828125,68.63999938964844,27.899999618530277,85.52831268310547
2026-06-17,289.8800048828125,739.0560302734375,388.6000061035156,68.55999755859375,27.709999084472656,85.66724395751953
2026-06-18,295.5899963378906,746.739990234375,387.1199951171875,70.79000091552734,27.6299991607666,86.08401489257812
2026-06-22,298.17999267578125,744.3900146484375,384.5899963378906,71.20999908447266,27.40999984741211,85.4290771484375
2026-06-23,295.32000732421875,733.5800170898438,377.3200073242188,67.16999816894531,27.1200008392334,85.5382308959961
2026-06-24,296.69000244140625,733.239990234375,365.9200134277344,67.25,26.450000762939453,86.70916748046875
2026-06-25,298.9100036621094,734.2999877929688,369.4599914550781,67.95999908447266,26.93000030517578,86.67940521240234
2026-06-26,299.8299865722656,728.989990234375,373.6300048828125,67.19000244140625,26.56999969482422,86.6893310546875
2026-06-29,298.9700012207031,741.0,368.5799865722656,67.43000030517578,26.559999465942383,86.77864074707031
2026-06-30,300.45001220703125,746.77001953125,368.3800048828125,68.41000366210938,26.65999984741211,85.75653839111328
2026-07-01,299.32000732421875,745.760009765625,370.6000061035156,66.4800033569336,26.450000762939453,85.1768798828125
2026-07-02,297.5799865722656,744.780029296875,378.1300048828125,65.69999694824219,26.56999969482422,85.16692352294922
2026-07-06,298.8999938964844,751.280029296875,382.1300048828125,67.56999969482422,27.0,85.1071548461914
2026-07-07,296.19000244140625,747.7100219726562,377.489990234375,65.72000122070312,27.350000381469727,84.21077728271484
2026-07-08,293.4800109863281,745.4000244140625,374.4500122070313,66.2300033569336,27.799999237060547,84.02153778076172
2026-07-09,297.239990234375,751.7100219726562,378.1799926757813,66.77999877929688,27.57999992370605,84.15100860595703
2026-07-10,295.989990234375,754.9500122070312,377.010009765625,66.9000015258789,27.520000457763672,84.13109588623047
2026-07-13,293.4800109863281,749.1699829101562,367.1300048828125,64.5,28.32999992370605,83.63310241699219
2026-07-14,294.510009765625,751.8300170898438,372.1499938964844,65.66999816894531,28.6299991607666,83.74266052246094
2026-07-15,295.7699890136719,754.8099975585938,372.3500061035156,65.56999969482422,28.790000915527344,83.90201568603516
2026-07-16,295.5899963378906,750.719970703125,364.9599914550781,64.19000244140625,28.459999084472656,83.87213134765625
2026-07-17,294.0400085449219,743.2899780273438,368.4100036621094,63.290000915527344,28.979999542236328,84.1808853149414
2026-07-20,292.3099975585937,742.0900268554688,367.6000061035156,63.560001373291016,29.13999938964844,83.55342102050781
2026-07-21,296.5400085449219,748.280029296875,374.80999755859375,65.33999633789062,29.56999969482422,83.32434844970703
2026-07-22,293.7900085449219,747.4099731445312,379.1199951171875,64.98999786376953,29.86000061035156,83.105224609375
2026-07-23,292.0899963378906,738.1799926757812,371.5199890136719,64.5999984741211,30.309999465942383,82.8363037109375
2026-07-24,291.1700134277344,738.9299926757812,371.8999938964844,63.33000183105469,30.100000381469727,82.91598510742188
2026-07-27,292.9100036621094,739.0900268554688,374.6300048828125,63.619998931884766,29.01000022888184,83.41397857666016
2026-07-28,293.3699951171875,740.8599853515625,369.3699951171875,62.36000061035156,28.600000381469727,83.90201568603516
2026-07-29,288.57000732421875,729.4600219726562,371.0799865722656,61.06999969482422,29.420000076293945,82.51759338378906
2026-07-30,292.5899963378906,741.6900024414062,377.1600036621094,63.59000015258789,29.31999969482422,82.4677963256836
2026-07-31,291.20001220703125,747.030029296875,371.5400085449219,64.08999633789062,29.450000762939453,81.91999816894531
2026-08-03,296.2200012207031,757.6699829101562,371.7099914550781,64.31999969482422,28.8799991607666,82.19000244140625
2026-08-04,301.7099914550781,771.3300170898438,374.1600036621094,66.0,28.309999465942383,82.81999969482422
2026-08-05,299.7699890136719,769.7899780273438,389.6400146484375,65.72000122070312,28.479999542236328,83.0
2026-08-06,298.25,768.5599975585938,389.6700134277344,65.0199966430664,28.86000061035156,82.5199966430664
2026-08-07,301.5599975585937,773.260009765625,398.4700012207031,65.63999938964844,28.90999984741211,82.76000213623047
2026-08-10,299.9800109863281,773.030029296875,402.5400085449219,65.16999816894531,29.93000030517578,82.05999755859375
2026-08-11,300.989990234375,770.5599975585938,400.9599914550781,65.43000030517578,29.96999931335449,82.19000244140625
2026-08-12,302.7099914550781,772.489990234375,404.9200134277344,66.45999908447266,30.11000061035156,82.11000061035156
