Date,AAPL,MSFT,GOOGL,AMZN,JPM,XOM
2021-08-13,164.69850158691406,136.5169677734375,145.42779541015625,281.0471496582031,141.16734313964844,47.95142364501953
2021-08-16,164.94949340820312,137.09384155273438,147.39808654785156,282.7265930175781,140.2408447265625,47.250343322753906
2021-08-17,162.09800720214844,135.4603271484375,146.49102783203125,281.26788330078125,138.54661560058594,46.92938232421875
2021-08-18,160.06100463867188,134.2584991455078,142.7553253173828,279.5467834472656,137.28480529785156,45.941131591796875
2021-08-19,159.3874969482422,134.4874725341797,143.08694458007812,285.35443115234375,136.13763427734375,44.53898620605469
2021-08-20,159.99749755859375,136.2216033935547,144.54025268554688,292.6524963378906,136.5259246826172,44.54743957519531
2021-08-23,163.2935028076172,138.81063842773438,146.02284240722656,292.9313049316406,138.27308654785156,46.380340576171875
2021-08-24,165.28900146484375,140.0198974609375,145.93499755859375,290.97943115234375,139.12901306152344,46.76045227050781
2021-08-25,164.95899963378906,140.83021545410156,144.7060546875,290.3928527832031,141.99684143066406,46.844913482666016
2021-08-26,165.8000030517578,140.19737243652344,143.90625,287.5852355957031,142.72923278808594,46.2114143371582
2021-08-27,167.48150634765625,142.73831176757812,144.9401397705078,288.1909484863281,143.87637329101562,47.10675811767578
2021-08-30,171.07850646972656,143.3196563720703,149.34881591796875,291.912109375,141.5732879638672,46.59151840209961
2021-08-31,173.5395050048828,143.4257049560547,148.09060668945312,290.2678527832031,141.14093017578125,46.05093002319336
2021-09-01,173.9499969482422,143.9391632080078,148.7538604736328,290.2197570800781,140.93797302246094,45.41743469238281
2021-09-02,173.156005859375,142.02760314941406,149.8657684326172,289.56597900390625,141.59091186523438,46.52394485473633
2021-09-03,173.90249633789062,142.47613525390625,150.499755859375,289.5563659667969,140.7349853515625,46.34656524658203
2021-09-07,175.46449279785156,143.01235961914062,152.83090209960938,288.6333312988281,140.48794555664062,46.07626724243164
2021-09-08,176.27499389648438,142.4280548095703,151.28981018066406,288.662109375,139.86143493652344,45.6539421081543
2021-09-09,174.20799255371094,142.2793731689453,150.27545166015625,285.8159484863281,140.4702911376953,45.68772888183594
2021-09-10,173.45750427246094,139.63780212402344,145.301025390625,284.3351745605469,138.85549926757812,45.594818115234375
2021-09-13,172.85850524902344,141.08151245117188,145.86676025390625,285.56597900390625,141.06146240234375,46.768898010253906
2021-09-14,172.5,141.29159545898438,144.47198486328125,288.25823974609375,138.59957885742188,46.10161209106445
2021-09-15,173.7895050048828,143.1600799560547,145.3595733642578,293.0948181152344,139.56138610839844,47.65578842163086
2021-09-16,174.41200256347656,142.34776306152344,145.12545776367188,293.4793701171875,139.49961853027344,47.148990631103516
2021-09-17,173.12600708007812,139.56248474121094,142.4626922607422,288.33514404296875,139.1378631591797,46.59151840209961
2021-09-20,167.7864990234375,137.50027465820312,139.41957092285156,282.97943115234375,134.97288513183594,45.34986114501953
2021-09-21,167.18150329589844,137.81100463867188,139.89744567871094,283.4601745605469,134.99049377441406,45.30763244628906
2021-09-22,169.00250244140625,139.05050659179688,142.25787353515625,287.0947570800781,137.57598876953125,46.63374710083008
2021-09-23,170.8000030517578,139.9748077392578,143.2137451171875,288.037109375,142.22622680664062,48.21327590942383
2021-09-24,171.2760009765625,140.96505737304688,143.30152893066406,287.8352355957031,143.8675537109375,48.64404296875
2021-09-27,170.2899932861328,139.8320770263672,141.78968811035156,282.85455322265625,147.34423828125,50.088417053222656
2021-09-28,165.79800415039062,134.63616943359375,138.41493225097656,272.61407470703125,146.55006408691406,50.61210250854492
2021-09-29,165.05599975585938,133.17263793945312,139.31227111816406,273.0757141113281,146.4353485107422,50.57831954956055
2021-09-30,164.2519989013672,132.50106811523438,138.01498413085938,271.07568359375,144.4410858154297,49.682979583740234
2021-10-01,164.16299438476562,135.3428955078125,139.13670349121094,277.9794616699219,147.47659301757812,51.4652099609375
2021-10-04,159.48899841308594,132.4847412109375,135.71316528320312,272.2198486328125,147.31773376464844,52.13249206542969
2021-10-05,161.0500030517578,134.82742309570312,137.63462829589844,277.6525573730469,149.72344970703125,52.048030853271484
2021-10-06,163.10049438476562,136.3559112548828,138.502685546875,281.835205078125,150.04306030273438,51.09356689453125
2021-10-07,165.1215057373047,138.00132751464844,139.76095581054688,283.50830078125,150.99293518066406,51.23715591430664
2021-10-08,164.43099975585938,138.55690002441406,139.38052368164062,283.50830078125,151.10833740234375,52.52103805541992
2021-10-11,162.31500244140625,137.69305419921875,139.29273986816406,282.9122009277344,147.93028259277344,51.997352600097656
2021-10-12,162.3665008544922,135.2497100830078,138.02476501464844,281.614013671875,146.79400634765625,51.72705841064453
2021-10-13,164.21400451660156,136.37277221679688,137.43954467773438,284.9121398925781,142.9235076904297,51.58346176147461
2021-10-14,164.9929962158203,139.910400390625,140.2193145751953,291.1044006347656,145.1162109375,52.36899948120117
2021-10-15,170.4510040283203,140.12547302246094,141.27272033691406,292.50823974609375,147.90365600585938,52.867347717285156
2021-10-18,172.33700561523438,141.52310180664062,142.94065856933594,295.4697265625,147.8503875732422,52.84200668334961
2021-10-19,172.20750427246094,141.97804260253906,145.09620666503906,296.3735656738281,149.64358520507812,53.635990142822266
2021-10-20,170.7530059814453,140.52294921875,145.58387756347656,295.5851135253906,151.65870666503906,53.93162155151367
2021-10-21,171.75050354003906,140.63893127441406,145.79849243164062,298.8062744140625,150.4691619873047,52.951820373535156
2021-10-22,166.77749633789062,136.35740661621094,145.0279083251953,297.26776123046875,152.49314880371094,53.31501770019531
2021-10-25,166.01849365234375,136.23895263671875,144.9791717529297,296.2774353027344,151.74745178222656,54.35395431518555
2021-10-26,168.80349731445312,138.08407592773438,145.64242553710938,298.1812744140625,152.1558380126953,55.61249542236328
2021-10-27,169.62449645996094,144.93234252929688,145.1840057373047,310.7389221191406,148.98666381835938,54.16812515258789
2021-10-28,172.32850646972656,144.5670928955078,148.81239318847656,311.87347412109375,151.23260498046875,54.320159912109375
2021-10-29,168.6215057373047,146.74478149414062,146.11058044433594,318.86395263671875,150.81536865234375,54.45531463623047
2021-11-01,165.90550231933594,142.23574829101562,145.29127502441406,316.700439453125,150.7354736328125,55.435115814208984
2021-11-02,165.6374969482422,144.15423583984375,146.3251953125,320.3158264160156,151.33026123046875,54.750946044921875
2021-11-03,169.1999969482422,145.3095245361328,147.7589874267578,321.15234375,151.3834991455078,53.99919891357422
2021-11-04,173.85000610351562,146.96434020996094,147.2420654296875,323.49853515625,149.39501953125,54.404632568359375
2021-11-05,175.94949340820312,147.543701171875,147.76951599121094,323.13311767578125,149.1819610595703,54.91987228393555
2021-11-08,174.44900512695312,147.7211456298828,146.94898986816406,324.02728271484375,150.07855224609375,55.51114273071289
2021-11-09,178.81149291992188,147.609619140625,147.31040954589844,323.0273742675781,148.94232177734375,56.05172348022461
2021-11-10,174.1024932861328,144.61119079589844,144.48745727539062,318.075439453125,148.8002471923828,54.947471618652344
2021-11-11,173.625,144.48532104492188,144.43861389160156,319.6427307128906,148.79136657714844,55.0501823425293
2021-11-12,176.25750732421875,147.3712158203125,146.5094451904297,323.76763916015625,148.12557983398438,54.6307373046875
2021-11-15,177.28399658203125,147.14720153808594,146.51919555664062,323.14276123046875,147.85923767089844,55.1015510559082
2021-11-16,177.03500366210938,146.57627868652344,147.49600219726562,326.450439453125,146.79400634765625,55.65795135498047
2021-11-17,177.4499969482422,146.7457733154297,149.92822265625,326.6719970703125,146.00392150878906,55.0501823425293
2021-11-18,184.80299377441406,148.5215301513672,154.20657348632812,328.7430725097656,144.7433624267578,54.45098114013672
2021-11-19,183.82850646972656,147.61752319335938,156.82437133789062,330.51544189453125,142.8524932861328,51.934303283691406
2021-11-22,178.6284942626953,145.01608276367188,157.2834930419922,327.3558654785156,145.8974151611328,52.653350830078125
2021-11-23,179.0019989013672,144.5006866455078,157.66439819335938,325.2848205566406,149.38612365722656,54.040096282958984
2021-11-24,179.02049255371094,144.83570861816406,158.18212890625,325.50640869140625,148.21432495117188,54.339698791503906
2021-11-26,175.22799682617188,140.9333038330078,153.17120361328125,317.5783996582031,143.7490997314453,52.430782318115234
2021-11-29,178.07850646972656,144.2513885498047,156.52154541015625,324.2733154296875,143.12770080566406,52.72183609008789
2021-11-30,175.35350036621094,140.6503143310547,161.4641571044922,318.455078125,140.99716186523438,51.223812103271484
2021-12-01,172.18600463867188,139.81175231933594,160.94644165039062,317.9638366699219,140.16268920898438,51.18101501464844
2021-12-02,171.8679962158203,141.70944213867188,159.95989990234375,317.3954162597656,143.10989379882812,52.45646667480469
2021-12-03,169.489501953125,140.75340270996094,158.08444213867188,311.1532897949219,140.5177459716797,52.12262725830078
2021-12-06,171.36849975585938,141.89675903320312,161.4837188720703,314.21661376953125,142.17784118652344,52.713287353515625
2021-12-07,176.1645050048828,145.97511291503906,167.20770263671875,322.6260986328125,144.31724548339844,53.30392074584961
2021-12-08,176.1580047607422,146.884033203125,171.01722717285156,322.6743469238281,142.66607666015625,53.45801544189453
2021-12-09,174.17100524902344,146.34088134765625,170.50927734375,320.87298583984375,142.4441375732422,53.594966888427734
2021-12-10,172.21200561523438,146.70066833496094,175.28578186035156,329.9664001464844,141.87599182128906,53.937374114990234
2021-12-13,169.5675048828125,144.5447998046875,171.66189575195312,326.941650390625,140.18931579589844,52.756072998046875
2021-12-14,169.0915069580078,142.64215087890625,170.28460693359375,316.28765869140625,141.26345825195312,52.679039001464844
2021-12-15,173.31500244140625,145.15386962890625,175.13926696777344,322.36602783203125,140.20709228515625,52.44791793823242
2021-12-16,168.87100219726562,143.17543029785156,168.26263427734375,312.973876953125,142.39976501464844,52.533512115478516
2021-12-17,170.0175018310547,140.4793243408203,167.1686553955078,311.914306640625,139.15956115722656,51.38644790649414
2021-12-20,167.07899475097656,140.3623504638672,165.8109130859375,308.1670837402344,136.65618896484375,50.641719818115234
2021-12-21,170.41700744628906,142.21148681640625,168.9757080078125,315.2761535644531,138.56478881835938,51.78878402709961
2021-12-22,171.03700256347656,145.1281280517578,171.56419372558594,320.96929931640625,139.10630798339844,52.20822525024414
2021-12-23,171.06849670410156,145.62521362304688,172.18934631347656,322.404541015625,139.60340881347656,52.23390197753906
2021-12-27,169.66949462890625,146.6064910888672,176.14535522460938,329.87969970703125,140.4023895263672,52.97864532470703
2021-12-28,170.66099548339844,145.39773559570312,175.12950134277344,328.72381591796875,140.82847595214844,52.80743408203125
2021-12-29,169.2010040283203,145.3660125732422,175.21742248535156,329.3980712890625,140.7574462890625,52.34518814086914
2021-12-30,168.64450073242188,144.91549682617188,174.06483459472656,326.8646545410156,140.68641662597656,52.037025451660156
2021-12-31,166.7169952392578,143.578857421875,173.44943237304688,323.9747314453125,140.57106018066406,52.379425048828125
2022-01-03,170.4044952392578,143.71713256835938,177.786376953125,322.4623718261719,143.544921875,54.39105987548828
2022-01-04,167.52200317382812,143.1303253173828,175.52999877929688,316.9330139160156,148.98666381835938,56.436927795410156
2022-01-05,164.35699462890625,136.5640411376953,170.86093139648438,304.7666931152344,146.26287841796875,57.13886260986328
2022-01-06,163.25399780273438,136.53677368164062,168.0087127685547,302.3584289550781,147.81678771972656,58.482810974121094
2022-01-07,162.5540008544922,135.81272888183594,168.17474365234375,302.5126037597656,149.28134155273438,58.96216583251953
2022-01-10,161.48599243164062,137.45069885253906,168.19432067871094,302.7341613769531,149.4242706298828,58.6112060546875
2022-01-11,165.36199951171875,138.5078125,171.01722717285156,303.4180603027344,149.57608032226562,61.07651138305664
2022-01-12,165.20700073242188,140.18740844726562,171.4567413330078,306.5872802734375,150.42449951171875,60.89676284790039
2022-01-13,161.21400451660156,137.36892700195312,168.19432067871094,293.61175537109375,150.2369384765625,60.46018981933594
2022-01-14,162.13800048828125,138.2545623779297,169.05384826660156,298.8135681152344,141.00283813476562,61.52164840698242
2022-01-18,158.91749572753906,134.8026885986328,165.85972595214844,291.5406494140625,135.09088134765625,62.55742645263672
2022-01-19,156.2989959716797,133.92889404296875,162.37257385253906,292.1956787109375,133.00115966796875,62.583099365234375
2022-01-20,151.66749572753906,132.1358184814453,160.69248962402344,290.5292053222656,131.86697387695312,62.72005844116211
2022-01-21,142.64300537109375,129.20578002929688,158.64120483398438,285.1636657714844,129.5629119873047,61.77845764160156
2022-01-24,144.54400634765625,129.65432739257812,157.8695526123047,285.4911804199219,129.44686889648438,62.309181213378906
2022-01-25,139.98599243164062,125.8193359375,156.07223510742188,277.900390625,130.85784912109375,64.14105224609375
2022-01-26,138.87249755859375,128.09713745117188,155.9843292236328,285.8186340332031,132.0991668701172,63.4904670715332
2022-01-27,139.6374969482422,127.87113189697266,155.5252227783203,288.83380126953125,129.76829528808594,64.3036880493164
2022-01-28,143.97799682617188,132.178955078125,166.37744140625,296.9447021484375,130.92926025390625,64.4406509399414
2022-01-31,149.57350158691406,134.11427307128906,170.72415161132812,299.5649719238281,132.70645141601562,65.02274322509766
2022-02-01,151.19349670410156,136.4342041015625,170.5581512451172,297.4264221191406,134.9837188720703,69.19151306152344
2022-02-02,150.6125030517578,146.69918823242188,171.75955200195312,301.953857421875,133.90316772460938,69.01175689697266
2022-02-03,138.8455047607422,141.83230590820312,168.88778686523438,290.19207763671875,132.79574584960938,68.20710754394531
2022-02-04,157.63949584960938,142.03355407714844,168.60414123535156,294.70989990234375,136.24290466308594,69.68801879882812
2022-02-07,157.9355010986328,137.97752380371094,167.89019775390625,289.9031066894531,136.6984100341797,70.52690887451172
2022-02-08,161.4134979248047,138.1737823486328,170.9906005859375,293.3804931640625,139.27032470703125,68.7035903930664
2022-02-09,161.1894989013672,140.34750366210938,172.40872192382812,299.7864685058594,139.850830078125,68.37470245361328
2022-02-10,159.0034942626953,137.40162658691406,168.34005737304688,291.2805480957031,139.27032470703125,67.71691131591797
2022-02-11,153.2935028076172,133.10226440429688,164.9365234375,284.2100524902344,137.45748901367188,69.42196655273438
2022-02-14,155.16700744628906,134.3348388671875,165.1712646484375,284.1714782714844,136.1803741455078,68.35741424560547
2022-02-15,156.510498046875,135.40782165527344,168.99539184570312,289.4407043457031,138.171875,67.50054931640625
2022-02-16,158.10049438476562,136.5273895263672,168.76065063476562,289.10284423828125,138.4219512939453,67.81212615966797
2022-02-17,154.65249633789062,131.37405395507812,165.1712646484375,280.6372985839844,135.23374938964844,67.70826721191406
2022-02-18,152.60150146484375,129.25685119628906,163.62594604492188,277.9344482421875,135.86782836914062,66.95528411865234
2022-02-22,150.19749450683594,128.6725311279297,160.71136474609375,277.7317810058594,135.62672424316406,66.17633056640625
2022-02-23,144.82699584960938,126.46659851074219,156.5547332763672,270.5404357910156,132.78683471679688,66.44463348388672
2022-02-24,151.35800170898438,131.52471923828125,159.16607666015625,284.3632507324219,129.0896453857422,65.60511016845703
2022-02-25,153.7884979248047,133.2777099609375,161.22975158691406,286.9888610839844,132.14389038085938,67.37071228027344
2022-02-28,153.56300354003906,133.86996459960938,161.49383544921875,288.4175109863281,126.63375091552734,67.87271118164062
2022-03-01,151.14199829101562,132.8831787109375,159.615966796875,284.7108154296875,121.85594177246094,68.52184295654297
2022-03-02,152.05250549316406,133.3887176513672,162.9021759033203,289.7688903808594,124.38330078125,69.69890594482422
2022-03-03,147.89849853515625,132.72264099121094,162.57945251464844,285.6471252441406,123.4991455078125,70.14033508300781
2022-03-04,145.64100646972656,130.74713134765625,159.58665466308594,279.7974853515625,120.02523040771484,72.78010559082031
2022-03-07,137.4530029296875,125.26773834228516,155.80165100097656,269.2276306152344,115.39032745361328,75.40259552001953
2022-03-08,136.01449584960938,125.98734283447266,153.98248291015625,266.2738342285156,114.5776596069336,75.97381591796875
2022-03-09,139.2790069580078,132.247314453125,159.37147521972656,278.48468017578125,119.16790008544922,71.65496826171875
2022-03-10,146.8175048828125,131.26556396484375,155.0387725830078,275.6756896972656,117.75687408447266,73.87931060791016
2022-03-11,145.52450561523438,128.72901916503906,151.33200073242188,270.3474426269531,115.10454559326172,73.49848175048828
2022-03-14,141.85299682617188,124.8439712524414,147.31228637695312,266.8432922363281,116.24762725830078,70.86735534667969
2022-03-15,147.3665008544922,128.06243896484375,151.68408203125,277.1816711425781,118.31058502197266,66.83411407470703
2022-03-16,153.10400390625,132.1090545654297,156.0852813720703,284.1702575683594,123.5973892211914,66.58312225341797
2022-03-17,157.23899841308594,132.6626434326172,157.0926513671875,284.9714660644531,125.16023254394531,68.35741424560547
2022-03-18,161.25050354003906,134.92906188964844,160.37884521484375,290.00048828125,125.11558532714844,68.08909606933594
2022-03-21,161.4915008544922,134.9052734375,161.74810791015625,288.7746276855469,124.71371459960938,71.14430236816406
2022-03-22,164.88900756835938,138.63865661621094,165.1125946044922,293.5045166015625,127.36605834960938,70.83272552490234
2022-03-23,163.4080047607422,137.06015014648438,166.4720916748047,289.09320068359375,124.8298110961914,71.94921875
2022-03-24,163.64950561523438,140.3276824951172,170.24729919433594,293.54315185546875,125.64250183105469,72.16560363769531
2022-03-25,164.77349853515625,140.42779541015625,170.88299560546875,293.1376953125,126.74092102050781,73.74081420898438
2022-03-28,168.99049377441406,140.2122039794922,171.74366760253906,299.9140930175781,125.80321502685547,71.67227935791016
2022-03-29,169.31500244140625,141.2529754638672,175.02992248535156,304.4605407714844,126.08007049560547,71.29144287109375
2022-03-30,166.30099487304688,140.6909637451172,173.8660125732422,302.9643249511719,125.5085220336914,72.51181030273438
2022-03-31,162.99749755859375,137.84519958496094,170.7754364013672,297.60699462890625,121.73988342285156,71.48185729980469
2022-04-01,163.55999755859375,138.91868591308594,170.48202514648438,298.67840576171875,120.83790588378906,71.9405746459961
2022-04-04,168.34649658203125,141.7148895263672,174.52130126953125,304.0357971191406,121.37372589111328,71.97520446777344
2022-04-05,164.05499267578125,139.35531616210938,171.2155303955078,300.0877685546875,119.96124267578125,71.60303497314453
2022-04-06,158.75599670410156,135.34783935546875,168.05645751953125,289.10284423828125,118.29689025878906,72.39928436279297
2022-04-07,157.7845001220703,134.69412231445312,168.35964965820312,290.907958984375,117.93700408935547,73.61100769042969
2022-04-08,154.4604949951172,132.11599731445312,166.35467529296875,286.6607360839844,120.0962142944336,75.16024780273438
2022-04-11,151.1219940185547,127.69123840332031,162.1099853515625,275.3570861816406,119.65535736083984,72.5723876953125
2022-04-12,150.78750610351562,126.59197998046875,163.97804260253906,272.26824951171875,118.34185028076172,74.0870132446289
2022-04-13,155.54100036621094,128.7523193359375,166.65786743164062,277.63525390625,114.52729034423828,75.13427734375
2022-04-14,151.7064971923828,125.61614227294922,161.66001892089844,270.11566162109375,113.46569061279297,76.01709747314453
2022-04-18,152.78500366210938,126.55430603027344,161.44491577148438,270.7816467285156,115.5708999633789,76.64026641845703
2022-04-19,158.11549377441406,128.8663330078125,163.72377014160156,275.3958435058594,117.9639892578125,75.95651245117188
2022-04-20,153.9980010986328,126.91461181640625,163.55747985839844,276.4189453125,118.37786865234375,76.12960815429688
2022-04-21,148.29600524902344,123.71746826171875,162.76527404785156,271.0616760253906,117.46018981933594,75.32467651367188
2022-04-22,144.35000610351562,118.58399200439453,158.23692321777344,264.5169982910156,114.08644104003906,73.68023681640625
2022-04-25,146.07400512695312,121.99226379394531,159.30303955078125,270.9748229980469,114.05045318603516,71.19625854492188
2022-04-26,139.39100646972656,117.60714721679688,153.35655212402344,260.8393249511719,110.67671203613281,71.22220611572266
2022-04-27,138.16700744628906,113.28993225097656,153.131591796875,273.38800048828125,109.23726654052734,73.25613403320312
2022-04-28,144.59649658203125,117.48076629638672,160.04632568359375,279.5755310058594,110.964599609375,75.47181701660156
2022-04-29,124.28150177001953,113.10655975341797,154.18788146972656,267.88592529296875,107.38394927978516,73.78409576416016
2022-05-02,124.5,115.55831146240234,154.4910888671875,274.5946044921875,108.36456298828125,74.7880859375
2022-05-03,124.25350189208984,116.30271911621094,155.9776611328125,271.9980163574219,110.68571472167969,76.32868957519531
2022-05-04,125.92849731445312,121.18640899658203,162.37405395507812,279.913330078125,114.34735870361328,79.36656951904297
2022-05-05,116.40699768066406,115.48149871826172,153.32717895507812,267.72174072265625,111.48641967773438,78.16353607177734
2022-05-06,114.77249908447266,114.72916412353516,154.05198669433594,265.19268798828125,111.30648040771484,79.35794067382812
2022-05-09,108.78900146484375,111.52210235595703,148.9391326904297,255.3950958251953,109.63310241699219,73.10037231445312
2022-05-10,108.85900115966797,113.3895492553711,151.3388671875,260.1443176269531,106.96111297607422,73.58502960205078
2022-05-11,105.37200164794922,112.60401916503906,143.4932403564453,251.5050048828125,106.2863540649414,75.11697387695312
2022-05-12,106.93049621582031,111.85218048095703,139.6341094970703,246.48550415039062,106.19637298583984,75.4579849243164
2022-05-13,113.05500030517578,115.03048706054688,144.0907440185547,252.05520629882812,107.14103698730469,77.69635009765625
2022-05-16,110.81050109863281,113.4391098022461,142.55294799804688,252.42201232910156,106.39431762695312,79.5237808227539
2022-05-17,115.36849975585938,115.44927215576172,146.1770782470703,257.5573425292969,109.92098999023438,80.53805541992188
2022-05-18,107.11250305175781,110.9159927368164,137.9298553466797,245.83087158203125,108.04070281982422,79.26146697998047
2022-05-19,107.31900024414062,109.41380310058594,134.53103637695312,244.9213409423828,106.43930053710938,79.6899185180664
2022-05-20,107.59100341796875,107.95077514648438,134.76612854003906,244.3601531982422,105.56661987304688,80.31947326660156
2022-05-23,107.55699920654297,110.50808715820312,140.1728515625,252.18748474121094,112.09819030761719,82.09443664550781
2022-05-24,104.0999984741211,105.0385971069336,137.479248046875,251.1909637451172,113.68158721923828,82.54035186767578
2022-05-25,106.7750015258789,104.87505340576172,137.635986328125,253.9967803955078,114.47329711914062,84.20165252685547
2022-05-26,111.07749938964844,106.84507751464844,140.82908630371094,257.26708984375,116.45254516601562,84.49891662597656
2022-05-27,115.14649963378906,111.32930755615234,146.56881713867188,264.36871337890625,118.09896087646484,85.32958984375
2022-05-31,120.20950317382812,112.76211547851562,145.78521728515625,263.0432434082031,118.96260833740234,83.9393310546875
2022-06-01,121.68399810791016,112.89095306396484,145.6578826904297,263.5754089355469,116.8753890991211,85.54817199707031
2022-06-02,125.51100158691406,116.58867645263672,148.1066131591797,265.6652526855469,118.75570678710938,85.39952087402344
2022-06-03,122.3499984741211,113.53426361083984,142.396240234375,261.2532653808594,117.10032653808594,86.6411361694336
2022-06-06,124.79000091552734,115.7937240600586,143.14064025878906,260.0245361328125,116.71345520019531,86.42254638671875
2022-06-07,123.0,116.11983489990234,145.6578826904297,263.6528015136719,117.01934051513672,90.38345336914062
2022-06-08,121.18000030517578,116.16394805908203,144.92332458496094,261.630615234375,115.15703582763672,91.45016479492188
2022-06-09,116.1500015258789,113.82617950439453,139.7124786376953,256.193115234375,112.73694610595703,89.4740982055664
2022-06-10,109.6500015258789,110.1844711303711,134.3155517578125,244.77622985839844,107.55487823486328,87.83904266357422
2022-06-13,103.66999816894531,105.4573974609375,129.1732940673828,234.3945770263672,104.35206604003906,83.80818939208984
2022-06-14,102.30999755859375,105.77754211425781,130.03526306152344,236.55218505859375,102.61571502685547,84.02677154541016
2022-06-15,107.66999816894531,108.79974365234375,132.6504364013672,243.58615112304688,103.83026885986328,82.96879577636719
2022-06-16,103.66000366210938,105.10153198242188,127.39067077636719,237.0166015625,102.04893493652344,79.90850067138672
2022-06-17,106.22000122070312,106.20178985595703,128.85987854003906,239.60958862304688,101.68907165527344,75.30059814453125
2022-06-21,108.68000030517578,110.5635986328125,133.0814208984375,245.50184631347656,104.20812225341797,79.9872055053711
2022-06-22,108.94999694824219,110.5075912475586,132.57211303710938,244.91168212890625,103.62335968017578,76.82198333740234
2022-06-23,112.44000244140625,111.25546264648438,135.4321746826172,250.4556121826172,102.48976135253906,74.5049057006836
2022-06-24,116.45999908447266,116.93807220458984,138.75262451171875,259.0086669921875,105.54862976074219,75.98259735107422
2022-06-27,113.22000122070312,114.8154067993164,138.75262451171875,256.2898254394531,104.70294952392578,77.84500122070312
2022-06-28,107.4000015258789,111.02302551269531,134.61920166015625,248.15292358398438,104.19914245605469,80.00469207763672
2022-06-29,108.91999816894531,110.71971893310547,136.37245178222656,251.81019592285156,103.7313232421875,77.04932403564453
2022-06-30,106.20999908447266,108.00528717041016,133.9139862060547,248.49151611328125,101.31119537353516,74.88089752197266
2022-07-01,109.55999755859375,107.78177642822266,136.07859802246094,251.1522674560547,102.60672760009766,76.55094146728516
2022-07-05,113.5,112.26750183105469,138.65463256835938,254.31613159179688,102.2164306640625,74.1551513671875
2022-07-06,114.33000183105469,113.56500244140625,139.98670959472656,257.56695556640625,101.55388641357422,72.8173828125
2022-07-07,116.33000183105469,117.73896789550781,143.34632873535156,259.6858825683594,104.1224594116211,75.14320373535156
2022-07-08,115.54000091552734,118.30447387695312,144.02215576171875,258.96990966796875,103.79573059082031,75.26560974121094
2022-07-11,111.75,114.65977478027344,141.896728515625,255.92218017578125,102.43428039550781,74.88089752197266
2022-07-12,109.22000122070312,113.0183334350586,142.8663787841797,245.43418884277344,102.53410339355469,73.88410949707031
2022-07-13,110.4000015258789,110.3747787475586,142.50399780273438,244.5149688720703,101.57203674316406,74.18138885498047
2022-07-14,110.62999725341797,109.39744567871094,145.42283630371094,245.83087158203125,98.02323913574219,72.6949691772461
2022-07-15,113.55000305175781,110.79505920410156,147.08792114257812,248.38511657714844,102.51595306396484,73.9190902709961
2022-07-18,113.76000213623047,108.07170867919922,144.0515594482422,245.99525451660156,101.46311950683594,75.28309631347656
2022-07-19,118.20999908447266,112.80968475341797,147.90090942382812,251.1038818359375,103.97722625732422,77.18047332763672
2022-07-20,122.7699966430664,112.89889526367188,149.89901733398438,253.75497436523438,103.95909118652344,78.02861022949219
2022-07-21,124.62999725341797,113.33502960205078,152.16162109375,256.24151611328125,104.6670150756836,76.72581481933594
2022-07-22,122.41999816894531,106.95162963867188,150.92747497558594,251.90696716308594,104.15877532958984,76.13998413085938
2022-07-25,121.13999938964844,106.5650634765625,149.8108673095703,250.42662048339844,104.5762710571289,78.67564392089844
2022-07-26,114.80999755859375,104.0969467163086,148.4885711669922,243.72161865234375,102.94254302978516,78.36959075927734
2022-07-27,120.97000122070312,112.0662841796875,153.5720672607422,260.01483154296875,104.59441375732422,80.0658950805664
2022-07-28,122.27999877929688,113.21607971191406,154.12057495117188,267.4358215332031,104.20414733886719,81.00145721435547
2022-07-29,134.9499969482422,115.2976303100586,159.17465209960938,271.6252136230469,104.70333862304688,84.75251770019531
2022-08-01,135.38999938964844,113.85045623779297,158.19520568847656,268.9838562011719,103.65956115722656,82.61029815673828
2022-08-02,134.16000366210938,114.11808776855469,156.72593688964844,265.8974304199219,102.04399108886719,82.25181579589844
2022-08-03,139.52000427246094,117.04216003417969,162.72035217285156,273.2991027832031,103.11500549316406,79.5849838256836
2022-08-04,142.57000732421875,117.15119171142578,162.40695190429688,274.44073486328125,101.98047637939453,76.23616027832031
2022-08-05,140.8000030517578,116.4375228881836,162.18136596679688,273.7247619628906,105.0663833618164,77.33786010742188
2022-08-08,139.41000366210938,116.26901245117188,161.71054077148438,271.2189025878906,103.78663635253906,77.77505493164062
2022-08-09,137.8300018310547,115.60490417480469,161.75961303710938,273.1346130371094,104.72148132324219,79.20901489257812
2022-08-10,142.69000244140625,118.64791107177734,165.99681091308594,279.7719421386719,107.45341491699219,79.96098327636719
2022-08-11,140.63999938964844,117.79547882080078,165.26116943359375,277.7013854980469,109.04175567626953,82.27406311035156
2022-08-12,143.5500030517578,120.61051940917969,168.80198669433594,282.4326171875,110.84794616699219,82.98918914794922
2022-08-15,143.17999267578125,121.00699615478516,169.87112426757812,283.9419250488281,111.14744567871094,81.50599670410156
2022-08-16,144.77999877929688,120.63034057617188,169.7141876220703,283.20660400390625,112.2093734741211,80.7467269897461
2022-08-17,142.10000610351562,118.49925231933594,171.20506286621094,282.4600524902344,111.26544189453125,81.40003967285156
2022-08-18,142.3000030517578,119.1137924194336,170.81268310546875,281.3450927734375,110.40320587158203,83.32467651367188
2022-08-19,138.22999572753906,116.17981719970703,168.23309326171875,277.4472961425781,107.67124938964844,83.05982208251953
2022-08-22,133.22000122070312,113.23590850830078,164.35879516601562,269.30279541015625,105.89231872558594,82.9980239868164
2022-08-23,133.6199951171875,112.85924530029297,164.0253143310547,268.0325927734375,104.84855651855469,86.5206527709961
2022-08-24,133.8000030517578,112.69075775146484,164.31956481933594,267.4023742675781,105.10269165039062,87.03270721435547
2022-08-25,137.27999877929688,115.62472534179688,166.7716522216797,270.3693542480469,107.59866333007812,87.48296356201172
2022-08-26,130.75,109.37017822265625,160.48448181152344,259.9365234375,104.07705688476562,86.40587615966797
2022-08-29,129.7899932861328,108.4582748413086,158.2874298095703,257.1636047363281,103.82295227050781,88.39231872558594
2022-08-30,128.72999572753906,107.98249053955078,155.86476135253906,254.9722137451172,103.84110260009766,85.02861022949219
2022-08-31,126.7699966430664,107.26883697509766,154.20716857910156,253.5178985595703,103.22392272949219,84.39295196533203
2022-09-01,127.81999969482422,108.77546691894531,154.9329833984375,252.48040771484375,103.9318618774414,82.87442779541016
2022-09-02,127.51000213623047,106.90206909179688,152.82415771484375,248.27239990234375,103.20575714111328,84.39295196533203
2022-09-06,126.11000061035156,105.8712158203125,151.56871032714844,245.5478515625,103.23298645019531,83.8279037475586
2022-09-07,129.47999572753906,108.48800659179688,152.97129821777344,250.2406768798828,105.1934585571289,83.11279296875
2022-09-08,129.82000732421875,107.42742156982422,151.5000457763672,250.65757751464844,107.64402770996094,83.79261016845703
2022-09-09,133.27000427246094,109.67747497558594,154.35427856445312,256.4169616699219,108.16136932373047,85.19634246826172
2022-09-12,136.4499969482422,109.8856201171875,160.29811096191406,258.5403747558594,109.44110870361328,86.17633056640625
2022-09-13,126.81999969482422,103.4030990600586,150.8918914794922,244.32618713378906,105.63817596435547,84.16339874267578
2022-09-14,128.5500030517578,104.0771255493164,152.33377075195312,244.5491943359375,105.39312744140625,86.22928619384766
2022-09-15,126.27999877929688,102.00550842285156,149.45008850097656,237.917236328125,106.98147583007812,83.72196960449219
2022-09-16,123.52999877929688,101.89646911621094,147.8120880126953,237.29669189453125,106.26444244384766,82.29173278808594
2022-09-19,124.66000366210938,102.16409301757812,151.51962280273438,237.0833740234375,107.24468231201172,82.28289031982422
2022-09-20,122.19000244140625,100.25104522705078,153.89328002929688,235.0763397216797,105.12992095947266,81.61192321777344
2022-09-21,118.54000091552734,98.40739440917969,150.7742156982422,231.68276977539062,102.09844207763672,80.29645538330078
2022-09-22,117.30999755859375,99.25984191894531,149.81300354003906,233.65103149414062,100.93670654296875,79.96099090576172
2022-09-23,113.77999877929688,97.87214660644531,147.54727172851562,230.68411254882812,99.05792999267578,75.70557403564453
2022-09-26,115.1500015258789,97.3071517944336,147.88070678710938,230.22842407226562,96.92500305175781,74.14289855957031
2022-09-27,114.41000366210938,96.64305114746094,148.85177612304688,229.22006225585938,96.07184600830078,75.6967544555664
2022-09-28,118.01000213623047,99.1706314086914,146.96859741210938,233.73831176757812,98.01415252685547,78.45126342773438
2022-09-29,114.80000305175781,96.56376647949219,139.74961853027344,230.27688598632812,96.35321807861328,78.29236602783203
2022-09-30,113.0,94.8093032836914,135.55162048339844,225.81675720214844,94.84654235839844,77.08283233642578
2022-10-03,115.87999725341797,97.77302551269531,139.72018432617188,233.41836547851562,97.7781753540039,81.15283966064453
2022-10-04,121.08999633789062,100.74666595458984,143.3002166748047,241.31077575683594,102.35259246826172,84.11043548583984
2022-10-05,120.94999694824219,100.53849792480469,143.594482421875,241.62106323242188,101.08885955810547,87.50946044921875
2022-10-06,120.30000305175781,100.52860260009766,142.64309692382812,239.28436279296875,99.02845001220703,90.10507202148438
2022-10-07,114.55999755859375,97.81267547607422,137.4053955078125,227.1160430908203,97.05044555664062,89.19572448730469
2022-10-10,113.66999816894531,96.99988555908203,137.72909545898438,222.2777862548828,96.14385986328125,87.26224517822266
2022-10-11,112.20999908447266,96.32586669921875,136.3166961669922,218.5545654296875,93.369140625,86.5206527709961
2022-10-12,112.9000015258789,96.70252990722656,135.68896484375,218.88424682617188,94.88013458251953,86.90027618408203
2022-10-13,112.52999877929688,98.18933868408203,140.2498321533203,227.1160430908203,100.15479278564453,89.93733978271484
2022-10-14,106.9000015258789,95.7113037109375,135.72817993164062,221.60877990722656,101.82146453857422,87.57125091552734
2022-10-17,113.79000091552734,99.09133911132812,139.68096923828125,230.30596923828125,106.09797668457031,88.8337631225586
2022-10-18,116.36000061035156,99.88429260253906,140.9952850341797,231.24647521972656,108.8268814086914,88.99268341064453
2022-10-19,115.06999969482422,98.75432586669922,141.10316467285156,229.2878875732422,106.6932144165039,91.6324234008789
2022-10-20,115.25,99.09133911132812,140.64215087890625,228.9679412841797,106.34522247314453,91.75602722167969
2022-10-21,119.31999969482422,100.24112701416016,144.44786071777344,234.75634765625,111.93126678466797,93.4599609375
2022-10-24,119.81999969482422,101.6189193725586,146.58602905273438,239.73036193847656,112.06861877441406,94.11326599121094
2022-10-25,120.5999984741211,103.56169891357422,149.42066955566406,243.03665161132812,112.36165618896484,93.47760772705078
2022-10-26,115.66000366210938,94.09562683105469,146.48794555664062,224.28480529785156,113.65286254882812,94.59002685546875
2022-10-27,110.95999908447266,91.40946960449219,142.025146484375,219.8538055419922,114.10157012939453,94.95198822021484
2022-10-28,103.41000366210938,95.44368743896484,152.75552368164062,228.6964569091797,115.45687866210938,97.73300170898438
2022-10-31,102.44000244140625,93.67933654785156,150.40150451660156,225.0701904296875,115.27372741699219,97.83012390136719
2022-11-01,96.79000091552734,89.67483520507812,147.76304626464844,221.23065185546875,117.35244750976562,98.80126953125
2022-11-02,92.12000274658203,86.2055892944336,142.25074768066406,213.40606689453125,116.27188110351562,96.77069091796875
2022-11-03,89.30000305175781,82.69670867919922,136.2186279296875,207.73399353027344,116.48249816894531,98.08615112304688
2022-11-04,90.9800033569336,85.81902313232422,135.95333862304688,214.65679931640625,119.66929626464844,99.15442657470703
2022-11-07,90.52999877929688,87.71223449707031,136.4838409423828,220.9397430419922,120.30115509033203,100.32862854003906
2022-11-08,89.9800033569336,88.1186294555664,137.05372619628906,221.9093475341797,120.37440490722656,100.64647674560547
2022-11-09,86.13999938964844,86.55252838134766,132.5048828125,217.6819305419922,118.80850219726562,96.14385223388672
2022-11-10,96.62999725341797,93.11433410644531,144.29443359375,235.59024047851562,123.69857025146484,97.55644989013672
2022-11-11,100.79000091552734,95.56263732910156,147.0747833251953,239.59461975097656,123.90001678466797,100.60232543945312
2022-11-14,98.48999786376953,94.8588638305664,145.67971801757812,234.20372009277344,122.62713623046875,100.89601135253906
2022-11-15,98.94000244140625,97.57479858398438,147.4088592529297,234.61094665527344,121.73886108398438,101.5723876953125
2022-11-16,97.12000274658203,97.98118591308594,146.18075561523438,235.0387420654297,121.90370178222656,100.48663330078125
2022-11-17,94.8499984741211,97.4954833984375,148.07693481445312,234.99012756347656,121.37256622314453,100.62012481689453
2022-11-18,94.13999938964844,96.57366180419922,148.63690185546875,234.5428924560547,122.56302642822266,99.7479476928711
2022-11-21,92.45999908447266,94.75973510742188,145.4144744873047,235.34988403320312,121.83961486816406,98.76007843017578
2022-11-22,93.19999694824219,96.19700622558594,147.54638671875,238.2473907470703,123.66194915771484,101.61688232421875
2022-11-23,94.12999725341797,97.5946044921875,148.42080688476562,240.726806640625,124.98058319091797,101.10961151123047
2022-11-25,93.41000366210938,96.60340118408203,145.51271057128906,240.63929748535156,125.21868133544922,100.75363159179688
2022-11-28,93.94999694824219,95.2057876586914,141.69090270996094,235.0679473876953,123.03009033203125,97.72771453857422
2022-11-29,92.41999816894531,94.35334777832031,138.6944122314453,233.67750549316406,125.05384826660156,98.37738800048828
2022-11-30,96.54000091552734,100.10237121582031,145.43408203125,248.0775146484375,126.537353515625,99.08937072753906
2022-12-01,95.5,100.10237121582031,145.709228515625,247.6400146484375,124.76080322265625,98.60880279541016
2022-12-02,94.12999725341797,99.55719757080078,145.21795654296875,247.96087646484375,123.77182006835938,97.77222442626953
2022-12-05,91.01000213623047,98.60563659667969,144.0586700439453,243.2742919921875,120.30115509033203,95.09339904785156
2022-12-06,88.25,96.12760925292969,140.40390014648438,238.33493041992188,120.50262451171875,92.45018768310547
2022-12-07,88.45999908447266,94.10555267333984,138.4684600830078,237.60568237304688,120.4201889038086,92.24549865722656
2022-12-08,90.3499984741211,92.8863525390625,140.1484375,240.55178833007812,121.68394470214844,92.93077087402344
2022-12-09,89.08999633789062,92.01408386230469,139.6670684814453,238.62661743164062,121.02458953857422,92.14759826660156
2022-12-12,90.55000305175781,92.48986053466797,141.95619201660156,245.52032470703125,122.9018783569336,94.41703033447266
2022-12-13,92.48999786376953,94.78948211669922,142.9190216064453,249.80831909179688,122.78279876708984,95.44938659667969
2022-12-14,91.58000183105469,94.2343978881836,140.6986541748047,250.0999755859375,122.16928100585938,94.7463150024414
2022-12-15,88.44999694824219,90.06141662597656,134.10629272460938,242.11721801757812,119.13817596435547,93.83853912353516
2022-12-16,87.86000061035156,89.4666748046875,132.15118408203125,237.91680908203125,118.39641571044922,93.17996215820312
2022-12-19,84.91999816894531,87.66268157958984,130.04873657226562,233.79417419433594,119.10151672363281,93.5982437133789
2022-12-20,85.19000244140625,88.2375717163086,129.97994995117188,235.10679626464844,119.67845916748047,94.95101165771484
2022-12-21,86.7699966430664,88.79266357421875,133.07473754882812,237.6639862060547,121.02458953857422,96.1702651977539
2022-12-22,83.79000091552734,86.98865509033203,129.91114807128906,231.5967559814453,119.65096282958984,94.23013305664062
2022-12-23,85.25,88.44573974609375,129.5476531982422,232.12176513671875,120.21875,96.72205352783203
2022-12-27,83.04000091552734,86.62190246582031,127.74977111816406,230.4008026123047,120.63998413085938,98.06591033935547
2022-12-28,81.81999969482422,85.26394653320312,123.82974243164062,228.0380401611328,121.29931640625,96.45506286621094
2022-12-29,84.18000030517578,87.67257690429688,127.3371353149414,234.33865356445312,121.99530792236328,97.18484497070312
2022-12-30,84.0,87.45451354980469,127.65148162841797,233.18161010742188,122.8011474609375,98.16380310058594
2023-01-03,85.81999969482422,88.33670043945312,122.8767318725586,232.9482421875,123.73517608642578,94.79081726074219
2023-01-04,85.13999938964844,87.30585479736328,124.14412689208984,222.7584228515625,124.8890380859375,95.06670379638672
2023-01-05,83.12000274658203,85.4423599243164,122.8276138305664,216.1562957763672,124.86136627197266,97.19374084472656
2023-01-06,86.08000183105469,86.57233428955078,127.346923828125,218.70375061035156,127.2506332397461,98.36848449707031
2023-01-09,87.36000061035156,87.24636840820312,127.86766052246094,220.83314514160156,126.72481536865234,96.53516387939453
2023-01-10,89.87000274658203,87.64286041259766,128.43748474121094,222.51527404785156,127.8594970703125,97.97689819335938
2023-01-11,95.08999633789062,90.71560668945312,131.14910888671875,229.24371337890625,128.80966186523438,99.11607360839844
2023-01-12,95.2699966430664,90.32902526855469,131.0705108642578,231.90786743164062,128.68052673339844,100.76251220703125
2023-01-13,98.12000274658203,91.3103256225586,132.39682006835938,232.60792541503906,131.92774963378906,100.70021057128906
2023-01-17,96.05000305175781,90.48762512207031,133.55613708496094,233.6969757080078,129.8889923095703,100.50444793701172
2023-01-18,95.45999908447266,90.31913757324219,132.8389434814453,229.28262329101562,125.98680877685547,98.439697265625
2023-01-19,93.68000030517578,92.2321548461914,132.89785766601562,225.51002502441406,124.30783081054688,99.07157897949219
2023-01-20,97.25,97.1584701538086,135.4522705078125,233.570556640625,124.61229705810547,100.87821960449219
2023-01-23,97.5199966430664,98.91291809082031,138.6354522705078,235.86520385742188,126.6325912475586,100.3531265258789
2023-01-24,96.31999969482422,96.8412857055664,140.03054809570312,235.34014892578125,127.72113800048828,101.28759765625
2023-01-25,97.18000030517578,94.3830795288086,139.37232971191406,233.94973754882812,128.33917236328125,100.75363159179688
2023-01-26,99.22000122070312,96.6628646850586,141.4354705810547,241.1351776123047,129.13258361816406,104.8030014038086
2023-01-27,102.23999786376953,98.49662017822266,143.3708953857422,241.29075622558594,129.44622802734375,102.8895492553711
2023-01-30,100.55000305175781,96.08796691894531,140.49232482910156,235.9916534423828,128.34844970703125,101.06511688232422
2023-01-31,103.12999725341797,97.97126007080078,141.7596893310547,240.950439453125,129.11412048339844,103.24555969238281
2023-02-01,105.1500015258789,99.54729461669922,142.8797149658203,245.7537078857422,128.77273559570312,102.1152572631836
2023-02-02,112.91000366210938,106.79303741455078,148.17520141601562,257.2757263183594,128.17315673828125,98.9202651977539
2023-02-03,103.38999938964844,103.85906219482422,151.7906494140625,251.19869995117188,130.1565399169922,99.60557556152344
2023-02-06,102.18000030517578,101.9955825805664,149.06924438476562,249.66241455078125,130.92222595214844,99.43646240234375
2023-02-07,102.11000061035156,106.69391632080078,151.9380340576172,260.15374755859375,132.5181427001953,102.27545166015625
2023-02-08,100.05000305175781,98.49662017822266,149.2559051513672,259.34674072265625,131.58642578125,101.38551330566406
2023-02-09,98.23999786376953,94.17493438720703,148.22427368164062,256.32281494140625,129.53846740722656,101.76818084716797
2023-02-10,97.61000061035156,93.73878479003906,148.58836364746094,255.81723022460938,130.11041259765625,106.05784606933594
2023-02-13,99.54000091552734,93.7784423828125,151.3828125,263.8097229003906,131.52183532714844,105.64531707763672
2023-02-14,99.69999694824219,93.84783935546875,150.74325561523438,264.6361999511719,132.10304260253906,104.40770721435547
2023-02-15,101.16000366210938,96.08796691894531,152.83909606933594,262.5209655761719,132.65652465820312,104.09381866455078
2023-02-16,98.1500015258789,94.6705322265625,151.24508666992188,255.5319366455078,130.82997131347656,103.78889465332031
2023-02-17,97.19999694824219,93.52072143554688,150.10369873046875,251.5452117919922,131.21742248535156,99.79803466796875
2023-02-21,94.58000183105469,90.98322296142578,146.09893798828125,246.29127502441406,128.80966186523438,99.69939422607422
2023-02-22,95.79000091552734,90.84445190429688,146.5220184326172,245.1605224609375,127.82260131835938,98.40798950195312
2023-02-23,95.81999969482422,90.09114074707031,147.00418090820312,248.33824157714844,128.8465576171875,99.31376647949219
2023-02-24,93.5,88.34660339355469,144.35733032226562,242.92835998535156,130.00894165039062,99.32274627685547
2023-02-27,93.76000213623047,89.08011627197266,145.54794311523438,243.84463500976562,131.14366149902344,99.14337921142578
2023-02-28,94.2300033569336,89.2684326171875,145.0460968017578,243.12330627441406,132.2414093017578,98.56941223144531
2023-03-01,92.16999816894531,89.56580352783203,142.9798126220703,240.0528564453125,131.50340270996094,99.44827270507812
2023-03-02,92.12999725341797,91.19139099121094,143.57015991210938,244.77064514160156,130.1381072998047,99.90567016601562
2023-03-03,94.9000015258789,92.82689666748047,148.60804748535156,248.8451385498047,132.52737426757812,101.170166015625
2023-03-06,93.75,94.29387664794922,151.36317443847656,250.38523864746094,131.75247192382812,102.0669937133789
2023-03-07,93.55000305175781,93.0350341796875,149.16891479492188,247.73388671875,127.87796783447266,100.09400939941406
2023-03-08,93.91999816894531,93.42161560058594,150.4185333251953,247.29527282714844,127.12151336669922,98.63218688964844
2023-03-09,92.25,91.5085678100586,148.1750946044922,245.9501190185547,120.23958587646484,97.86988830566406
2023-03-10,90.7300033569336,89.83341979980469,146.11862182617188,242.31430053710938,123.29309844970703,96.6591796875
2023-03-13,92.43000030517578,90.3092041015625,148.05702209472656,247.5097198486328,121.07907104492188,95.54712677001953
2023-03-14,94.87999725341797,93.14407348632812,150.14300537109375,254.2062225341797,124.18791961669922,95.90585327148438
2023-03-15,96.19999694824219,95.26526641845703,150.53663635253906,258.7388916015625,118.32076263427734,91.1347885131836
2023-03-16,100.04000091552734,99.43824768066406,153.3507843017578,269.2272033691406,120.61781311035156,90.60563659667969
2023-03-17,98.94999694824219,100.72684478759766,152.514404296875,272.375732421875,116.06062316894531,89.53843688964844
2023-03-20,97.70999908447266,100.33036041259766,154.8759307861328,265.3574523925781,117.28756713867188,91.8791275024414
2023-03-21,100.61000061035156,103.99781799316406,156.7257537841797,266.8683776855469,120.43331909179688,95.99555206298828
2023-03-22,98.69999694824219,102.46144104003906,155.2989959716797,265.41595458984375,117.32445526123047,93.7983169555664
2023-03-23,98.70999908447266,104.67184448242188,156.38137817382812,270.6504211425781,117.01081085205078,92.74008178710938
2023-03-24,98.12999725341797,104.51325988769531,157.6802215576172,273.4869689941406,115.2303695678711,92.84769439697266
2023-03-27,98.04000091552734,101.55944061279297,155.7417449951172,269.4027404785156,118.53296661376953,94.88348388671875
2023-03-28,97.23999786376953,100.14201354980469,155.12188720703125,268.28173828125,118.8927230834961,96.06726837158203
2023-03-29,100.25,100.49884796142578,158.19186401367188,273.4284362792969,119.132568359375,97.71742248535156
2023-03-30,102.0,100.00324249267578,159.75634765625,276.8790588378906,118.77279663085938,98.19273376464844
2023-03-31,103.29000091552734,102.81828308105469,162.25563049316406,281.0217590332031,120.21192932128906,98.34519958496094
2023-04-03,102.41000366210938,103.4427490234375,163.50526428222656,279.97882080078125,120.07353973388672,104.14762115478516
2023-04-04,103.94999694824219,103.79959106445312,162.97393798828125,279.9300537109375,118.46836853027344,103.15215301513672
2023-04-05,101.0999984741211,103.5517807006836,161.1339111328125,277.1617736816406,118.64501953125,104.91888427734375
2023-04-06,102.05999755859375,107.4670639038086,162.01947021484375,284.2384948730469,118.5148696899414,103.17904663085938
2023-04-10,102.16999816894531,105.50447845458984,159.431640625,282.08428955078125,118.90535736083984,102.72166442871094
2023-04-11,99.91999816894531,104.4240493774414,158.2213897705078,275.6898498535156,119.4910888671875,103.44810485839844
2023-04-12,97.83000183105469,103.72029113769531,157.5326385498047,276.3332214355469,119.47248840332031,103.3404769897461
2023-04-13,102.4000015258789,106.48575592041016,162.90504455566406,282.52288818359375,119.92807006835938,103.82476806640625
2023-04-14,102.51000213623047,107.91311645507812,162.5606689453125,278.9163513183594,128.98382568359375,104.07585906982422
2023-04-17,102.73999786376953,105.0385971069336,162.580322265625,281.5091247558594,130.00656127929688,102.86518096923828
2023-04-18,102.30000305175781,103.5815200805664,163.80043029785156,281.0899963378906,131.4662322998047,104.87405395507812
2023-04-19,104.30000305175781,103.26432800292969,164.9418487548828,281.1679992675781,131.2989044189453,104.54222869873047
2023-04-20,103.80999755859375,104.36458587646484,163.97755432128906,278.88702392578125,130.91769409179688,103.70818328857422
2023-04-21,106.95999908447266,104.48352813720703,162.37368774414062,278.5458679199219,130.66665649414062,104.04000854492188
2023-04-24,106.20999908447266,105.0385971069336,162.6787109375,274.6566162109375,130.8433074951172,106.00403594970703
2023-04-25,102.56999969482422,102.93722534179688,161.14373779296875,268.4669494628906,127.99827575683594,104.49737548828125
2023-04-26,104.9800033569336,102.79845428466797,161.1339111328125,287.91326904296875,125.72969055175781,103.53777313232422
2023-04-27,109.81999969482422,106.64436340332031,165.70933532714844,297.1344909667969,127.42182159423828,104.77540588378906
2023-04-28,105.44999694824219,106.39656066894531,166.958984375,299.503173828125,128.52822875976562,106.12960052490234
2023-05-01,102.05000305175781,106.2577896118164,166.8704376220703,297.8460693359375,131.2802734375,102.83824920654297
2023-05-02,103.62999725341797,104.39430236816406,165.8372802734375,297.6998291015625,129.1604766845703,98.73979949951172
2023-05-03,103.6500015258789,104.48352813720703,164.76473999023438,296.7153625488281,126.42701721191406,96.79369354248047
2023-05-04,104.0,103.76985931396484,163.13136291503906,297.6998291015625,124.69767761230469,95.09870910644531
2023-05-05,105.66000366210938,104.64212036132812,170.78665161132812,302.80755615234375,127.13360595703125,97.46631622314453
2023-05-08,105.83000183105469,106.82276916503906,170.71775817871094,300.8580322265625,127.44044494628906,97.8519515991211
2023-05-09,106.62000274658203,106.4064712524414,169.01548767089844,299.24969482421875,126.8268051147461,97.87883758544922
2023-05-10,110.19000244140625,110.7677993774414,170.77676391601562,304.4256286621094,126.89188385009766,96.623291015625
2023-05-11,112.18000030517578,115.5454330444336,170.96372985839844,302.2811279296875,126.49210357666016,94.87452697753906
2023-05-12,110.26000213623047,116.47718048095703,170.0375213623047,301.1699523925781,124.67909240722656,94.86553955078125
2023-05-15,111.19999694824219,115.48596954345703,169.5448760986328,301.6475830078125,125.72969055175781,95.04645538330078
2023-05-16,113.4000015258789,118.45960235595703,169.5448760986328,303.8699951171875,124.88365173339844,92.73971557617188
2023-05-17,115.5,119.77789306640625,170.15573120117188,306.7420349121094,128.72349548339844,94.82032012939453
2023-05-18,118.1500015258789,121.75041198730469,172.4811248779297,311.1575927734375,129.69973754882812,95.6796875
2023-05-19,116.25,121.68103790283203,172.58949279785156,310.9817810058594,129.40219116210938,96.1229248046875
2023-05-22,115.01000213623047,123.9509048461914,171.6436004638672,313.7560729980469,128.33302307128906,94.95600128173828
2023-05-23,114.98999786376953,121.4827880859375,169.04232788085938,307.97296142578125,126.99414825439453,96.24958801269531
2023-05-24,116.75,119.8373794555664,169.31822204589844,306.5955505371094,125.83194732666016,97.3260498046875
2023-05-25,115.0,122.39469909667969,170.45135498046875,318.38653564453125,126.13882446289062,95.58018493652344
2023-05-26,120.11000061035156,123.5147705078125,172.8555450439453,325.1954040527344,127.3195571899414,94.95600128173828
2023-05-30,121.66000366210938,122.58301544189453,174.6981201171875,323.5542297363281,127.80303192138672,94.11471557617188
2023-05-31,120.58000183105469,121.7900619506836,174.64881896972656,320.7994384765625,126.17597961425781,92.43215942382812
2023-06-01,122.7699966430664,122.6325912475586,177.4471435546875,324.89263916015625,127.91458892822266,93.49959564208984
2023-06-02,124.25,123.57424926757812,178.29452514648438,327.6474304199219,130.6015625,95.6706314086914
2023-06-05,125.30000305175781,124.9024658203125,176.94464111328125,328.1749572753906,129.31851196289062,95.24547576904297
2023-06-06,126.61000061035156,126.1910400390625,176.580078125,325.9671936035156,129.5509796142578,96.02342224121094
2023-06-07,121.2300033569336,121.4233169555664,175.21044921875,315.9052734375,130.80609130859375,98.17638397216797
2023-06-08,124.25,121.06648254394531,177.9201202392578,317.7417907714844,130.8433074951172,97.86881256103516
2023-06-09,123.43000030517578,121.15569305419922,178.30438232421875,319.2364196777344,131.1036376953125,97.14512634277344
2023-06-12,126.56999969482422,122.55329132080078,181.0928497314453,324.179443359375,131.0943603515625,96.26765441894531
2023-06-13,126.66000366210938,122.74162292480469,180.619873046875,326.5631103515625,132.04270935058594,96.2857666015625
2023-06-14,126.41999816894531,122.58301544189453,181.25047302246094,329.5425720214844,131.54991149902344,95.12786865234375
2023-06-15,127.11000061035156,123.99054718017578,183.28025817871094,340.05389404296875,133.03750610351562,95.78822326660156
2023-06-16,125.48999786376953,122.44425964355469,182.2062530517578,334.4172058105469,133.19557189941406,95.10073852539062
2023-06-20,125.77999877929688,122.01803588867188,182.294921875,330.2361755371094,132.516845703125,92.92063903808594
2023-06-21,124.83000183105469,119.49046325683594,181.26034545898438,325.84991455078125,132.3216094970703,93.96094512939453
2023-06-22,130.14999389648438,122.06758880615234,184.25576782226562,331.8578186035156,129.7740936279297,93.44532012939453
2023-06-23,129.3300018310547,121.26471710205078,183.9404296875,327.2762145996094,129.0953826904297,92.63116455078125
2023-06-26,127.33000183105469,117.29986572265625,182.55113220214844,321.00457763671875,129.41151428222656,94.34086608886719
2023-06-27,129.17999267578125,117.28996276855469,185.3001708984375,326.8366394042969,129.42079162597656,94.5760726928711
2023-06-28,129.0399932861328,119.12370300292969,186.47271728515625,328.0870361328125,128.85365295410156,95.344970703125
2023-06-29,127.9000015258789,118.05319213867188,186.8077392578125,327.30548095703125,133.35362243652344,96.52094268798828
2023-06-30,130.36000061035156,118.64791107177734,191.12344360351562,332.6686706542969,135.22242736816406,97.01847076416016
2023-07-03,130.22000122070312,118.8461685180664,189.63565063476562,330.1775207519531,136.31021118164062,97.2084732055664
2023-07-05,130.3800048828125,120.67990112304688,188.52220153808594,330.3338317871094,135.4021759033203,96.7109375
2023-07-06,128.36000061035156,119.05431365966797,188.99514770507812,333.3817443847656,134.06350708007812,93.1015625
2023-07-07,129.77999877929688,118.42985534667969,187.8817596435547,329.42535400390625,135.12130737304688,93.31866455078125
2023-07-10,127.12999725341797,115.42648315429688,185.8421173095703,324.1598815917969,135.87957763671875,94.70272827148438
2023-07-11,128.77999877929688,116.11042785644531,185.31988525390625,324.7850646972656,138.00460815429688,95.860595703125
2023-07-12,130.8000030517578,117.88468170166016,186.98509216308594,329.40582275390625,138.68795776367188,96.33099365234375
2023-07-13,134.3000030517578,123.44538116455078,187.74378967285156,334.73956298828125,139.3620147705078,94.5670166015625
2023-07-14,134.67999267578125,124.31763458251953,187.89158630371094,337.2599792480469,140.2045440673828,91.31046295166016
2023-07-17,133.55999755859375,123.55441284179688,191.14317321777344,337.73870849609375,143.58396911621094,91.70848083496094
2023-07-18,132.8300018310547,122.6722412109375,190.88697814941406,351.1805725097656,143.84608459472656,91.29236602783203
2023-07-19,135.36000061035156,120.95744323730469,192.2368621826172,346.8725891113281,144.39842224121094,91.92557525634766
2023-07-20,129.9600067138672,118.15231323242188,190.2957763671875,338.8522644042969,146.17703247070312,93.54481506347656
2023-07-21,130.0,118.9651107788086,189.1232452392578,335.823974609375,145.05369567871094,93.97903442382812
2023-07-24,128.8000030517578,120.46183776855469,189.9213409423828,337.1329650878906,147.90892028808594,95.45352172851562
2023-07-25,129.1300048828125,121.13584899902344,190.778564453125,342.8673095703125,146.80429077148438,95.5982666015625
2023-07-26,128.14999389648438,128.13380432128906,191.64569091796875,329.9626770019531,147.68421936035156,95.06454467773438
2023-07-27,128.25,128.2626495361328,190.3844757080078,323.0755920410156,146.0553741455078,95.3630599975586
2023-07-28,132.2100067138672,131.4147186279297,192.9561767578125,330.5487060546875,146.8885040283203,94.22328186035156
2023-07-31,133.67999267578125,131.55349731445312,193.56703186035156,328.1554260253906,147.87144470214844,97.00944519042969
2023-08-01,131.69000244140625,130.39376831054688,192.7393798828125,328.56573486328125,147.1412811279297,96.4485855102539
2023-08-02,128.2100067138672,127.25164794921875,189.7538604736328,319.9300231933594,145.47494506835938,95.24547576904297
2023-08-03,128.91000366210938,127.32102966308594,188.36451721191406,319.10943603515625,146.36427307128906,96.90089416503906
2023-08-04,139.57000732421875,126.98400115966797,179.31927490234375,320.2035217285156,146.0553741455078,97.17227172851562
2023-08-07,142.22000122070312,130.3739471435547,176.22537231445312,322.4797058105469,146.74810791015625,96.97325897216797
2023-08-08,139.94000244140625,130.24510192871094,177.1614227294922,318.51348876953125,145.92430114746094,97.45270538330078
2023-08-09,137.85000610351562,128.52040100097656,175.57505798339844,314.7817687988281,143.9677734375,99.10810852050781
2023-08-10,138.55999755859375,128.55010986328125,175.3582763671875,315.4656982421875,143.75245666503906,99.61470794677734
2023-08-11,138.41000366210938,128.4212646484375,175.4174346923828,313.5899963378906,144.58563232421875,101.16157531738281
2023-08-14,140.57000732421875,130.1757049560547,177.06520080566406,316.5499267578125,144.8852081298828,101.24296569824219
2023-08-15,137.6699981689453,128.6393280029297,175.08201599121094,314.4203186035156,141.1968231201172,98.64373016357422
2023-08-16,135.07000732421875,127.56880950927734,174.2137451171875,313.65679931640625,140.59768676757812,96.98384094238281
2023-08-17,133.97999572753906,128.77810668945312,171.6780548095703,310.2109375,139.1373291015625,98.86260986328125
2023-08-18,133.22000122070312,126.3397216796875,172.1614990234375,309.8193054199219,139.45562744140625,100.35831451416016
2023-08-21,134.67999267578125,127.24171447753906,173.49346923828125,315.10565185546875,139.93304443359375,99.14533233642578
2023-08-22,134.25,127.94547271728516,174.8649139404297,315.6734619140625,137.03103637695312,98.58900451660156
2023-08-23,135.52000427246094,131.20654296875,178.70301818847656,320.117919921875,137.95779418945312,97.72260284423828
2023-08-24,131.83999633789062,128.6393280029297,174.02627563476562,313.23590087890625,137.82676696777344,96.99296569824219
2023-08-25,133.25999450683594,128.73846435546875,176.22653198242188,316.1824951171875,137.65826416015625,98.7258071899414
2023-08-28,133.13999938964844,129.8585205078125,177.7854461669922,316.8873596191406,138.1356658935547,99.55575561523438
2023-08-29,134.91000366210938,133.38723754882812,181.66299438476562,321.4982604980469,139.259033203125,100.14854431152344
2023-08-30,135.07000732421875,134.68572998046875,185.14584350585938,321.8702087402344,138.69735717773438,101.12440490722656
2023-08-31,138.00999450683594,134.97315979003906,185.36294555664062,320.8619384765625,136.98423767089844,101.4071273803711
2023-09-01,138.1199951171875,134.46763610839844,186.93173217773438,321.7429504394531,137.44296264648438,103.53213500976562
2023-09-05,137.27000427246094,134.57666015625,187.16854858398438,326.530029296875,135.92640686035156,103.541259765625
2023-09-06,135.36000061035156,133.27818298339844,180.4691619873047,325.8741760253906,135.7017364501953,104.43504333496094
2023-09-07,137.85000610351562,134.0711669921875,175.19053649902344,322.9667053222656,134.54092407226562,103.92430114746094
2023-09-08,138.22999572753906,135.1813201904297,175.80221557617188,327.23486328125,134.64393615722656,105.4382553100586
2023-09-11,143.10000610351562,135.716552734375,176.9665069580078,330.8276672363281,135.23367309570312,104.11583709716797
2023-09-12,141.22999572753906,134.1504669189453,173.94732666015625,324.7874450683594,136.9936065673828,107.15283203125
2023-09-13,144.85000610351562,135.5084228515625,171.88522338867188,328.9872741699219,137.05909729003906,106.19523620605469
2023-09-14,144.72000122070312,136.88623046875,173.3948211669922,331.5716552734375,139.71771240234375,108.09222412109375
2023-09-15,140.38999938964844,136.19235229492188,172.67454528808594,323.2701416015625,139.3058624267578,106.43233489990234
2023-09-18,139.97999572753906,136.9952392578125,175.59507751464844,322.134521484375,139.5960235595703,107.2896499633789
2023-09-19,137.6300048828125,136.8267059326172,176.6803436279297,321.73321533203125,139.41815185546875,107.00691223144531
2023-09-20,135.2899932861328,132.5645294189453,173.14816284179688,314.0190124511719,138.82839965820312,106.15873718261719
2023-09-21,129.3300018310547,129.2935333251953,171.60899353027344,312.8050842285156,137.74252319335938,104.66303253173828
2023-09-22,129.1199951171875,129.10519409179688,172.45750427246094,310.33819580078125,136.42254638671875,104.82720947265625
2023-09-25,131.27000427246094,129.9576416015625,173.7302703857422,310.8570251464844,137.09658813476562,106.00371551513672
2023-09-26,125.9800033569336,127.43998718261719,169.66526794433594,305.5706481933594,135.67367553710938,106.16786193847656
2023-09-27,125.9800033569336,129.3926239013672,168.15567016601562,306.2070007324219,136.46934509277344,109.62440490722656
2023-09-28,125.9800033569336,131.14707946777344,168.4121856689453,307.03912353515625,138.16375732421875,108.9586410522461
2023-09-29,127.12000274658203,129.7098388671875,168.92526245117188,309.1047058105469,135.75791931152344,107.23493194580078
2023-10-02,129.4600067138672,132.99073791503906,171.43138122558594,315.0273132324219,134.58775329589844,105.45648956298828
2023-10-03,124.72000122070312,131.26605224609375,170.09938049316406,306.7943115234375,133.59542846679688,105.63890075683594
2023-10-04,127.0,134.05136108398438,171.3425750732422,312.2470703125,134.19456481933594,101.68985748291016
2023-10-05,125.95999908447266,133.88284301757812,172.57589721679688,312.6386413574219,134.7603759765625,99.40069580078125
2023-10-06,127.95999908447266,136.37078857421875,175.1214599609375,320.3724365234375,136.83505249023438,97.7408218383789
2023-10-09,128.25999450683594,137.20338439941406,176.6014404296875,322.8785705566406,136.52386474609375,101.16089630126953
2023-10-10,129.47999572753906,136.84657287597656,176.0094757080078,321.4786376953125,137.35372924804688,100.73223876953125
2023-10-11,131.8300018310547,139.31466674804688,177.40065002441406,325.423828125,137.82525634765625,97.12065124511719
2023-10-12,132.3300018310547,137.7485809326172,178.2985382080078,324.19036865234375,137.50465393066406,97.1024398803711
2023-10-13,129.7899932861328,136.15267944335938,176.46334838867188,320.83251953125,139.56988525390625,100.20327758789062
2023-10-16,132.5500030517578,137.87742614746094,176.33505249023438,325.6392517089844,139.42845153808594,100.2762222290039
2023-10-17,131.47000122070312,138.49195861816406,174.78599548339844,325.0714416503906,139.1266632080078,101.58954620361328
2023-10-18,128.1300048828125,136.7474365234375,173.49346923828125,323.1624450683594,137.5989532470703,103.01228332519531
2023-10-19,128.39999389648438,136.5392608642578,173.11856079101562,324.34698486328125,137.01425170898438,103.07612609863281
2023-10-20,125.16999816894531,134.40817260742188,170.57298278808594,319.79486083984375,134.80751037597656,101.30681610107422
2023-10-23,126.55999755859375,135.30026245117188,170.69137573242188,322.3890380859375,132.9686279296875,99.82022094726562
2023-10-24,128.55999755859375,137.5899658203125,171.12550354003906,323.5736083984375,133.1289520263672,98.85348510742188
2023-10-25,121.38999938964844,124.50598907470703,168.81674194335938,333.5002136230469,132.4027862548828,99.035888671875
2023-10-26,119.56999969482422,121.20524597167969,164.6629180908203,320.9891662597656,132.74229431152344,98.13298797607422
2023-10-27,127.73999786376953,121.0962142944336,165.9751434326172,322.8687744140625,127.9610595703125,96.26336669921875
2023-10-30,132.7100067138672,123.36609649658203,168.01754760742188,330.2109069824219,129.59251403808594,96.5643310546875
2023-10-31,133.08999633789062,122.98943328857422,168.4911346435547,330.99407958984375,131.13909912109375,96.53697204589844
2023-11-01,137.0,125.33859252929688,171.6484375,338.78656005859375,131.0259552001953,96.3454360961914
2023-11-02,138.07000732421875,126.36946105957031,175.2003936767578,340.9892272949219,133.36468505859375,99.51014709472656
2023-11-03,138.60000610351562,127.96533203125,174.29266357421875,345.3748779296875,134.85470581054688,98.29716491699219
2023-11-06,139.74000549316406,129.10519409179688,176.83824157714844,349.02642822265625,135.8731689453125,96.55521392822266
2023-11-07,142.7100067138672,129.81886291503906,179.39369201660156,352.9422302246094,135.80715942382812,95.04126739501953
2023-11-08,142.0800018310547,130.6812286376953,180.44940185546875,355.5560302734375,136.47671508789062,93.87388610839844
2023-11-09,140.60000610351562,129.09530639648438,179.97581481933594,353.0988464355469,136.0712127685547,93.9012451171875
2023-11-10,143.55999755859375,131.42462158203125,184.15487670898438,361.88983154296875,138.0892791748047,94.62171936035156
2023-11-13,142.58999633789062,130.92901611328125,182.5741424560547,358.9627990722656,137.47633361816406,95.61582946777344
2023-11-14,145.8000030517578,132.445556640625,185.1823272705078,362.47723388671875,139.98483276367188,95.98397827148438
2023-11-15,143.1999969482422,133.43678283691406,185.74545288085938,362.6243591308594,141.21078491210938,95.40416717529297
2023-11-16,142.8300018310547,135.72647094726562,187.42501831054688,369.0004577636719,142.8233642578125,94.29972076416016
2023-11-17,145.17999267578125,134.1207275390625,187.40521240234375,362.801025390625,144.1153564453125,96.60061645507812
2023-11-20,146.1300048828125,135.0524444580078,189.14405822753906,370.2463684082031,144.55856323242188,96.17725372314453
2023-11-21,143.89999389648438,135.76614379882812,188.3437957763672,365.9595947265625,144.2567901611328,96.14043426513672
2023-11-22,146.7100067138672,137.2727813720703,189.00570678710938,370.6484680175781,144.5962677001953,95.72628021240234
2023-11-24,146.74000549316406,135.48858642578125,187.68185424804688,370.2364807128906,144.7943115234375,96.2416763305664
2023-11-27,147.72999572753906,135.21104431152344,187.50404357910156,371.39398193359375,144.46426391601562,95.68025207519531
2023-11-28,147.02999877929688,135.99411010742188,188.10665893554688,375.40606689453125,144.7943115234375,95.62505340576172
2023-11-29,146.32000732421875,133.80352783203125,187.0890655517578,371.6294250488281,145.52989196777344,94.18927001953125
2023-11-30,146.08999633789062,131.3651580810547,187.66209411621094,371.68829345703125,147.18966674804688,94.55742645263672
2023-12-01,147.02999877929688,130.7010498046875,188.9365692138672,367.37213134765625,147.9063720703125,94.78751373291016
2023-12-04,144.83999633789062,128.13380432128906,187.14834594726562,362.1045227050781,148.99085998535156,94.2721176147461
2023-12-05,146.8800048828125,129.8386993408203,191.09031677246094,365.4200439453125,148.9720001220703,92.44059753417969
2023-12-06,144.52000427246094,128.87721252441406,190.00357055664062,361.77093505859375,147.4065704345703,91.21653747558594
2023-12-07,146.8800048828125,135.72647094726562,191.9300537109375,363.8800048828125,147.8592071533203,90.58148956298828
2023-12-08,147.4199981689453,133.80352783203125,193.35272216796875,367.09747314453125,149.4906463623047,91.6214828491211
2023-12-11,145.88999938964844,132.11846923828125,190.8531951904297,364.2232971191406,150.0376434326172,91.6859130859375
2023-12-12,147.47999572753906,131.35525512695312,192.36474609375,367.24462890625,151.37673950195312,90.24095916748047
2023-12-13,148.83999633789062,131.40481567382812,195.5756378173828,367.2347717285156,151.8860321044922,91.04166412353516
2023-12-14,147.4199981689453,130.78033447265625,195.72381591796875,358.9556884765625,154.6491241455078,93.48982238769531
2023-12-15,149.97000122070312,131.43453979492188,195.19033813476562,363.6641845703125,155.8184356689453,92.86397552490234
2023-12-18,154.07000732421875,134.60641479492188,193.5305633544922,365.5475769042969,156.76150512695312,93.55425262451172
2023-12-19,153.7899932861328,135.4489288330078,194.5679473876953,366.1459655761719,158.8550262451172,94.78751373291016
2023-12-20,152.1199951171875,137.12408447265625,192.4833221435547,363.5562438964844,157.0632781982422,93.2044906616211
2023-12-21,153.83999633789062,139.18580627441406,192.33514404296875,366.4206237792969,157.95913696289062,93.62788391113281
2023-12-22,153.4199981689453,140.24639892578125,191.2681427001953,367.4407958984375,157.86485290527344,93.79353332519531
2023-12-26,153.41000366210938,140.27615356445312,190.72476196289062,367.519287109375,158.79847717285156,94.0052261352539
2023-12-27,153.33999633789062,139.13626098632812,190.82351684570312,366.9405212402344,159.75091552734375,93.56344604492188
2023-12-28,153.3800048828125,138.99746704101562,191.24835205078125,368.1274719238281,160.5996856689453,92.21052551269531
2023-12-29,151.94000244140625,138.4622344970703,190.2110137939453,368.87298583984375,160.41107177734375,92.01725006103516
2024-01-02,149.92999267578125,136.95558166503906,183.40402221679688,363.8014831542969,162.2782745361328,94.20769500732422
2024-01-03,148.47000122070312,137.698974609375,182.03077697753906,363.5367126464844,161.57102966308594,94.99920654296875
2024-01-04,144.57000732421875,135.19125366210938,179.7189483642578,360.9273376464844,162.64320373535156,94.17086791992188
2024-01-05,145.24000549316406,134.53701782226562,178.99774169921875,360.74102783203125,163.459228515625,94.4561767578125
2024-01-08,149.10000610351562,137.6196746826172,183.32498168945312,367.5487060546875,163.2220458984375,92.88237762451172
2024-01-09,151.3699951171875,139.7111358642578,182.9100341796875,368.6277770996094,161.93157958984375,91.73194122314453
2024-01-10,153.72999572753906,141.0294647216797,183.94737243652344,375.4747314453125,162.27316284179688,90.83000183105469
2024-01-11,155.17999267578125,140.83120727539062,183.3546142578125,377.2992248535156,161.58998107910156,90.81156158447266
2024-01-12,154.6199951171875,141.39617919921875,183.68063354492188,381.0660705566406,160.4039306640625,91.98961639404297
2024-01-16,153.16000366210938,141.23760986328125,181.41822814941406,382.83172607421875,159.39813232421875,89.90962982177734
2024-01-17,151.7100067138672,140.2265625,180.47964477539062,382.0470275878906,158.54415893554688,89.25617218017578
2024-01-18,153.5,142.21890258789062,186.35800170898438,386.36309814453125,158.85726928710938,89.09051513671875
2024-01-19,155.33999633789062,145.0934295654297,189.252685546875,391.0716857910156,161.5994873046875,89.22855377197266
2024-01-22,154.77999877929688,144.7068634033203,191.5546417236328,388.9528503417969,161.40972900390625,89.1089096069336
2024-01-23,156.02000427246094,145.74761962890625,192.8291015625,391.2972717285156,160.3470001220703,90.11211395263672
2024-01-24,156.8699951171875,147.39303588867188,192.1573028564453,394.8875732421875,161.77976989746094,91.6675033569336
2024-01-25,157.75,150.53514099121094,191.83126831054688,397.1535339355469,164.094970703125,93.99600982666016
2024-01-26,159.1199951171875,150.85232543945312,190.1023406982422,396.23138427734375,163.4687042236328,94.79670715332031
2024-01-29,161.25999450683594,152.16075134277344,189.42068481445312,401.9110412597656,163.89569091796875,94.91636657714844
2024-01-30,159.0,150.1287841796875,185.77508544921875,400.8025817871094,167.25466918945312,96.49938201904297
2024-01-31,155.1999969482422,138.86862182617188,182.1789093017578,390.00244140625,165.4423370361328,94.6218490600586
2024-02-01,159.27999877929688,139.9193115234375,184.60931396484375,396.0842590332031,164.84454345703125,94.23529815673828
2024-02-02,171.80999755859375,141.1285858154297,183.61148071289062,403.3824768066406,165.79342651367188,93.8487548828125
2024-02-05,170.30999755859375,142.41714477539062,185.41944885253906,397.9186096191406,165.57518005371094,93.46219635009766
2024-02-06,169.14999389648438,142.83346557617188,187.01992797851562,397.76171875,166.1444854736328,94.1064453125
2024-02-07,170.52999877929688,144.2608184814453,187.1285858154297,406.1585388183594,166.4575958251953,94.07884979248047
2024-02-08,169.83999633789062,144.62754821777344,186.05174255371094,406.2173156738281,165.85986328125,95.6894760131836
2024-02-09,174.4499969482422,147.6903839111328,186.8134307861328,412.5346374511719,166.05909729003906,93.6646728515625
2024-02-12,172.33999633789062,146.23330688476562,185.13174438476562,407.3454895019531,166.7991943359375,94.95317840576172
2024-02-13,168.63999938964844,143.86431884765625,183.0445098876953,398.57586669921875,165.34744262695312,94.1357192993164
2024-02-14,170.97999572753906,144.65728759765625,182.16409301757812,402.42822265625,167.02691650390625,93.67127227783203
2024-02-15,169.8000030517578,141.51515197753906,181.87722778320312,399.5487976074219,170.67054748535156,96.3558349609375
2024-02-16,169.50999450683594,139.2849578857422,180.34396362304688,397.0918884277344,169.8734893798828,96.3558349609375
2024-02-20,167.0800018310547,139.87965393066406,179.60202026367188,395.8438415527344,170.53768920898438,95.44550323486328
2024-02-21,168.58999633789062,141.29708862304688,180.35385131835938,395.24432373046875,171.6478271484375,97.3962173461914
2024-02-22,174.5800018310547,142.82354736328125,182.3817138671875,404.551025390625,173.7068634033203,97.31261444091797
2024-02-23,174.99000549316406,142.69468688964844,180.5516815185547,403.2635803222656,174.579833984375,96.45801544189453
2024-02-26,174.72999572753906,136.3608856201172,179.2063751220703,400.5118713378906,173.98202514648438,96.83887481689453
2024-02-27,173.5399932861328,137.6593475341797,180.66050720214844,400.4529113769531,174.06741333007812,96.63449096679688
2024-02-28,173.16000366210938,135.1813201904297,179.46356201171875,400.68878173828125,174.9498748779297,96.90389251708984
2024-02-29,176.75999450683594,137.2430419921875,178.80079650878906,406.50665283203125,176.54393005371094,97.08966827392578
2024-03-01,178.22000122070312,135.93463134765625,177.7225341796875,408.33465576171875,175.8132781982422,98.31582641601562
2024-03-04,177.5800018310547,132.17796325683594,173.21168518066406,407.7646484375,177.13221740722656,96.9410400390625
2024-03-05,174.1199951171875,131.50392150878906,168.28543090820312,395.7062072753906,178.90660095214844,98.13003540039062
2024-03-06,173.50999450683594,130.24510192871094,167.2961883544922,395.1558837890625,179.83645629882812,99.17972564697266
2024-03-07,176.82000732421875,133.19886779785156,167.17747497558594,402.08428955078125,178.2613525390625,99.73707580566406
2024-03-08,175.35000610351562,134.21983337402344,168.8888397216797,399.2146911621094,178.5934600830078,100.67526245117188
2024-03-11,171.9600067138672,136.45997619628906,170.8870391845703,397.54400634765625,178.65989685058594,101.2697525024414
2024-03-12,175.38999938964844,137.28269958496094,171.36187744140625,408.1184387207031,180.13059997558594,100.61951446533203
2024-03-13,176.55999755859375,138.5613250732422,169.28453063964844,407.9415283203125,181.59185791015625,101.7435073852539
2024-03-14,178.75,141.84226989746094,171.13433837890625,417.88702392578125,178.3562469482422,103.54560089111328
2024-03-15,174.4199981689453,139.93910217285156,170.7584228515625,409.2387390136719,180.5670928955078,103.35980987548828
2024-03-18,174.47999572753906,146.3820037841797,171.84657287597656,410.12322998046875,182.806396484375,104.31659698486328
2024-03-19,175.89999389648438,145.7377166748047,174.18112182617188,414.1427001953125,183.87860107421875,105.05043029785156
2024-03-20,178.14999389648438,147.43267822265625,176.74319458007812,417.89678955078125,186.28868103027344,104.9575424194336
2024-03-21,178.14999389648438,146.30270385742188,169.5219268798828,421.9654235839844,188.87905883789062,105.4219970703125
2024-03-22,178.8699951171875,149.44485473632812,170.422119140625,421.3463134765625,186.56387329101562,105.4219970703125
2024-03-25,179.7100067138672,148.7510223388672,169.00753784179688,415.56768798828125,184.85592651367188,106.49951934814453
2024-03-26,178.3000030517578,149.345703125,167.87985229492188,414.3785705566406,185.71937561035156,105.7006607055664
2024-03-27,179.8300018310547,149.5439453125,171.44100952148438,414.1623229980469,189.31552124023438,106.79678344726562
2024-03-28,180.3800048828125,149.6034393310547,169.63072204589844,413.464599609375,190.05564880371094,107.97649383544922
2024-04-01,180.97000122070312,154.12335205078125,168.1963653564453,417.2481994628906,188.76519775390625,108.67317962646484
2024-04-02,180.69000244140625,153.2015380859375,167.01919555664062,414.172119140625,188.6892852783203,110.80037689208984
2024-04-03,182.41000366210938,153.558349609375,167.82046508789062,413.1992492675781,188.15794372558594,110.8189468383789
2024-04-04,180.0,149.2069549560547,166.9994354248047,410.673583984375,186.72634887695312,111.2091064453125
2024-04-05,185.07000732421875,151.15963745117188,167.75123596191406,418.1817626953125,188.4442596435547,112.7417984008789
2024-04-08,185.19000244140625,153.48899841308594,166.63340759277344,417.2678527832031,189.42726135253906,111.9801025390625
2024-04-09,185.6699981689453,155.22360229492188,167.8402862548828,418.9287414550781,188.1579132080078,112.56531524658203
2024-04-10,185.9499969482422,154.7676544189453,165.97064208984375,415.9608459472656,186.5545654296875,113.51280212402344
2024-04-11,189.0500030517578,158.00894165039062,173.15234375,420.5502624511719,186.516357421875,113.13194274902344
2024-04-12,186.1300048828125,156.34365844726562,174.6460723876953,414.624267578125,174.452880859375,111.81289672851562
2024-04-15,183.6199951171875,153.49887084960938,170.8276824951172,406.50665283203125,174.54833984375,111.17195129394531
2024-04-16,183.32000732421875,153.04293823242188,167.55337524414062,407.43048095703125,172.55364990234375,110.25233459472656
2024-04-17,181.27999877929688,154.10354614257812,166.1882781982422,404.7377014160156,171.86647033691406,110.19658660888672
2024-04-18,179.22000122070312,154.63877868652344,165.23863220214844,397.2982482910156,172.9831085205078,110.09440612792969
2024-04-19,174.6300048828125,152.7356414794922,163.2206573486328,392.2370910644531,177.3256072998047,111.35772705078125
2024-04-22,177.22999572753906,154.90640258789062,164.05157470703125,394.0453796386719,180.7709503173828,111.9893798828125
2024-04-23,179.5399932861328,156.86898803710938,165.10011291503906,400.54132080078125,183.37644958496094,112.42597198486328
2024-04-24,176.58999633789062,157.73138427734375,167.19728088378906,402.005615234375,184.27357482910156,112.4445571899414
2024-04-25,173.6699981689453,154.6288604736328,168.05787658691406,392.1584777832031,184.55030822753906,112.70465087890625
2024-04-26,179.6199951171875,170.4386749267578,167.4742431640625,399.3129577636719,184.66485595703125,109.57421112060547
2024-04-29,180.9600067138672,164.6896514892578,171.6289520263672,395.3131103515625,184.46444702148438,111.13477325439453
2024-04-30,175.0,161.34925842285156,168.4931640625,382.61590576171875,182.9946746826172,109.8621826171875
2024-05-01,179.0,162.4197998046875,167.4742431640625,388.1291809082031,183.1092071533203,107.78142547607422
2024-05-02,184.72000122070312,165.15550231933594,171.1640167236328,390.9791564941406,182.91831970214844,107.97649383544922
2024-05-03,186.2100067138672,165.7700958251953,181.4024200439453,399.6470642089844,181.82077026367188,107.7535629272461
2024-05-06,188.6999969482422,166.62254333496094,179.7504119873047,406.408447265625,183.2427978515625,108.45024871826172
2024-05-07,188.75999450683594,169.7448272705078,180.43296813964844,402.28082275390625,183.0041961669922,107.9114761352539
2024-05-08,188.0,167.8912811279297,180.76934814453125,403.46014404296875,186.72634887695312,107.89289093017578
2024-05-09,189.5,168.46617126464844,182.57958984375,405.2094421386719,188.49195861816406,110.02010345458984
2024-05-10,187.47999572753906,167.1676483154297,181.32156372070312,407.5876770019531,189.70404052734375,109.57421112060547
2024-05-13,186.57000732421875,167.65338134765625,184.5210723876953,406.58526611328125,189.66583251953125,109.52777862548828
2024-05-14,187.07000732421875,168.84283447265625,185.6602020263672,409.3763427734375,192.31907653808594,110.1926498413086
2024-05-15,185.99000549316406,170.99374389648438,187.9285888671875,416.53387451171875,192.8916778564453,111.04483795166016
2024-05-16,183.6300048828125,172.64907836914062,188.04747009277344,414.4762268066406,193.23529052734375,110.37995147705078
2024-05-17,184.6999969482422,174.51254272460938,188.0771942138672,413.708251953125,195.44943237304688,112.0374755859375
2024-05-20,183.5399932861328,175.364990234375,189.23611450195312,418.7589111328125,186.65953063964844,111.12909698486328
2024-05-21,183.14999389648438,176.2868194580078,190.5337677001953,422.401611328125,190.41983032226562,110.36121368408203
2024-05-22,183.1300048828125,174.82974243164062,189.09744262695312,423.8587341308594,189.2650146484375,108.1418228149414
2024-05-23,181.0500030517578,172.02459716796875,185.1154022216797,420.3931579589844,187.93841552734375,106.29700469970703
2024-05-24,180.75,173.45196533203125,188.18614196777344,423.5042724609375,191.55555725097656,106.21272277832031
2024-05-28,182.14999389648438,174.84957885742188,188.19602966308594,423.661865234375,190.40074157714844,107.56121826171875
2024-05-29,182.02000427246094,174.35394287109375,188.4932098388672,422.5296630859375,189.0741424560547,106.40937042236328
2024-05-30,179.32000732421875,170.59727478027344,189.4837646484375,408.2540283203125,190.238525390625,106.74650573730469
2024-05-31,176.44000244140625,170.98385620117188,190.4346923828125,408.7068786621094,193.3879852294922,109.80870819091797
2024-06-03,178.33999633789062,171.64796447753906,192.19789123535156,407.12176513671875,192.6149444580078,107.1772689819336
2024-06-04,179.33999633789062,172.26248168945312,192.51487731933594,409.6322937011719,190.0762481689453,105.5103759765625
2024-06-05,181.27999877929688,173.8682861328125,194.0205078125,417.4494934082031,188.2628936767578,105.9317855834961
2024-06-06,185.0,175.17665100097656,192.64364624023438,417.9516296386719,187.92889404296875,106.72776794433594
2024-06-07,184.3000030517578,172.92660522460938,195.0308837890625,417.2919616699219,190.8302001953125,105.5853042602539
2024-06-10,187.05999755859375,173.67088317871094,191.29649353027344,421.249755859375,190.5057373046875,105.89432525634766
2024-06-11,187.22999572753906,175.2685546875,205.1939697265625,425.9853210449219,185.4951934814453,105.04215240478516
2024-06-12,186.88999938964844,176.4296112060547,211.05812072753906,434.2356262207031,182.79425048828125,103.88095092773438
2024-06-13,183.8300018310547,173.8197479248047,212.21705627441406,434.74761962890625,184.82711791992188,103.04750061035156
2024-06-14,183.66000366210938,175.43727111816406,210.48358154296875,435.7222900390625,184.94163513183594,102.17659759521484
2024-06-17,184.05999755859375,175.88381958007812,214.62413024902344,441.4325256347656,186.08689880371094,101.4742660522461
2024-06-18,182.80999755859375,173.75025939941406,212.2666015625,439.4339904785156,188.0147705078125,102.42943572998047
2024-06-20,186.10000610351562,174.9510040283203,207.7001190185547,438.8038635253906,189.6085968017578,104.63946533203125
2024-06-21,189.0800018310547,178.25552368164062,205.53082275390625,442.82073974609375,187.34669494628906,103.72175598144531
2024-06-24,185.57000732421875,177.84866333007812,206.17466735839844,440.7434387207031,189.80902099609375,106.80269622802734
2024-06-25,186.33999633789062,182.62185668945312,207.09588623046875,443.97265625,189.0359649658203,107.10235595703125
2024-06-26,193.61000061035156,182.4730224609375,211.23641967773438,445.16387939453125,188.42514038085938,107.13982391357422
2024-06-27,197.85000610351562,183.99131774902344,212.07839965820312,445.8432922363281,190.08580017089844,107.59868621826172
2024-06-28,193.25,180.75624084472656,208.6312255859375,440.0345153808594,193.0348663330078,107.80469512939453
2024-07-01,197.1999969482422,181.58982849121094,214.703369140625,449.6632080078125,196.07936096191406,107.65486145019531
2024-07-02,200.0,183.82260131835938,218.19012451171875,452.1737976074219,199.30519104003906,106.9244155883789
2024-07-03,197.58999633789062,184.39817810058594,219.4580535888672,453.64068603515625,199.1715850830078,107.46758270263672
2024-07-05,200.0,189.1416015625,224.2028045654297,460.3255920410156,196.53244018554688,106.16590881347656
2024-07-08,199.2899932861328,187.58360290527344,225.66883850097656,459.0260314941406,196.8971405029297,105.051513671875
2024-07-09,199.33999633789062,187.53399658203125,226.52073669433594,452.4297180175781,199.25794982910156,103.89031219482422
2024-07-10,199.7899932861328,189.71714782714844,230.7801055908203,459.0358581542969,199.4210968017578,104.80803680419922
2024-07-11,195.0500030517578,184.15011596679688,225.4211883544922,447.6646423339844,199.08518981933594,106.05351257324219
2024-07-12,194.49000549316406,183.6539306640625,228.36314392089844,446.53240966796875,196.67642211914062,106.07225799560547
2024-07-15,192.72000122070312,185.10272216796875,232.18670654296875,446.93603515625,201.5803680419922,107.88897705078125
2024-07-16,193.02000427246094,182.51271057128906,232.60275268554688,442.56475830078125,205.00640869140625,108.6662368774414
2024-07-17,187.92999267578125,179.63490295410156,226.71884155273438,436.6575927734375,208.12538146972656,110.16456604003906
2024-07-18,183.75,176.33038330078125,222.06320190429688,433.5563049316406,201.51318359375,111.2508544921875
2024-07-19,183.1300048828125,176.3006134033203,222.19198608398438,430.3467712402344,201.32125854492188,108.69432830810547
2024-07-22,182.5500030517578,180.27992248535156,221.8452911376953,436.0865783691406,201.80108642578125,107.9451675415039
2024-07-23,186.41000366210938,180.3990020751953,222.88536071777344,437.9670104980469,201.84909057617188,106.20336151123047
2024-07-24,180.8300018310547,171.30908203125,216.47647094726562,422.26385498046875,200.1792449951172,107.70169067382812
2024-07-25,179.85000610351562,166.00003051757812,215.4364013671875,411.92626953125,200.25601196289062,109.96791076660156
2024-07-26,182.5,165.72216796875,215.9019317626953,418.6899719238281,203.68206787109375,109.87425994873047
2024-07-29,183.1999969482422,168.23281860351562,216.1792755126953,420.12738037109375,202.34812927246094,108.72241973876953
2024-07-30,181.7100067138672,168.98699951171875,216.73402404785156,416.3763427734375,206.51312255859375,110.66088104248047
2024-07-31,186.97999572753906,170.22743225097656,219.98306274414062,411.87701416015625,204.219482421875,111.05418395996094
2024-08-01,184.07000732421875,169.45339965820312,216.29815673828125,410.6562194824219,199.5746612548828,109.51840209960938
2024-08-02,167.89999389648438,165.38478088378906,217.7839813232422,402.1695861816406,191.1102752685547,109.4528579711914
2024-08-05,161.02000427246094,158.03147888183594,207.2939910888672,389.0359802246094,187.04124450683594,107.47694396972656
2024-08-06,161.92999267578125,157.07879638671875,205.27325439453125,393.42694091796875,192.26190185546875,106.90570831298828
2024-08-07,162.77000427246094,157.72384643554688,207.83880615234375,392.2652282714844,192.31947326660156,108.3291244506836
2024-08-08,165.8000030517578,160.7902069091797,211.29583740234375,396.4593811035156,195.8319091796875,110.39867401123047
2024-08-09,166.94000244140625,162.4176483154297,214.19818115234375,399.73785400390625,197.50172424316406,111.29767608642578
2024-08-12,166.8000030517578,161.04820251464844,215.7253875732422,400.51556396484375,197.87600708007812,111.43814086914062
2024-08-13,170.22999572753906,162.90390014648438,219.43438720703125,407.6042175292969,199.55545043945312,110.37059783935547
2024-08-14,170.10000610351562,159.14288330078125,219.88067626953125,410.4100646972656,201.76272583007812,111.39131164550781
2024-08-15,177.58999633789062,160.06576538085938,222.8557586669922,415.2626647949219,203.01988220214844,112.08043670654297
2024-08-16,177.05999755859375,161.7130889892578,224.1747283935547,412.73779296875,205.34231567382812,111.55179595947266
2024-08-19,178.22000122070312,165.3946990966797,224.01605224609375,415.7558898925781,206.7626495361328,111.89163970947266
2024-08-20,178.8800048828125,165.90081787109375,224.6309051513672,418.9810485839844,205.87013244628906,108.16285705566406
2024-08-21,180.11000061035156,164.5809783935547,224.52182006835938,418.3301086425781,205.94691467285156,107.47373962402344
2024-08-22,176.1300048828125,162.54666137695312,222.6673583984375,409.85772705078125,207.89505004882812,108.304443359375
2024-08-23,177.0399932861328,164.35272216796875,224.9581756591797,411.0807800292969,209.50732421875,109.80540466308594
2024-08-26,175.5,164.88861083984375,225.2953643798828,407.8259582519531,210.33262634277344,112.15594482421875
2024-08-27,173.1199951171875,163.419921875,226.13832092285156,408.1711730957031,211.30189514160156,111.08924865722656
2024-08-28,170.8000030517578,161.6039276123047,224.61106872558594,404.9756164550781,212.36715698242188,109.99420166015625
2024-08-29,172.1199951171875,160.54209899902344,227.88369750976562,407.4610595703125,213.25006103515625,111.5140380859375
2024-08-30,178.5,162.1298828125,227.1002655029297,411.4259948730469,215.73561096191406,111.33468627929688
2024-09-03,176.25,156.1559295654297,220.92193603515625,403.8314514160156,211.41709899902344,109.00301361083984
2024-09-04,173.3300018310547,155.25289916992188,219.0178680419922,403.2988586425781,210.48617553710938,107.67198181152344
2024-09-05,177.88999938964844,156.03684997558594,220.53517150878906,402.79583740234375,208.854736328125,106.83181762695312
2024-09-06,171.38999938964844,149.76522827148438,218.98814392089844,396.197509765625,203.89321899414062,106.3315200805664
2024-09-09,175.39999389648438,147.76792907714844,219.07737731933594,400.16241455078125,208.0677947998047,108.56877899169922
2024-09-10,179.5500030517578,147.71827697753906,218.28402709960938,408.5262756347656,197.27142333984375,104.61344909667969
2024-09-11,184.52000427246094,150.2024383544922,220.81285095214844,417.24517822265625,198.8740692138672,103.5750503540039
2024-09-12,187.0,153.71005249023438,220.92193603515625,421.1509094238281,198.2694854736328,105.00048828125
2024-09-13,186.49000549316406,156.4625244140625,220.65419006347656,424.69171142578125,196.0814208984375,104.92495727539062
2024-09-16,184.88999938964844,157.0587158203125,214.5254669189453,425.4314270019531,199.4786834716797,106.39759826660156
2024-09-17,186.8800048828125,158.3107452392578,214.99154663085938,429.18927001953125,200.81263732910156,107.78524780273438
2024-09-18,186.42999267578125,158.79762268066406,218.8592071533203,424.9087219238281,199.16197204589844,108.16285705566406
2024-09-19,189.8699951171875,161.11285400390625,226.97132873535156,432.6807556152344,201.99302673339844,109.50333404541016
2024-09-20,191.60000610351562,162.55368041992188,226.306884765625,429.3076171875,202.57843017578125,108.81421661376953
2024-09-23,193.8800048828125,160.82472229003906,224.59124755859375,427.5717468261719,202.914306640625,110.78716278076172
2024-09-24,193.9600067138672,161.26190185546875,225.48377990722656,423.2912292480469,203.05828857421875,110.4945297241211
2024-09-25,192.52999877929688,160.4669952392578,224.4920654296875,426.19091796875,201.7147216796875,108.34222412109375
2024-09-26,191.16000366210938,161.69911193847656,225.6325225830078,425.40185546875,201.32125854492188,106.48255157470703
2024-09-27,187.97000122070312,162.91140747070312,225.90029907226562,422.156982421875,202.01223754882812,109.33341217041016
2024-09-30,186.3300018310547,164.7993621826172,231.0670928955078,424.4056701660156,202.3577117919922,110.6550064086914
2024-10-01,185.1300048828125,165.93214416503906,224.33340454101562,414.9273986816406,198.6917266845703,113.21322631835938
2024-10-02,184.75999450683594,164.80929565429688,224.898681640625,411.4161376953125,198.93167114257812,114.71416473388672
2024-10-03,181.9600067138672,164.80929565429688,223.79786682128906,410.83416748046875,196.95472717285156,115.7148208618164
2024-10-04,186.50999450683594,166.00169372558594,224.91851806640625,410.3607482910156,203.94537353515625,117.83880615234375
2024-10-07,180.8000030517578,161.94752502441406,219.8509063720703,403.93011474609375,203.6653289794922,118.34855651855469
2024-10-08,182.72000122070312,163.3386688232422,223.8970489501953,409.0292663574219,203.49156188964844,115.20504760742188
2024-10-09,185.1699981689453,160.83462524414062,227.63577270507812,411.74163818359375,206.06961059570312,115.25225830078125
2024-10-10,186.64999389648438,161.0532684326172,227.13992309570312,410.143798828125,205.5095672607422,116.24344635009766
2024-10-11,188.82000732421875,162.20590209960938,225.6623077392578,410.61724853515625,214.63409423828125,116.6871337890625
2024-10-14,187.5399932861328,163.91502380371094,229.38119506835938,413.39862060546875,213.8520050048828,117.13080596923828
2024-10-15,187.69000244140625,164.41183471679688,231.9100341796875,413.0040588378906,214.7306671142578,113.60971069335938
2024-10-16,186.88999938964844,164.11373901367188,229.85719299316406,410.41998291015625,215.9376220703125,113.90234375
2024-10-17,187.52999877929688,161.89784240722656,230.22412109375,411.0117492675781,216.6907501220703,113.60971069335938
2024-10-18,188.99000549316406,162.384765625,233.0504913330078,412.4320373535156,217.6080322265625,113.28875732421875
2024-10-21,189.07000732421875,163.03065490722656,234.5181884765625,413.04351806640625,215.31967163085938,113.35482788085938
2024-10-22,189.6999969482422,164.09385681152344,233.9033203125,421.6539001464844,216.4010772705078,113.94010162353516
2024-10-23,184.7100067138672,161.748779296875,228.84567260742188,418.7838134765625,215.7155303955078,113.53418731689453
2024-10-24,186.3800048828125,161.689208984375,228.65724182128906,418.91204833984375,217.2314453125,112.89227294921875
2024-10-25,187.8300018310547,164.22305297851562,229.49026489257812,422.28515625,214.65341186523438,112.7978744506836
2024-10-28,188.38999938964844,165.66384887695312,231.46376037597656,420.74652099609375,217.7335662841797,112.24090576171875
2024-10-29,190.8300018310547,168.60508728027344,231.73153686523438,426.0330810546875,215.2230987548828,110.71163940429688
2024-10-30,192.72999572753906,173.3548126220703,228.19113159179688,426.60516357421875,216.6811065673828,110.1546859741211
2024-10-31,186.39999389648438,170.02603149414062,224.035888671875,400.7837829589844,214.27684020996094,110.23963928222656
2024-11-01,197.92999267578125,170.20489501953125,221.06077575683594,404.7487487792969,215.26173400878906,108.51213073730469
2024-11-04,195.77999877929688,168.1678924560547,220.16824340820312,402.8648376464844,212.21055603027344,111.9671630859375
2024-11-05,199.5,168.66473388671875,221.5963134765625,405.8237609863281,213.86166381835938,112.29755401611328
2024-11-06,207.08999633789062,175.39181518554688,220.87234497070312,414.42437744140625,238.55099487304688,114.22330474853516
2024-11-07,210.0500030517578,179.60496520996094,225.59286499023438,419.6024169921875,228.23886108398438,114.36490631103516
2024-11-08,208.17999267578125,177.22018432617188,225.32481384277344,416.7520446777344,228.81814575195312,114.32714080810547
2024-11-11,206.83999633789062,179.20750427246094,222.61447143554688,412.2840881347656,231.04859924316406,113.72299194335938
2024-11-12,208.91000366210938,180.46945190429688,222.61447143554688,417.23529052734375,231.30929565429688,113.60971069335938
2024-11-13,214.10000610351562,177.74681091308594,223.49806213378906,419.37554931640625,232.85421752929688,114.66698455810547
2024-11-14,211.47999572753906,174.46774291992188,226.57574462890625,421.0424499511719,233.53976440429688,114.74311828613281
2024-11-15,202.61000061035156,171.39732360839844,223.37893676757812,409.3153381347656,236.86126708984375,113.55342864990234
2024-11-18,201.6999969482422,174.1894989013672,226.37716674804688,410.0649108886719,236.5908966064453,114.50518035888672
2024-11-19,204.61000061035156,176.9916229248047,226.63531494140625,412.0671081542969,234.71771240234375,112.90623474121094
2024-11-20,202.8800048828125,174.86517333984375,227.35011291503906,409.7985534667969,232.4873046875,114.51470184326172
2024-11-21,198.3800048828125,166.56808471679688,226.87356567382812,408.0295715332031,236.33023071289062,116.0470199584961
2024-11-22,197.1199951171875,163.7162628173828,228.21383666992188,412.11114501953125,239.9897003173828,115.91377258300781
2024-11-25,201.4499969482422,166.5879364013672,231.19223022460938,413.88018798828125,241.66973876953125,114.18159484863281
2024-11-26,207.86000061035156,168.04864501953125,233.366455078125,422.9722900390625,241.3607940673828,112.27808380126953
2024-11-27,205.74000549316406,168.15794372558594,233.2373809814453,418.0309143066406,241.1869659423828,111.98304748535156
2024-11-29,207.88999938964844,167.8797149658203,235.6201171875,418.4954528808594,241.11941528320312,112.26856231689453
2024-12-02,210.7100067138672,170.4036407470703,237.8638153076172,425.92730712890625,237.76890563964844,112.16387176513672
2024-12-03,213.44000244140625,170.25457763671875,240.90176391601562,426.1446838378906,236.38815307617188,111.9925537109375
2024-12-04,218.16000366210938,173.26536560058594,241.25917053222656,432.291748046875,235.0170440673828,108.76612091064453
2024-12-05,220.5500030517578,171.5463409423828,241.28897094726562,437.4308166503906,237.02542114257812,109.24198913574219
2024-12-06,227.02999877929688,173.60325622558594,241.09042358398438,438.36968994140625,238.84068298339844,108.09038543701172
2024-12-09,226.08999633789062,174.458740234375,244.97222900390625,440.79095458984375,235.41294860839844,107.45270538330078
2024-12-10,225.0399932861328,184.2078399658203,245.98489379882812,438.1324462890625,234.4956512451172,107.23380279541016
2024-12-11,230.25999450683594,194.38470458984375,244.71412658691406,443.72613525390625,235.142578125,106.51998901367188
2024-12-12,228.97000122070312,190.9625701904297,246.17352294921875,444.2893981933594,233.21145629882812,106.42481231689453
2024-12-13,227.4600067138672,188.8336944580078,246.34228515625,442.0262756347656,231.67620849609375,105.4920883178711
2024-12-16,232.92999267578125,195.63815307617188,249.2313232421875,446.2956237792969,231.32864379882812,103.2364501953125
2024-12-17,231.14999389648438,194.4045867919922,251.6537322998047,449.1319885253906,230.15061950683594,102.79864501953125
2024-12-18,220.52000427246094,187.4210662841797,246.26287841796875,432.2621154785156,222.43580627441406,101.28535461425781
2024-12-19,223.2899932861328,187.5304718017578,247.99032592773438,431.90631103515625,224.9366455078125,100.41926574707031
2024-12-20,224.9199981689453,190.41542053222656,252.65647888183594,431.48138427734375,229.41680908203125,100.76190948486328
2024-12-23,225.05999755859375,193.61868286132812,253.4308624267578,430.147216796875,230.17959594726562,101.17115783691406
2024-12-24,229.0500030517578,195.0909881591797,256.3397216796875,434.1793518066406,233.96458435058594,101.26631927490234
2024-12-26,227.0500030517578,194.5836639404297,257.1537780761719,432.9736633300781,234.76602172851562,101.35197448730469
2024-12-27,223.75,191.75839233398438,253.74853515625,425.4825134277344,232.86386108398438,101.34246063232422
2024-12-30,221.3000030517578,190.24630737304688,250.38294982910156,419.8493347167969,231.07757568359375,100.65721130371094
2024-12-31,219.38999938964844,188.31637573242188,248.6157989501953,416.55841064453125,231.45416259765625,102.37987518310547
2025-01-02,220.22000122070312,188.44570922851562,242.09312438964844,413.672607421875,231.73416137695312,102.13240814208984
2025-01-03,224.19000244140625,190.79342651367188,241.60667419433594,418.38671875,234.90118408203125,102.6558837890625
2025-01-06,227.61000061035156,195.8470458984375,243.23483276367188,422.833984375,233.75595092773438,102.54166412353516
2025-01-07,222.11000061035156,194.4742431640625,240.46493530273438,417.418212890625,236.00758361816406,103.5029296875
2025-01-08,222.1300048828125,192.94224548339844,240.95140075683594,419.58251953125,235.9687957763672,101.770751953125
2025-01-10,218.94000244140625,191.0421600341797,235.14356994628906,414.0382995605469,232.8048095703125,101.39956665039062
2025-01-13,218.4600067138672,190.01748657226562,232.71121215820312,412.2989501953125,237.01698303222656,104.01689147949219
2025-01-14,217.75999450683594,188.6745147705078,231.5992889404297,410.7967224121094,240.1809539794922,104.42613983154297
2025-01-15,223.35000610351562,194.53390502929688,236.1562042236328,421.31201171875,244.91722106933594,106.12977600097656
2025-01-16,220.66000366210938,191.9076385498047,226.61544799804688,419.6022644042969,246.7806854248047,105.94894409179688
2025-01-17,225.94000244140625,194.9815673828125,228.32305908203125,424.0001220703125,251.5266571044922,106.90068817138672
2025-01-21,230.7100067138672,197.0209197998047,221.03591918945312,423.476318359375,255.28265380859375,106.09170532226562
2025-01-22,235.00999450683594,197.33924865722656,222.2173614501953,440.9688415527344,255.09825134277344,104.24530029296875
2025-01-23,235.4199981689453,196.95127868652344,222.04859924316406,441.4728088378906,258.1166687011719,104.83539581298828
2025-01-24,234.85000610351562,199.16969299316406,221.1749267578125,438.8538818359375,257.039306640625,103.41728210449219
2025-01-27,235.4199981689453,190.81333923339844,228.2039337158203,429.46527099609375,258.01959228515625,104.85443115234375
2025-01-28,238.14999389648438,194.28521728515625,236.54339599609375,441.9571228027344,259.2715759277344,102.82718658447266
2025-01-29,237.07000732421875,194.39463806152344,237.63546752929688,437.1441650390625,258.7280578613281,103.42679595947266
2025-01-30,234.63999938964844,199.82627868652344,235.8782196044922,410.12469482421875,260.3294677734375,104.28337860107422
2025-01-31,237.67999267578125,202.95989990234375,234.29966735839844,410.1938781738281,259.4268798828125,101.67558288574219
2025-02-03,237.4199981689453,200.1844024658203,226.3672332763672,406.10247802734375,258.9513244628906,101.92302703857422
2025-02-04,242.05999755859375,205.30764770507812,231.12274169921875,407.535400390625,260.04803466796875,104.65454864501953
2025-02-05,236.1699981689453,190.3358154296875,230.79510498046875,408.44464111328125,262.4646911621094,104.57840728759766
2025-02-06,238.8300018310547,190.60443115234375,231.53970336914062,410.94500732421875,268.74407958984375,103.19837951660156
2025-02-07,229.14999389648438,184.376953125,225.989990234375,404.9461364746094,267.6764831542969,103.63617706298828
2025-02-10,233.13999938964844,185.50108337402344,226.25833129882812,407.3871765136719,263.05670166015625,105.61581420898438
2025-02-11,232.75999450683594,184.3570556640625,231.1979522705078,406.6163330078125,266.8904113769531,106.28205871582031
2025-02-12,228.92999267578125,182.65594482421875,235.42198181152344,404.24444580078125,267.33685302734375,103.0843734741211
2025-02-13,230.3699951171875,185.17279052734375,240.0535125732422,405.72686767578125,268.1811828613281,103.83338165283203
2025-02-14,228.67999267578125,184.26751708984375,243.10472106933594,403.6416015625,268.4432373046875,103.93900299072266
2025-02-18,226.64999389648438,182.8151092529297,242.97552490234375,404.8374328613281,271.70428466796875,105.76351165771484
2025-02-19,226.6300048828125,184.30731201171875,243.373046875,409.90728759765625,271.0249328613281,105.91715240478516
2025-02-20,222.8800048828125,183.60101318359375,244.3271942138672,412.0760192871094,258.9415588378906,107.54960632324219
2025-02-21,216.5800018310547,178.7264862060547,244.0489044189453,404.2331237792969,256.4570007324219,106.29166412353516
2025-02-24,212.7100067138672,178.31861877441406,245.58944702148438,400.0641174316406,253.6424102783203,106.8486099243164
2025-02-25,212.8000030517578,174.50851440429688,245.52980041503906,394.0235595703125,249.81846618652344,105.36979675292969
2025-02-26,214.35000610351562,171.8324737548828,238.89064025878906,395.8357238769531,251.16754150390625,105.11053466796875
2025-02-27,208.74000549316406,167.6244659423828,235.84934997558594,388.7059020996094,251.41986083984375,105.77310943603516
2025-02-28,212.27999877929688,169.3952178955078,240.36158752441406,393.1224060058594,256.85491943359375,106.90621948242188
2025-03-03,205.02000427246094,166.14218139648438,236.5749053955078,384.7052307128906,252.94363403320312,103.47808074951172
2025-03-04,203.8000030517578,170.03187561035156,234.4877166748047,384.8240661621094,242.8790740966797,103.2668228149414
2025-03-05,208.36000061035156,172.12098693847656,234.2989044189453,397.1131286621094,244.12136840820312,101.2502670288086
2025-03-06,200.6999969482422,171.45445251464844,233.8914031982422,393.0234069824219,239.27833557128906,103.3436508178711
2025-03-07,199.25,172.9566192626953,237.60853576660156,389.4783020019531,235.14381408691406,104.6880111694336
2025-03-10,194.5399932861328,165.19815063476562,226.08938598632812,376.4563903808594,225.380126953125,107.35755157470703
2025-03-11,196.58999633789062,163.3755645751953,219.48995971679688,376.74359130859375,222.390869140625,104.82245635986328
2025-03-12,198.88999938964844,166.4331512451172,215.65357971191406,379.53607177734375,221.18736267089844,104.79364776611328
2025-03-13,193.88999938964844,162.1007537841797,208.39817810058594,375.0799560546875,218.5572052001953,104.35192108154297
2025-03-14,197.9499969482422,164.81968688964844,212.18490600585938,384.7745361328125,225.59364318847656,107.45358276367188
2025-03-17,195.74000549316406,163.62457275390625,212.69178771972656,384.9132080078125,227.03976440429688,109.23966979980469
2025-03-18,192.82000732421875,160.0192108154297,211.38980102539062,379.7836608886719,228.04913330078125,109.12443542480469
2025-03-19,195.5399932861328,163.2261962890625,213.9241943359375,384.0417785644531,232.0671844482422,110.82410430908203
2025-03-20,194.9499969482422,162.14059448242188,212.79119873046875,383.0712585449219,231.97012329101562,111.29463195800781
2025-03-21,196.2100067138672,163.32579040527344,216.9356689453125,387.4482727050781,234.5129852294922,110.9105224609375
2025-03-24,203.25999450683594,167.00083923339844,219.380615234375,389.2505187988281,240.75357055664062,111.1986083984375
2025-03-25,205.7100067138672,169.8691864013672,222.38218688964844,391.3102722167969,243.73316955566406,111.95720672607422
2025-03-26,201.1300048828125,164.39144897460938,220.17575073242188,386.1708068847656,243.6361083984375,113.57044982910156
2025-03-27,201.36000061035156,161.58287048339844,222.48159790039062,386.7748718261719,240.81179809570312,113.20555114746094
2025-03-28,192.72000122070312,153.7049102783203,216.5679473876953,375.109619140625,235.69703674316406,113.05191802978516
2025-03-31,190.25999450683594,154.01365661621094,220.7720947265625,371.7328796386719,238.07489013671875,114.20423889160156
2025-04-01,192.1699981689453,156.43380737304688,221.8256072998047,378.46661376953125,236.48318481445312,114.30986022949219
2025-04-02,196.00999450683594,156.4039306640625,222.52133178710938,378.4171447753906,238.57957458496094,113.95455932617188
2025-04-03,178.41000366210938,150.10952758789062,201.94784545898438,369.4750671386719,221.9541015625,107.96251678466797
2025-04-04,171.0,145.01028442382812,187.2283935546875,356.3343811035156,205.34344482421875,100.1939697265625
2025-04-07,175.25999450683594,146.15562438964844,180.35072326660156,354.3736267089844,209.40577697753906,98.84960174560547
2025-04-08,170.66000366210938,144.11390686035156,171.365966796875,351.1058044433594,211.77870178222656,96.76583099365234
2025-04-09,191.10000610351562,158.06719970703125,197.6343994140625,386.6857604980469,228.83859252929688,101.5959701538086
2025-04-10,181.22000122070312,152.20103454589844,189.25592041015625,377.634765625,221.77833557128906,95.9592056274414
2025-04-11,184.8699951171875,156.50352478027344,196.9386749267578,384.6656799316406,230.6549072265625,99.04166412353516
2025-04-14,182.1199951171875,158.42572021484375,201.281982421875,384.0318603515625,229.20965576171875,99.2817153930664
2025-04-15,179.58999633789062,155.67686462402344,200.90428161621094,381.9721374511719,227.65701293945312,99.00324249267578
2025-04-16,174.3300018310547,152.70896911621094,193.08238220214844,367.9896545410156,224.21963500976562,100.04994201660156
2025-04-17,172.61000061035156,150.54776000976562,195.7758331298828,364.1969909667969,226.5144805908203,102.67145538330078
2025-04-21,167.32000732421875,147.07188415527344,191.97918701171875,355.6213684082031,223.61419677734375,101.16384887695312
2025-04-22,173.17999267578125,150.8564910888672,198.5189666748047,363.24639892578125,230.0592498779297,103.99662780761719
2025-04-23,180.60000610351562,154.7207794189453,203.34925842285156,370.7426452636719,235.22506713867188,103.10358428955078
2025-04-24,186.5399932861328,158.63485717773438,207.09619140625,383.5268249511719,238.8968048095703,104.31351470947266
2025-04-25,188.99000549316406,161.3040008544922,208.0006103515625,388.0325012207031,237.83236694335938,104.25588989257812
2025-04-28,187.6999969482422,159.95945739746094,208.8553924560547,387.3492431640625,237.51014709472656,104.31351470947266
2025-04-29,187.38999938964844,159.5113067626953,209.91885375976562,390.201171875,238.8772430419922,104.05425262451172
2025-04-30,184.4199981689453,158.15679931640625,211.20094299316406,391.4092712402344,238.8772430419922,101.43270874023438
2025-05-01,190.1999969482422,160.6466827392578,212.0159454345703,421.2556457519531,241.09396362304688,101.5767593383789
2025-05-02,189.97999572753906,163.36563110351562,204.0946807861328,431.0393981933594,246.58203125,101.98966979980469
2025-05-05,186.35000610351562,163.5448760986328,197.6741485595703,431.92071533203125,246.630859375,99.16649627685547
2025-05-06,185.00999450683594,162.56886291503906,197.29647827148438,429.0885925292969,243.3985595703125,100.54927062988281
2025-05-07,188.7100067138672,150.766845703125,195.05027770996094,429.1282043457031,243.5352783203125,100.45325469970703
2025-05-08,192.0800018310547,153.6551055908203,196.28271484375,433.9012451171875,247.51950073242188,101.85523223876953
2025-05-09,193.05999755859375,152.13131713867188,197.31634521484375,434.4557800292969,247.138671875,103.04595947265625
2025-05-12,208.63999938964844,157.81817626953125,209.77613830566406,444.8832092285156,253.94500732421875,104.82245635986328
2025-05-13,211.3699951171875,158.8838653564453,211.9058380126953,444.764404296875,256.8355712890625,105.11053466796875
2025-05-14,210.25,164.7001953125,211.30873107910156,448.52734375,259.4037780761719,104.16947174072266
2025-05-15,205.1699981689453,163.29591369628906,210.43296813964844,449.5392761230469,261.2103576660156,105.22579956054688
2025-05-16,205.58999633789062,165.51686096191406,210.24388122558594,450.67022705078125,261.2786865234375,104.84786224365234
2025-05-19,206.16000366210938,165.8654327392578,207.7758026123047,455.2337951660156,258.66162109375,103.18098449707031
2025-05-20,204.07000732421875,163.31582641601562,205.86505126953125,454.5393371582031,259.44287109375,101.70793151855469
2025-05-21,201.1199951171875,167.8772735595703,201.11798095703125,448.9837341308594,254.91180419921875,100.4577865600586
2025-05-22,203.10000610351562,170.1779022216797,200.39146423339844,451.2555847167969,254.5504913330078,99.78910064697266
2025-05-23,200.99000549316406,167.78762817382812,194.33079528808594,446.6126708984375,254.58953857421875,99.84724426269531
2025-05-27,206.02000427246094,172.19969177246094,199.24703979492188,457.03936767578125,259.06201171875,100.32210540771484
2025-05-28,204.72000122070312,171.66188049316406,199.4560089111328,453.7357482910156,257.30426025390625,98.9556655883789
2025-05-29,205.6999969482422,171.1638946533203,198.98828125,455.0452880859375,258.16363525390625,99.51775360107422
2025-05-30,205.00999450683594,171.04440307617188,199.8839569091797,456.71197509765625,257.80230712890625,99.13980865478516
2025-06-02,206.64999389648438,168.34535217285156,200.7298583984375,458.3092041015625,258.44677734375,99.86663055419922
2025-06-03,205.7100067138672,165.5069122314453,202.2923126220703,459.3013000488281,260.01898193359375,100.59346771240234
2025-06-04,207.22999572753906,167.36935424804688,201.844482421875,460.1941833496094,258.0171203613281,99.13980865478516
2025-06-05,207.91000366210938,167.5286865234375,199.66500854492188,463.9739685058594,255.80043029785156,98.684326171875
2025-06-06,213.57000732421875,172.9765167236328,202.93917846679688,466.652587890625,259.4916687011719,101.04894256591797
2025-06-09,216.97999572753906,175.58908081054688,200.48106384277344,469.0038146972656,260.4779357910156,101.7273178100586
2025-06-10,217.61000061035156,178.0919647216797,201.69517517089844,467.1883239746094,262.2943115234375,103.9078140258789
2025-06-11,213.1999969482422,176.84548950195312,197.82388305664062,468.8748474121094,261.8548583984375,105.9332504272461
2025-06-12,213.24000549316406,175.2001953125,198.24188232421875,475.0752868652344,261.9427490234375,106.34028625488281
2025-06-13,212.10000610351562,174.17312622070312,195.50511169433594,471.1962890625,258.7300109863281,108.65644836425781
2025-06-16,216.10000610351562,176.26715087890625,197.46563720703125,475.3431701660156,264.012939453125,109.00532531738281
2025-06-17,214.82000732421875,175.44947814941406,194.69898986816406,474.25189208984375,263.1927185058594,110.4783706665039
2025-06-18,212.52000427246094,172.8269805908203,195.6344757080078,476.4344482421875,267.5284423828125,109.69339752197266
2025-06-20,209.69000244140625,166.16598510742188,200.033203125,473.616943359375,268.5440368652344,111.15673828125
2025-06-23,208.47000122070312,164.7200927734375,200.53082275390625,482.1488037109375,271.7373046875,108.2881851196289
2025-06-24,212.77000427246094,166.2956085205078,199.3365936279297,486.2261962890625,274.6571044921875,104.99320983886719
2025-06-25,211.99000549316406,170.19447326660156,200.5905303955078,488.3691101074219,277.391357421875,105.02228546142578
2025-06-26,217.1199951171875,173.04632568359375,200.033203125,493.508056640625,281.9712219238281,106.59223937988281
2025-06-27,223.3000030517578,178.0221405029297,200.1128387451172,492.010009765625,280.3697204589844,106.00108337402344
2025-06-30,219.38999938964844,175.7286834716797,204.18316650390625,493.4684143066406,283.1040344238281,104.46990203857422
2025-07-01,220.4600067138672,175.33978271484375,206.82041931152344,488.1508483886719,283.5922546386719,105.86541748046875
2025-07-02,219.9199981689453,178.13182067871094,211.41819763183594,487.1984558105469,285.1449890136719,107.6195068359375
2025-07-03,223.41000366210938,179.019287109375,212.5228729248047,494.8870544433594,290.443603515625,108.73397064208984
2025-07-07,223.47000122070312,176.28707885742188,208.94017028808594,493.77593994140625,286.4892578125,107.67765045166016
2025-07-08,219.36000061035156,173.86399841308594,208.99989318847656,492.6846618652344,277.47174072265625,110.66250610351562
2025-07-09,222.5399932861328,176.11758422851562,210.1244659423828,499.52008056640625,277.8446350097656,110.28455352783203
2025-07-10,222.25999450683594,177.11473083496094,211.38833618164062,497.5061340332031,282.78021240234375,111.379638671875
2025-07-11,225.02000427246094,179.67742919921875,210.14434814453125,499.33154296875,281.4751281738281,111.86418914794922
2025-07-14,225.69000244140625,181.0435028076172,207.61656188964844,499.033935546875,283.2806701660156,110.40083312988281
2025-07-15,226.35000610351562,181.48228454589844,208.10423278808594,501.8117370605469,281.1709899902344,109.42204284667969
2025-07-16,223.19000244140625,182.4495086669922,209.14918518066406,501.6133117675781,280.4547119140625,108.76304626464844
2025-07-17,223.8800048828125,183.05776977539062,209.0098419189453,507.6451416015625,284.4580993652344,108.21066284179688
2025-07-18,226.1300048828125,184.5335693359375,210.16424560546875,506.0082092285156,285.8023681640625,104.44082641601562
2025-07-21,229.3000030517578,189.55923461914062,211.45799255371094,506.0181579589844,285.50799560546875,104.71217346191406
2025-07-22,227.47000122070312,190.7957000732422,213.3687744140625,501.26611328125,285.9593811035156,105.1870346069336
2025-07-23,228.2899932861328,189.68887329101562,213.11997985839844,501.861328125,291.1893615722656,106.53408813476562
2025-07-24,232.22999572753906,191.62335205078125,212.73182678222656,506.8316650390625,290.9832763671875,107.3675308227539
2025-07-25,231.44000244140625,192.63046264648438,212.8512725830078,509.63922119140625,293.014404296875,106.98957824707031
2025-07-28,232.7899932861328,192.0321807861328,213.02047729492188,508.4388427734375,292.6808166503906,107.99744415283203
2025-07-29,231.00999450683594,195.19314575195312,210.2538299560547,508.50823974609375,291.4640808105469,109.3929672241211
2025-07-30,230.19000244140625,195.970947265625,208.04449462890625,509.1729431152344,294.0054626464844,108.44324493408203
2025-07-31,234.11000061035156,191.35411071777344,206.57164001464844,529.2723999023438,290.6790771484375,108.19127655029297
2025-08-01,214.75,188.59201049804688,201.40660095214844,519.956787109375,283.9380798339844,106.25305938720703
2025-08-04,211.64999389648438,194.48516845703125,202.37193298339844,531.3955078125,288.7362365722656,104.05318450927734
2025-08-05,213.75,194.11622619628906,201.94398498535156,523.5679321289062,285.9005126953125,103.92720031738281
2025-08-06,222.30999755859375,195.5321807861328,212.2243194580078,520.7802124023438,285.8808898925781,103.2197494506836
2025-08-07,223.1300048828125,195.96096801757812,218.97169494628906,516.7127685546875,281.5537109375,102.67704772949219
2025-08-08,222.69000244140625,200.84703063964844,228.2468719482422,517.9031372070312,283.3395080566406,103.50079345703125
2025-08-11,221.3000030517578,200.42822265625,226.3438720703125,517.6353759765625,284.1244812011719,102.56075286865234
2025-08-12,221.47000122070312,202.76156616210938,228.80479431152344,525.046142578125,287.35272216796875,102.85148620605469
2025-08-13,224.55999755859375,201.38551330566406,232.47125244140625,516.454833984375,285.0762939453125,104.27606964111328
2025-08-14,230.97999572753906,202.3627166748047,231.92327880859375,518.3397216796875,288.6381530761719,104.0628662109375
2025-08-15,231.02999877929688,203.31996154785156,230.73764038085938,516.0480346679688,285.03704833984375,104.16068267822266
2025-08-18,231.49000549316406,202.92112731933594,230.0402374267578,513.0023803710938,286.0574951171875,104.38565826416016
2025-08-19,228.00999450683594,200.9966278076172,229.71144104003906,505.73040771484375,285.2038269042969,105.07034301757812
2025-08-20,223.80999755859375,198.7530059814453,225.17819213867188,501.7125549316406,286.754150390625,106.15606689453125
2025-08-21,221.9499969482422,199.1817626953125,224.07228088378906,501.0666198730469,285.9986572265625,106.84075927734375
2025-08-22,228.83999633789062,205.5037384033203,226.9217529296875,504.037841796875,290.6790771484375,108.84590911865234
2025-08-25,227.94000244140625,207.8969268798828,226.32395935058594,501.0865173339844,289.3642272949219,109.29583740234375
2025-08-26,228.7100067138672,206.55075073242188,228.46604919433594,498.8804626464844,292.96539306640625,109.05130767822266
2025-08-27,229.1199951171875,206.8897705078125,229.64170837402344,503.5509033203125,293.6620178222656,110.28375244140625
2025-08-28,231.60000610351562,211.0379638671875,231.7041015625,506.4326477050781,295.4184265136719,110.8706283569336
2025-08-29,229.0,212.30433654785156,231.28562927246094,503.501220703125,295.7618713378906,111.7900619506836
2025-09-02,225.33999633789062,210.748779296875,228.8745574951172,501.9410705566406,294.0741882324219,112.18132019042969
2025-09-03,225.99000549316406,230.0038604736328,237.59234619140625,502.16961669921875,293.8876953125,109.46212768554688
2025-09-04,235.67999267578125,231.63919067382812,238.8975067138672,504.7731628417969,298.1167907714844,109.94140625
2025-09-05,232.3300018310547,234.33151245117188,238.80784606933594,491.8847961425781,288.85400390625,106.84075927734375
2025-09-08,235.83999633789062,233.5829620361328,237.0045166015625,495.0646667480469,287.4115905761719,107.44718170166016
2025-09-09,238.24000549316406,239.1620635986328,233.4875030517578,495.2733154296875,292.2588806152344,108.22969055175781
2025-09-10,230.3300018310547,238.70294189453125,225.955322265625,497.2209777832031,294.8984069824219,110.03922271728516
2025-09-11,229.9499969482422,239.90060424804688,229.1833953857422,497.8569641113281,299.8241271972656,109.68709564208984
2025-09-12,228.14999389648438,240.3297576904297,233.2085418701172,506.6910095214844,301.1488037109375,109.7066650390625
2025-09-15,231.42999267578125,251.11865234375,235.82884216308594,512.1166381835938,303.1014404296875,109.89250183105469
2025-09-16,234.0500030517578,250.66954040527344,237.2735137939453,505.83642578125,303.3860168457031,112.17153930664062
2025-09-17,231.6199951171875,249.04270935058594,238.1104278564453,506.81024169921875,305.8979187011719,112.76819610595703
2025-09-18,231.22999572753906,251.537841796875,237.0045166015625,505.2501220703125,307.3501892089844,111.43794250488281
2025-09-19,231.47999572753906,254.22259521484375,244.59645080566406,514.6704711914062,308.8710632324219,110.35222625732422
2025-09-22,227.6300048828125,252.03684997558594,255.13751220703125,511.21240234375,306.5749816894531,109.56971740722656
2025-09-23,220.7100067138672,251.16856384277344,253.49359130859375,506.0252380371094,306.8693542480469,111.45750427246094
2025-09-24,220.2100067138672,246.65737915039062,251.3813934326172,506.9394226074219,307.5365905761719,112.05415344238281
2025-09-25,218.14999389648438,245.3100128173828,255.9246063232422,503.8390808105469,307.5660400390625,113.06163024902344
2025-09-26,219.77999877929688,246.0585479736328,254.51980590820312,508.2411804199219,310.1270446777344,114.6559829711914
2025-09-29,222.1699981689453,243.5734100341797,253.49359130859375,511.3614196777344,309.7640075683594,111.72160339355469
2025-09-30,219.57000732421875,242.6252899169922,253.69287109375,514.6903686523438,309.50885009765625,110.28375244140625
2025-10-01,220.6300048828125,244.4217529296875,254.50985717773438,516.4392700195312,304.8774719238281,109.54037475585938
2025-10-02,222.41000366210938,245.210205078125,256.18365478515625,512.4942626953125,301.77679443359375,108.8556900024414
2025-10-03,219.50999450683594,244.8708953857422,257.07037353515625,514.0940551757812,304.2102355957031,110.78260803222656
2025-10-06,220.89999389648438,249.94094848632812,255.74526977539062,525.2435302734375,304.8511047363281,111.70204162597656
2025-10-07,221.77999877929688,245.2800750732422,255.53607177734375,520.682373046875,303.3819885253906,111.76072692871094
2025-10-08,225.22000122070312,244.14230346679688,257.1102600097656,521.5469360351562,299.7732238769531,111.52597045898438
2025-10-09,227.74000549316406,241.05833435058594,253.1050262451172,519.1123657226562,301.25225830078125,110.44026184082031
2025-10-10,216.3699951171875,236.10804748535156,244.3673095703125,507.74432373046875,296.6772155761719,108.30793762207031
2025-10-13,220.07000732421875,243.6732177734375,246.74851989746094,510.8149108886719,303.6580505371094,109.78490447998047
2025-10-14,216.38999938964844,244.97067260742188,246.8581085205078,510.337890625,297.85052490234375,109.83381652832031
2025-10-15,215.57000732421875,250.53977966308594,248.42233276367188,510.1988220214844,301.40997314453125,109.16868591308594
2025-10-16,214.47000122070312,250.9689483642578,246.53929138183594,508.3902282714844,294.360107421875,108.21991729736328
2025-10-17,213.0399932861328,252.8053436279297,251.36146545410156,510.3478698730469,293.3938293457031,109.78490447998047
2025-10-20,216.47999572753906,256.04901123046875,261.27484130859375,513.5376586914062,298.1266174316406,110.2348403930664
2025-10-21,222.02999877929688,249.9709014892578,261.8028564453125,514.4021606445312,292.9303894042969,110.24462890625
2025-10-22,217.9499969482422,251.19850158691406,257.4988098144531,517.2639770507812,289.9920959472656,112.20088195800781
2025-10-23,221.08999633789062,252.58580017089844,258.6246032714844,517.283935546875,290.4161071777344,113.44310760498047
2025-10-24,224.2100067138672,259.4124450683594,261.8527526855469,520.3147583007812,296.2334899902344,112.86600494384766
2025-10-27,226.97000122070312,268.744140625,267.8206787109375,528.1749877929688,299.8915710449219,113.40398406982422
2025-10-28,229.25,266.94769287109375,268.0099792480469,538.6585083007812,301.0845947265625,112.51387786865234
2025-10-29,230.3000030517578,274.0338439941406,268.7073974609375,538.1417846679688,301.2325134277344,113.90281677246094
2025-10-30,222.86000061035156,280.93035888671875,270.401123046875,522.4512329101562,305.10748291015625,112.18132019042969
2025-10-31,244.22000122070312,280.640869140625,269.37493896484375,514.5512084960938,306.7639465332031,111.85853576660156
2025-11-03,254.0,283.16595458984375,268.05975341796875,513.776123046875,305.01873779296875,111.27166748046875
2025-11-04,249.32000732421875,276.9980163574219,269.0461730957031,511.0931091308594,304.920166015625,111.64334869384766
2025-11-05,250.1999969482422,283.7547607421875,269.14581298828125,503.96826171875,307.3161315917969,111.19341278076172
2025-11-06,243.0399932861328,284.1939392089844,268.7771301269531,493.9715576171875,309.0317687988281,111.9954833984375
2025-11-07,244.41000366210938,278.2854919433594,267.48193359375,493.6933288574219,309.8106689453125,114.6559829711914
2025-11-10,248.39999389648438,289.5334777832031,268.6986083984375,502.8155822753906,312.4531555175781,115.63410949707031
2025-11-11,249.10000610351562,290.74114990234375,274.5028076171875,505.4786682128906,311.2009582519531,117.15998077392578
2025-11-12,244.1999969482422,286.15008544921875,272.7276306152344,507.9231872558594,315.92388916015625,115.53630065917969
2025-11-13,237.5800018310547,278.0260009765625,272.2090759277344,500.12261962890625,305.1469421386719,116.19164276123047
2025-11-14,234.69000244140625,275.8702392578125,271.6705017089844,506.96923828125,299.3591003417969,117.70126342773438
2025-11-17,232.8699951171875,284.46337890625,266.73394775390625,504.2961730957031,296.1644592285156,116.11270141601562
2025-11-18,222.5500030517578,283.724853515625,266.71405029296875,490.6824035644531,295.2179260253906,117.4447250366211
2025-11-19,222.69000244140625,292.2381896972656,267.8309631347656,484.05438232421875,299.02386474609375,115.78709411621094
2025-11-20,217.13999938964844,288.884765625,265.5272521972656,476.3088684082031,294.2023620605469,115.46148681640625
2025-11-21,220.69000244140625,299.0748291015625,270.75299072265625,470.0268249511719,293.84735107421875,115.52069091796875
2025-11-24,226.27999877929688,317.9578552246094,275.1710205078125,471.8985290527344,293.8276672363281,114.42547607421875
2025-11-25,229.6699981689453,322.8083801269531,276.2181701660156,474.8752136230469,298.7576599121094,112.98491668701172
2025-11-26,229.16000366210938,319.3252258300781,276.79656982421875,483.3475036621094,303.33270263671875,113.241455078125
2025-11-28,233.22000122070312,319.5547790527344,278.0930480957031,489.82867431640625,308.6965026855469,114.37614440917969
2025-12-01,233.8800048828125,314.2751159667969,282.3315124511719,484.5820007324219,304.59478759765625,115.0766830444336
2025-12-02,234.4199981689453,315.1932678222656,285.4131164550781,487.82757568359375,303.5693054199219,113.84333038330078
2025-12-03,232.3800048828125,319.00579833984375,283.378662109375,475.6119689941406,307.75982666015625,116.2311019897461
2025-12-04,229.11000061035156,316.999755859375,279.9380187988281,478.7081604003906,311.6742248535156,115.57989501953125
2025-12-05,229.52999877929688,320.642578125,278.02325439453125,481.01788330078125,310.6290588378906,114.98788452148438
2025-12-08,226.88999938964844,313.31219482421875,277.1356506347656,488.8430480957031,310.79669189453125,114.43534851074219
2025-12-09,227.9199981689453,316.66778564453125,276.4275817871094,489.8385925292969,296.30255126953125,116.67510986328125
2025-12-10,231.77999877929688,319.7937316894531,278.02325439453125,476.4382629394531,305.7680969238281,117.94792938232422
2025-12-11,230.27999877929688,312.0238342285156,277.2752685546875,481.3265075683594,312.9363098144531,117.94792938232422
2025-12-12,226.19000244140625,308.887939453125,277.5246276855469,476.4084167480469,314.06036376953125,117.23751831054688
2025-12-15,222.5399932861328,307.8193054199219,273.3658752441406,472.7148742675781,315.5393371582031,116.19164276123047
2025-12-16,222.55999755859375,306.1714782714844,273.8645324707031,474.2779235839844,311.1319274902344,113.15265655517578
2025-12-17,221.27000427246094,296.3342590332031,271.10205078125,474.00909423828125,310.5699157714844,115.84630584716797
2025-12-18,226.75999450683594,302.0668029785156,271.4511413574219,481.8342590332031,308.6176452636719,114.98788452148438
2025-12-19,227.35000610351562,306.7607116699219,272.9271240234375,483.7656555175781,312.7686767578125,115.1358871459961
2025-12-22,228.42999267578125,309.3772888183594,270.23443603515625,482.7701110839844,318.56634521484375,116.5764389038086
2025-12-23,232.13999938964844,313.94134521484375,271.62066650390625,484.6915588378906,321.3666076660156,117.82952117919922
2025-12-24,232.3800048828125,313.68170166015625,273.06671142578125,485.8563232421875,324.561279296875,117.63219451904297
2025-12-26,232.52000427246094,313.1024475097656,272.6578063964844,485.5477294921875,323.3188781738281,117.5236587524414
2025-12-29,232.07000732421875,313.1523742675781,273.0168762207031,484.9404296875,319.2171325683594,118.92474365234375
2025-12-30,232.52999877929688,313.4420166015625,272.33868408203125,485.3187561035156,318.89178466796875,119.37861633300781
2025-12-31,230.82000732421875,312.5931091308594,271.12200927734375,481.4758605957031,317.70855712890625,118.73727416992188
2026-01-02,226.5,314.7403259277344,270.2743225097656,470.84320068359375,320.92291259765625,121.01651000976562
2026-01-05,233.05999755859375,316.1285400390625,266.5345153808594,470.75360107421875,329.3630676269531,123.69041442871094
2026-01-06,240.92999267578125,313.9313659667969,261.6477966308594,476.3885192871094,331.41326904296875,119.43782806396484
2026-01-07,241.55999755859375,321.5614318847656,259.623291015625,481.3265075683594,323.8660583496094,116.91191101074219
2026-01-08,246.2899932861328,325.0169372558594,258.3368225097656,475.9902648925781,326.63934326171875,121.2730484008789
2026-01-09,247.3800048828125,328.14288330078125,258.6659240722656,477.15509033203125,326.0450744628906,122.95040893554688
2026-01-12,246.47000122070312,331.4285583496094,259.54351806640625,475.06439208984375,321.3899841308594,122.37812805175781
2026-01-13,242.60000610351562,335.53326416015625,260.3413391113281,468.5832824707031,307.9298095703125,124.85469818115234
2026-01-14,236.64999389648438,335.4034118652344,259.25433349609375,457.3433532714844,304.9287414550781,128.4659423828125
2026-01-15,238.17999267578125,332.3473815917969,257.5090637207031,454.6354064941406,306.30548095703125,127.41021728515625
2026-01-16,239.1199951171875,329.5710144042969,254.8363494873047,457.8211975097656,309.48480224609375,128.1600799560547
2026-01-20,231.0,321.5814208984375,246.0303192138672,452.5048522949219,299.8477478027344,128.72250366210938
2026-01-21,231.30999755859375,327.953125,246.97775268554688,442.1409912109375,299.15447998046875,131.83055114746094
2026-01-22,234.33999633789062,330.1103210449219,247.67584228515625,449.1398620605469,300.729248046875,131.8601531982422
2026-01-23,239.16000366210938,327.5036926269531,247.36668395996094,463.8841857910156,294.875732421875,133.1724395751953
2026-01-26,238.4199981689453,332.8267822265625,254.7166748046875,468.1949768066406,298.1640319824219,133.04415893554688
2026-01-27,244.67999267578125,334.1150817871094,257.5688781738281,478.4493408203125,297.44097900390625,135.0076446533203
2026-01-28,243.00999450683594,335.5732116699219,255.743896484375,479.4946594238281,297.89654541015625,135.74766540527344
2026-01-29,241.72999572753906,337.8102722167969,257.5788879394531,431.57806396484375,303.49261474609375,138.63864135742188
2026-01-30,239.3000030517578,337.56060791015625,258.775634765625,428.3822937011719,302.9676818847656,139.51678466796875
2026-02-02,242.9600067138672,343.24322509765625,269.2770690917969,421.49298095703125,305.1961669921875,136.55673217773438
2026-02-03,238.6199951171875,339.26837158203125,268.7485046386719,409.3868713378906,311.8420715332031,141.8157501220703
2026-02-04,232.99000549316406,332.6070556640625,275.7394104003906,412.35369873046875,314.23895263671875,145.6243438720703
2026-02-05,222.69000244140625,330.8193664550781,275.1610412597656,391.9246520996094,307.1968688964844,144.1344757080078
2026-02-06,210.32000732421875,322.4402770996094,277.364990234375,399.3615417480469,319.3199462890625,147.06491088867188
2026-02-09,208.72000122070312,323.8984069824219,274.13079833984375,411.76629638671875,319.0228271484375,149.19613647460938
2026-02-10,206.9600067138672,318.16583251953125,273.19244384765625,411.437744140625,315.2392883300781,149.57107543945312
2026-02-11,204.0800018310547,310.5557556152344,275.00921630859375,402.5771789550781,307.8505554199219,153.4882049560547
2026-02-12,199.60000610351562,308.5982971191406,261.2637634277344,400.05841064453125,299.7487487792969,148.91920471191406
2026-02-13,198.7899932861328,305.32257080078125,255.32435607910156,399.5407409667969,299.6595764160156,147.44918823242188
2026-02-17,201.14999389648438,301.6273498535156,263.4099426269531,395.1004943847656,304.1958312988281,145.20443725585938
2026-02-18,204.7899932861328,302.9356689453125,263.8791198730469,397.8283386230469,305.8300476074219,149.66415405273438
2026-02-19,204.86000061035156,302.456298828125,260.11578369140625,397.5988464355469,305.10699462890625,149.95220947265625
2026-02-20,210.11000061035156,314.5705261230469,264.1086730957031,396.37152099609375,307.82086181640625,146.28707885742188
2026-02-23,205.27000427246094,311.0850524902344,265.705810546875,383.6390686035156,294.8262023925781,149.74362182617188
2026-02-24,208.55999755859375,310.495849609375,271.6552429199219,388.1593017578125,294.459716796875,148.25372314453125
2026-02-25,210.63999938964844,312.49322509765625,273.74151611328125,399.7342224121094,300.40240478515625,148.05508422851562
2026-02-26,207.9199981689453,306.9804382324219,272.4637756347656,400.851806640625,303.20538330078125,147.53857421875
2026-02-27,210.0,311.354736328125,263.70941162109375,391.8912048339844,297.4310607910156,151.47189331054688
2026-03-02,208.38999938964844,306.12152099609375,264.2484130859375,397.6886291503906,294.7172546386719,153.1802978515625
2026-03-03,208.72999572753906,303.1853332519531,263.2801818847656,403.0570068359375,297.3914489746094,150.80641174316406
2026-03-04,216.82000732421875,302.7359619140625,262.0523376464844,404.32427978515625,296.52978515625,148.80996704101562
2026-03-05,218.94000244140625,300.4888610839844,259.8263244628906,409.79241943359375,290.74554443359375,149.74362182617188
2026-03-06,213.2100067138672,298.1319274902344,257.0013427734375,408.0761413574219,286.7144470214844,150.1905975341797
2026-03-09,213.49000549316406,306.1770935058594,259.41705322265625,408.5251770019531,287.1502685546875,149.42578125
2026-03-10,214.3300018310547,306.8567199707031,260.3653564453125,404.8830871582031,285.97161865234375,147.13136291503906
2026-03-11,212.64999389648438,308.5157470703125,260.34539794921875,404.0049743652344,284.77313232421875,150.55809020996094
2026-03-12,209.52999877929688,303.3687744140625,255.3043975830078,400.9914855957031,280.1874084472656,152.4949493408203
2026-03-13,207.6699981689453,302.09954833984375,249.6744384765625,394.69512939453125,280.7321472167969,155.06747436523438
2026-03-16,211.74000549316406,305.3775939941406,252.36964416503906,399.08563232421875,283.4261474609375,156.1699981689453
2026-03-17,215.1999969482422,310.7344055175781,253.77711486816406,398.5467834472656,284.1492004394531,157.73934936523438
2026-03-18,209.8699951171875,307.5063171386719,249.49476623535156,390.9432678222656,284.9910583496094,156.52757263183594
2026-03-19,208.75999450683594,306.9466552734375,248.5165252685547,388.1792297363281,285.2188415527344,157.09373474121094
2026-03-20,205.3699951171875,300.8203125,247.54823303222656,381.0447082519531,283.8223571777344,158.5935516357422
2026-03-23,210.13999938964844,301.87969970703125,251.04200744628906,382.1722717285156,287.14031982421875,160.04371643066406
2026-03-24,207.24000549316406,290.2666320800781,251.1917266845703,371.9344177246094,289.6065368652344,164.2650604248047
2026-03-25,211.7100067138672,290.7563171386719,252.16998291015625,370.2381286621094,292.59771728515625,162.1593475341797
2026-03-26,207.5399932861328,280.7523193359375,252.43951416015625,365.1790771484375,288.8736267089844,164.31471252441406
2026-03-27,199.33999633789062,274.1762390136719,248.35679626464844,355.9989318847656,280.13787841796875,169.8372344970703
2026-03-30,200.9499969482422,273.33673095703125,246.19065856933594,358.1842041015625,281.0589904785156,170.31399536132812
2026-03-31,208.27000427246094,287.3883361816406,253.33790588378906,369.3699951171875,291.3497314453125,168.51620483398438
2026-04-01,210.57000732421875,297.2124938964844,255.1746368408203,368.57171630859375,292.5580749511719,159.69607543945312
2026-04-02,209.77000427246094,295.59344482421875,255.464111328125,372.6528625488281,291.7855224609375,159.60667419433594
2026-04-06,212.7899932861328,299.8109130859375,258.39886474609375,372.0741271972656,294.125,162.2686004638672
2026-04-07,213.77000427246094,305.27764892578125,253.0484161376953,371.48541259765625,296.0662536621094,162.8049774169922
2026-04-08,221.25,317.1305847167969,258.4388122558594,373.52099609375,306.5888366699219,155.16680908203125
2026-04-09,233.64999389648438,318.29986572265625,260.0259704589844,372.26373291015625,308.938232421875,153.99476623535156
2026-04-10,238.3800048828125,317.0506286621094,260.0159912109375,370.0684814453125,308.4803161621094,151.4818115234375
2026-04-13,239.88999938964844,321.1181945800781,258.73828125,383.539306640625,312.2732238769531,151.61094665527344
2026-04-14,249.02000427246094,332.7112731933594,258.3689270019531,392.2604064941406,309.7247009277344,148.23387145996094
2026-04-15,248.5,336.91876220703125,265.95538330078125,410.3312683105469,304.5579833984375,148.0054168701172
2026-04-16,249.6999969482422,335.81939697265625,262.9307861328125,419.35174560546875,308.5599670410156,150.9553985595703
2026-04-17,250.55999755859375,341.4760437011719,269.7486267089844,421.87628173828125,308.8984375,145.45274353027344
2026-04-20,248.27999877929688,337.2185974121094,272.5635681152344,417.1664733886719,315.5683898925781,146.6843719482422
2026-04-21,249.91000366210938,332.0916442871094,265.69586181640625,423.2433166503906,311.5962829589844,147.35980224609375
2026-04-22,255.36000061035156,339.1174621582031,272.68341064453125,431.984375,311.6161804199219,148.4921112060547
2026-04-23,255.0800018310547,338.6877136230469,272.9429016113281,414.8514709472656,310.29217529296875,149.51516723632812
2026-04-24,263.989990234375,344.19439697265625,270.5771179199219,423.7023010253906,306.8974609375,147.90609741210938
2026-04-27,261.1199951171875,350.130859375,267.1332702636719,423.9018859863281,310.232421875,147.19094848632812
2026-04-28,259.70001220703125,349.5711975097656,270.2277526855469,428.3222961425781,310.0532531738281,149.5449676513672
2026-04-29,263.0400085449219,349.7311096191406,269.688720703125,423.5426330566406,307.86309814453125,153.62725830078125
2026-04-30,265.05999755859375,384.5702819824219,270.86663818359375,406.8987121582031,311.82525634765625,153.28955078125
2026-05-01,268.260009765625,385.45977783203125,279.6409912109375,413.5443115234375,311.06866455078125,151.72019958496094
2026-05-04,272.04998779296875,383.0212097167969,276.3368225097656,412.72607421875,306.270263671875,152.65386962890625
2026-05-05,273.54998779296875,388.1981201171875,283.67376708984375,410.4909362792969,308.0124206542969,153.83584594726562
2026-05-06,274.989990234375,397.8023986816406,286.99786376953125,413.0653381347656,313.4877624511719,147.6875762939453
2026-05-07,271.1700134277344,397.7524108886719,286.927978515625,419.8606262207031,304.8964538574219,145.591796875
2026-05-08,272.67999267578125,400.56072998046875,292.7974853515625,414.22283935546875,300.74517822265625,143.59535217285156
2026-05-11,268.989990234375,388.40802001953125,292.42779541015625,411.7681579589844,298.6545715332031,148.6708984375
2026-05-12,265.82000732421875,387.1187744140625,294.54595947265625,406.8887023925781,303.5126953125,149.614501953125
2026-05-13,270.1300048828125,402.3796691894531,298.6124572753906,404.3342590332031,298.9034729003906,150.5481719970703
2026-05-14,267.2200012207031,400.8305969238281,297.9530334472656,408.5451354980469,298.56500244140625,151.75
2026-05-15,264.1400146484375,396.54315185546875,299.9713134765625,421.0081481933594,296.4743957519531,157.9199981689453
2026-05-18,264.8599853515625,396.70306396484375,297.5833435058594,422.6246643066406,299.3813171386719,160.49000549316406
2026-05-19,259.3399963378906,387.4285888671875,298.7123718261719,416.51788330078125,294.3738708496094,162.5500030517578
2026-05-20,265.010009765625,388.6778564453125,301.98956298828125,420.1499938964844,300.625732421875,156.27999877929688
2026-05-21,268.4599914550781,387.4285888671875,304.7271728515625,419.0899963378906,301.6411437988281,155.2899932861328
2026-05-22,266.32000732421875,382.74139404296875,308.55389404296875,418.57000732421875,305.0059814453125,154.9199981689453
2026-05-26,265.2900085449219,388.6478576660156,308.0643005371094,416.0299987792969,305.3643493652344,149.80999755859375
2026-05-27,271.8500061035156,388.5978698730469,310.5821533203125,412.6700134277344,297.93780517578125,147.89999389648438
2026-05-28,274.0,389.8971252441406,312.24072265625,426.989990234375,295.3992614746094,146.9600067138672
2026-05-29,270.6400146484375,380.1129455566406,311.7911071777344,450.239990234375,297.9676818847656,145.25999450683594
2026-06-01,261.260009765625,376.14532470703125,306.0460510253906,460.5199890136719,295.2499084472656,149.3800048828125
2026-06-02,256.5199890136719,361.6340026855469,314.92840576171875,441.30999755859375,299.6102600097656,149.55999755859375
2026-06-03,250.02000427246094,358.77569580078125,309.9926452636719,427.3399963378906,299.50079345703125,152.52999877929688
2026-06-04,253.7899932861328,371.96783447265625,310.9618225097656,428.04998779296875,309.4957580566406,152.0399932861328
2026-06-05,246.02999877929688,368.30999755859375,307.0751647949219,416.6700134277344,310.9691162109375,149.9199981689453
2026-06-08,245.22000122070312,363.30999755859375,301.2801818847656,411.739990234375,309.7147521972656,151.75
2026-06-09,244.19000244140625,364.260009765625,290.29962158203125,403.4100036621094,311.2976379394531,148.91000366210938
2026-06-10,238.0,356.3800048828125,291.3287353515625,397.3599853515625,307.75360107421875,150.6199951171875
2026-06-11,241.50999450683594,357.7699890136719,295.375244140625,390.3399963378906,312.0840759277344,146.60000610351562
2026-06-12,238.5500030517578,359.67999267578125,290.879150390625,390.739990234375,319.28167724609375,147.00999450683594
2026-06-15,246.02000427246094,369.3500061035156,296.1645812988281,399.760009765625,317.96759033203125,140.9199981689453
2026-06-16,246.0,373.25,298.9821472167969,393.8299865722656,329.6549377441406,141.86000061035156
2026-06-17,237.5,363.7900085449219,295.6949768066406,378.9100036621094,331.9645080566406,140.74000549316406
2026-06-18,244.38999938964844,368.0299987792969,297.7532043457031,379.3999938964844,323.761474609375,137.80999755859375
2026-06-22,232.7899932861328,349.67999267578125,296.75408935546875,367.3399963378906,329.993408203125,138.47000122070312
2026-06-23,234.11000061035156,346.1300048828125,294.04638671875,373.94000244140625,332.6414794921875,139.72999572753906
2026-06-24,234.27000427246094,345.2900085449219,292.8274230957031,365.4599914550781,331.95458984375,136.89999389648438
2026-06-25,227.00999450683594,343.7099914550781,274.91290283203125,352.8299865722656,333.6170654296875,137.5500030517578
2026-06-26,232.69000244140625,337.3900146484375,283.53546142578125,372.9700012207031,327.57427978515625,136.5399932861328
2026-06-29,240.13999938964844,353.6499938964844,281.4972229003906,368.57000732421875,327.91278076171875,136.05999755859375
2026-06-30,238.33999633789062,357.3699951171875,289.11065673828125,373.0199890136719,325.86199951171875,136.72000122070312
2026-07-01,241.6999969482422,361.2099914550781,294.1263427734375,384.2799987792969,332.5718078613281,136.27999877929688
2026-07-02,242.6699981689453,359.9100036621094,308.3640441894531,390.489990234375,332.9700012207031,137.08999633789062
2026-07-06,244.16000366210938,366.4599914550781,312.3905944824219,386.739990234375,337.7200012207031,136.44000244140625
2026-07-07,245.97999572753906,367.0299987792969,310.3923034667969,388.8399963378906,339.2200012207031,141.69000244140625
2026-07-08,243.6199951171875,361.9200134277344,313.1199645996094,383.3399963378906,330.6199951171875,141.1300048828125
2026-07-09,247.0399932861328,358.8900146484375,315.947509765625,384.3599853515625,335.4700012207031,137.4600067138672
2026-07-10,245.33999633789062,357.17999267578125,315.0483093261719,385.1000061035156,336.4700012207031,138.8800048828125
2026-07-13,247.30999755859375,352.510009765625,317.03656005859375,390.989990234375,334.5299987792969,144.50999450683594
2026-07-14,247.49000549316406,359.510009765625,314.58868408203125,384.92999267578125,342.8900146484375,145.08999633789062
2026-07-15,254.9600067138672,370.9200134277344,327.2178039550781,395.6300048828125,346.9100036621094,144.50999450683594
2026-07-16,249.88999938964844,354.4599914550781,332.97283935546875,401.1000061035156,343.1499938964844,145.9499969482422
2026-07-17,247.22999572753906,346.7699890136719,333.452392578125,393.82000732421875,341.1000061035156,147.36000061035156
2026-07-20,249.99000549316406,351.989990234375,326.3085632324219,402.2900085449219,338.8699951171875,148.36000061035156
2026-07-21,247.5500030517578,347.1499938964844,327.45758056640625,397.75,345.2300109863281,151.7100067138672
2026-07-22,244.85000610351562,342.0899963378906,325.60919189453125,390.3399963378906,348.2099914550781,154.4499969482422
2026-07-23,233.66000366210938,317.69000244140625,321.3828430175781,381.5799865722656,349.8999938964844,156.88999938964844
2026-07-24,232.11000061035156,319.739990234375,332.7330322265625,381.70001220703125,353.2099914550781,156.94000244140625
2026-07-27,231.38999938964844,326.55999755859375,336.61968994140625,389.1000061035156,356.20001220703125,154.77000427246094
2026-07-28,230.86000061035156,333.7099914550781,339.78692626953125,393.3500061035156,357.30999755859375,153.0399932861328
2026-07-29,226.64999389648438,336.7099914550781,337.8985900878906,390.5400085449219,344.7099914550781,156.75
2026-07-30,235.5,333.6600036621094,333.1426696777344,451.1000061035156,350.8500061035156,156.97000122070312
2026-07-31,271.5799865722656,356.1300048828125,308.6438293457031,464.7200012207031,351.7900085449219,155.44000244140625
2026-08-03,284.0199890136719,373.510009765625,303.1585693359375,487.6499938964844,352.6400146484375,155.05999755859375
2026-08-04,277.4200134277344,377.6499938964844,309.1134033203125,492.80999755859375,357.5199890136719,153.9600067138672
2026-08-05,272.6499938964844,362.42999267578125,310.7320251464844,487.4599914550781,359.239990234375,151.6300048828125
2026-08-06,272.260009765625,357.75,312.14080810546875,499.8599853515625,356.29998779296875,154.83999633789062
2026-08-07,274.4800109863281,354.29998779296875,313.05999755859375,499.989990234375,357.5199890136719,153.0399932861328
2026-08-10,278.0899963378906,357.5199890136719,308.260009765625,506.05999755859375,359.7900085449219,159.7899932861328
2026-08-11,272.2699890136719,343.79998779296875,304.9100036621094,503.80999755859375,362.0400085449219,159.8000030517578
2026-08-12,267.2799987792969,343.5400085449219,302.25,492.42999267578125,365.17999267578125,159.75
