Date,AAPL,MSFT,GOOGL,AMZN,JPM,XOM
2021-08-16,0.0015239472057770875,0.004225656258746158,0.013548243182387676,0.005975664088454513,-0.006563121416611306,-0.014620636239200291
2021-08-17,-0.01728702615047184,-0.011915301123636035,-0.006153802515786677,-0.005159435839507953,-0.012080853686241788,-0.006792776008901491
2021-08-18,-0.012566487390164305,-0.008872177029461303,-0.02550123765212331,-0.006119077063893252,-0.009107478354953291,-0.02105825142965634
2021-08-19,-0.0042078187123096855,0.0017054666194631363,0.002322990487101162,0.02077522636268725,-0.008356139763748271,-0.030520479952491186
2021-08-20,0.003827154714335368,0.01289436723509163,0.010156818357774045,0.025575440185299447,0.0028521900452773696,0.0001897970713009567
2021-08-23,0.02060035500127988,0.019006053149292157,0.010257279160187371,0.0009526950811589163,0.012797290106593362,0.041144923669129474
2021-08-24,0.012220318769066596,0.008711573168310727,-0.0006015829248675608,-0.006663247479651968,0.0061901164936797315,0.008195534780768954
2021-08-25,-0.0019965141547840792,0.005787163166507181,-0.008421166215460518,-0.0020158757160861906,0.02061272703682926,0.0018062531061417975
2021-08-26,0.005098257262930783,-0.0044936593722983975,-0.0055270989816370575,-0.009668341216359289,0.005157800342900476,-0.013523328327679107
2021-08-27,0.01014175672465778,0.018124015357029233,0.007184467460640498,0.0021062030161955736,0.008037179774047276,0.019374948664958813
2021-08-30,0.021476998866989616,0.004072800058324777,0.030417220201673922,0.01291213658241741,-0.01600739075129476,-0.010937702702637053
2021-08-31,0.01438520002272603,0.0007399444477389494,-0.00842463477719646,-0.005632711144862523,-0.003053950320036969,-0.011602720783658538
2021-09-01,0.0023654092095504176,0.0035799597576351427,0.0044787025930046465,-0.00016569421196266365,-0.0014379751718197609,-0.013756406884540384
2021-09-02,-0.004564478889317991,-0.013280333274074518,0.007474817496796682,-0.0022527001012941916,0.004632809943061922,0.02436311451423956
2021-09-03,0.004311086264728647,0.0031580629014793526,0.0042303685050189,-3.319808888613274e-05,-0.006045066751788064,-0.0038126519302723594
2021-09-07,0.008982024369138308,0.0037636083002867693,0.015489368915738044,-0.0031877547049841137,-0.0017553545360790013,-0.005832104336368826
2021-09-08,0.004619174430729789,-0.004085694489108449,-0.010083640793671966,9.970461845965062e-05,-0.004459532934550592,-0.009165784460257287
2021-09-09,-0.011726004336084506,-0.0010439069804315526,-0.006704737875581346,-0.009859835413917883,0.0043532815278795045,0.0007400625690021645
2021-09-10,-0.004308001431212238,-0.018566085765539753,-0.033102055023469634,-0.0051808652862913585,-0.01149561132847865,-0.0020336044026583178
2021-09-13,-0.0034532897607970625,0.010338964844678333,0.0038935366199952526,0.004328709753415705,0.015886753829710942,0.025750292326031765
2021-09-14,-0.002073980962099431,0.001489089563632362,-0.009561982374854616,0.009427806321951948,-0.01745255935246115,-0.01426772807525123
2021-09-15,0.007475391332653958,0.013224314517792601,0.006143672088512631,0.016778630069346434,0.006939467341138039,0.03371197361811218
2021-09-16,0.0035819053548502566,-0.005674185811998744,-0.0016105963657396805,0.0013120395796351048,-0.00044258358165794043,-0.010634548442331582
2021-09-17,-0.007373319866162298,-0.01956671647245123,-0.018348024832871457,-0.01752840777927467,-0.00259323555795421,-0.01182363018893895
2021-09-20,-0.03084174438431353,-0.01477624941137834,-0.02136082990991739,-0.01857461014126993,-0.029934181341989108,-0.026649856018088558
2021-09-21,-0.0036057473697842513,0.002259849889326926,0.003427601682433945,0.0016988634341568165,0.00013046059259180787,-0.0009311759212543569
2021-09-22,0.01089234819407503,0.008994216074216022,0.01687255864461079,0.012822198127712348,0.01915316347711027,0.029269122727016983
2021-09-23,0.01063594079605279,0.006647233225653526,0.006719287715171829,0.0032823737518099527,0.03380123289464043,0.03387093911150951
2021-09-24,0.0027868730462519142,0.007074484686084848,0.0006129566223180838,-0.0007008603153076942,0.011540254854178755,0.008934615024613457
2021-09-27,-0.005756835077931344,-0.008037313415064196,-0.010550067620311299,-0.017303935575291418,0.02416586979228086,0.029692722815012562
2021-09-28,-0.0263784679831095,-0.03715819505272511,-0.02380113747586854,-0.036204043381843465,-0.005389923648185135,0.01045522071032523
2021-09-29,-0.004475351789266391,-0.010870269856143477,0.006482962875424603,0.001693380669332667,-0.0007827739747956475,-0.0006674877610285401
2021-09-30,-0.0048710792439015105,-0.005042851404085558,-0.009312079811004792,-0.007324087841669935,-0.01361872468358416,-0.017702050479217357
2021-10-01,-0.0005418778291703674,0.021447581012000727,0.008127518670639322,0.02546808324762284,0.021015538515317456,0.03587205099471391
2021-10-04,-0.028471678341373097,-0.021117874611379372,-0.02460557223295201,-0.02071956324582158,-0.001077182823926215,0.012965692843741605
2021-10-05,0.00978753803838428,0.017682654344591153,0.014158265402517412,0.01995706326162261,0.01633011777269222,-0.001620126121194998
2021-10-06,0.012732016728672857,0.011336626660102711,0.006306968396865509,0.015064322636360261,0.002134672934189785,-0.01833813773725601
2021-10-07,0.012391203105561077,0.01206706951405967,0.009084807696714492,0.005936432613736775,0.006330681845686081,0.002810315045567169
2021-10-08,-0.004181805261295635,0.0040258490245801415,-0.0027220200856521437,0.0,0.0007642888824010985,0.025057638703845253
2021-10-11,-0.01286860335091844,-0.00623459261172199,-0.000629814059797007,-0.0021025834230354867,-0.021031631107874427,-0.00997096543997622
2021-10-12,0.0003172745113595443,-0.017744861063767492,-0.009102950051206649,-0.004588657723499812,-0.0076811605115713055,-0.005198229831659074
2021-10-13,0.011378601203982708,0.008303619527907369,-0.004239966189052757,0.011711513137076857,-0.026366871192683106,-0.0027760451412093268
2021-10-14,0.004743759227551214,0.02594086866698153,0.020225400949769545,0.02173393083398345,0.015341795639522537,0.015228480076791673
2021-10-15,0.03308023939004423,0.0015372168990686053,0.007512558201486774,0.004822459256084599,0.019208364457365068,0.009516092364202589
2021-10-18,0.011064772529006062,0.009974123576772298,0.011806513164353882,0.010124456046014085,-0.00036015629400720783,-0.0004793324240713881
2021-10-19,-0.0007514424560826072,0.003214604471572402,0.015080020739218325,0.0030589905837170583,0.012128460812776742,0.015025611427486485
2021-10-20,-0.008446195751808605,-0.010248721260811666,0.0033610175596341385,-0.0026603322284998177,0.013466139943114408,0.005511810407605067
2021-10-21,0.005841756945129006,0.0008253602440659868,0.0014741664513675534,0.010897574814420441,-0.007843563379197671,-0.018167471138293756
2021-10-22,-0.028954833317208384,-0.030443381639817968,-0.005285267999644128,-0.005148865051815443,0.013451173580517617,0.006859014932783625
2021-10-25,-0.004550989805058192,-0.000868702202775018,-0.00033604961161226576,-0.003331427274976484,-0.0048900362234911565,0.01948675363539132
2021-10-26,0.01677526160393561,0.01354328740280053,0.004574821170243659,0.006425866044718509,0.002691222987090569,0.023154545479428412
2021-10-27,0.004863638245470758,0.049594904811084195,-0.0031475704837660157,0.04211413922539031,-0.02082847582931069,-0.025972045649197195
2021-10-28,0.01594115275917063,-0.002520138896638824,0.02499164720483793,0.003651142232893756,0.015074779879946654,0.002806719986951922
2021-10-29,-0.021511245053778105,0.015063515181887421,-0.0181558315557675,0.02241446963492244,-0.0027589045905734855,0.002488113516966317
2021-11-01,-0.01610709978002456,-0.030727042946362193,-0.0056074338862407425,-0.006785066689738439,-0.0005297538324189333,0.017992755794796533
2021-11-02,-0.0016154097805501921,0.01348808279127467,0.007116189791246619,0.011415793957007647,0.003945903265645034,-0.01234181185045402
2021-11-03,0.021507811127532195,0.008014254243438268,0.009798668720009118,0.002611539190380041,0.000351799531740582,-0.013730303960973966
2021-11-04,0.02748232410840923,0.011388212019210364,-0.0034984132340954988,0.0073055403515174255,-0.01313537885887095,0.007508142026959597
2021-11-05,0.01207642928374364,0.003942187343449088,0.0035822002359462424,-0.001129580015848508,-0.0014261417304819446,0.009470511815860005
2021-11-08,-0.008527948857282919,0.0012026569524721253,-0.005552742847825809,0.0027671723823727845,0.00601005094822038,0.010766056478071828
2021-11-09,0.025007238016599764,-0.0007549798560135823,0.00245949072571805,-0.0030858773338093837,-0.007570905047690313,0.009738238539496402
2021-11-10,-0.026334994227121156,-0.02031323136109453,-0.019163291170053,-0.015329768338305683,-0.0009538899573039439,-0.01970058711864331
2021-11-11,-0.0027425987825921982,-0.0008704011790775512,-0.00033804583948049416,0.0049274199305056054,-5.968145484924747e-05,0.0018692529583488326
2021-11-12,0.015162029225161966,0.019973619150511324,0.014337103098914117,0.01290474661527874,-0.0044746328935614255,-0.007619321498918086
2021-11-15,0.0058238044631160335,-0.0015200680877851536,6.655111005482439e-05,-0.0019300197243566908,-0.0017980835138970974,0.008618110874009766
2021-11-16,-0.001404486161877938,-0.00387994365910338,0.006666748591636962,0.01023596570773,-0.007204360985636593,0.010097724808285635
2021-11-17,0.0023441312596286235,0.0011563578392430607,0.016490077173288098,0.0006786868400565638,-0.005382269062103262,-0.01091971582954765
2021-11-18,0.04143700734081501,0.012100906185015026,0.028535993786088953,0.0063399234033743035,-0.00863373441620452,-0.010884636106457735
2021-11-19,-0.005273114275827551,-0.006086706466641445,0.016975916086966247,0.005391351279996792,-0.013063598281280786,-0.04621914617054035
2021-11-22,-0.02828730052206352,-0.017622842962078167,0.0029276170545733393,-0.009559542507015073,0.021315146869022694,0.013845329597644174
2021-11-23,0.0020909577736383245,-0.003554061786401941,0.002421774491398798,-0.006326585652734917,0.023912065146875605,0.026337268778128253
2021-11-24,0.00010331533981333685,0.002318480143129964,0.003283751555983372,0.0006812126504593952,-0.007844093396140561,0.005544077993055119
2021-11-26,-0.021184701669844985,-0.026943664807442702,-0.03167820111928432,-0.024355923021838866,-0.030126812784105672,-0.03512931642689088
2021-11-29,0.016267432688752415,0.023543652398360537,0.021873183195280976,0.02108114336078848,-0.004322802208446275,0.005551200251156629
2021-11-30,-0.015302274022490625,-0.024963879065238115,0.031577836018575445,-0.017942386955207446,-0.014885580697774903,-0.02841372945086107
2021-12-01,-0.0180634873037836,-0.005962034395067151,-0.0032063800622110783,-0.0015425769247281451,-0.005918364917498087,-0.0008354920664001009
2021-12-02,-0.0018468889124809706,0.013573178133133856,-0.00612962758250879,-0.0017876888645872446,0.02102702656802924,0.024920405736213125
2021-12-03,-0.013839076006382012,-0.00674647655288485,-0.011724549495322534,-0.019666719004331812,-0.01811298826615204,-0.006364123199023131
2021-12-06,0.011086219388703134,0.008123116750493153,0.021502917601572635,0.009845063751787286,0.011814132110960163,0.011332124382137376
2021-12-07,0.027986504263362688,0.02874169860977327,0.03544619732954657,0.026763336166079954,0.015047382060530134,0.011204639702566244
2021-12-08,-3.689871657430732e-05,0.006226542798531298,0.0227831880712428,0.00014954862988481032,-0.011441244029509523,0.002890869825122877
2021-12-09,-0.011279643604146683,-0.0036978277599283293,-0.0029701676111738573,-0.005582597752679996,-0.001555654238973303,0.0025618505550781823
2021-12-10,-0.011247564604614624,0.0024585541920438825,0.028013164978536897,0.02833960697202298,-0.003988551313043653,0.006388794441749113
2021-12-13,-0.015356076499860039,-0.014695696718647233,-0.020674158907455165,-0.00916684169817461,-0.011888382267770892,-0.02190134644717623
2021-12-14,-0.0028071293797337082,-0.013163039613684813,-0.008023264640800165,-0.03258682913752198,0.007662085016653775,-0.001460192015900863
2021-12-15,0.024977573145925636,0.017608531100546054,0.02850909498867904,0.0192178511351766,-0.00747798461023641,-0.004387343953370149
2021-12-16,-0.025641174633125208,-0.013629945492412143,-0.03926379737386376,-0.029135051674241685,0.015638814654487465,0.0016319842733683032
2021-12-17,0.00678920370502567,-0.018830786479373418,-0.0065016150884262824,-0.003385491219954795,-0.022754278120392657,-0.021834904288579038
2021-12-20,-0.017283556389377508,-0.0008326768191831979,-0.008121990969886084,-0.012013629450822294,-0.01798922166443473,-0.014492694449985244
2021-12-21,0.019978649621920752,0.013174019574537343,0.019086770966846522,0.02306888113401251,0.013966435534117139,0.022650577687806983
2021-12-22,0.0036381058820253998,0.02050918178724137,0.015318685438819202,0.018057647835358015,0.003908057520651376,0.008099074558789665
2021-12-23,0.0001841364158221559,0.0034251497484469873,0.003643840677446608,0.004471585607332296,0.003573531907247851,0.0004918138314766729
2021-12-27,-0.008178022851368039,0.006738376146594893,0.02297476002917609,0.023185649519260165,0.0057232177901769266,0.014257853979360302
2021-12-28,0.005843719029521299,-0.008244897508878801,-0.00576713408389673,-0.003503955502836442,0.003034751952716741,-0.0032317029177779677
2021-12-29,-0.0085549217086347,-0.00021818099388526413,0.0005020350192515011,0.00205113027545889,-0.0005043700331606171,-0.008753425520430569
2021-12-30,-0.0032890070546229833,-0.0030991821203276704,-0.006578043862740635,-0.0076910491252503155,-0.000504624550661914,-0.005887125448468367
2021-12-31,-0.011429400216389607,-0.009223578109801456,-0.0035354770141396985,-0.0088413447448491,-0.000819954392748401,0.006579922549301731
2022-01-03,0.022118320898886212,0.0009630606411505926,0.025004086325001174,-0.004668140667618448,0.021155575624981937,0.03840505742063627
2022-01-04,-0.016915587005979504,-0.004083070963703306,-0.012691513334697424,-0.017147296532126655,0.037909679229879645,0.03761404768734544
2022-01-05,-0.018893091563845,-0.045876261128640405,-0.026599825757893214,-0.03838767268343091,-0.01828207525816805,0.01243750930237919
2022-01-06,-0.006710981961323137,-0.00019966790545689062,-0.016693217136403704,-0.007901992621108578,0.010624085335701361,0.02352074057606135
2022-01-07,-0.004287778294336242,-0.005302928876091073,0.0009882278189810023,0.0005099074142576043,0.00990789920144075,0.008196508519581203
2022-01-10,-0.006570176170610398,0.012060504079321133,0.0001164088372727079,0.0007323913596783971,0.0009574477001732529,-0.0059522877573547905
2022-01-11,0.024002125643924677,0.007690856840204541,0.016783601745584686,0.002259074174749909,0.0010159640849700668,0.04206201329603898
2022-01-12,-0.0009373300985386912,0.012126362527497214,0.002569999335283457,0.010445060414469243,0.005672158192842058,-0.002943005929544884
2022-01-13,-0.024169655027437842,-0.020105097002151462,-0.019027660440370298,-0.04232245020331982,-0.0012468782396821698,-0.007169067913426974
2022-01-14,0.005731487003565627,0.006447130332203566,0.005110324679348244,0.01771663650716615,-0.061463581695905156,0.01755632244652694
2022-01-18,-0.019862738846190164,-0.02496752164938254,-0.018894111830071614,-0.024339318816899103,-0.0419279275886556,0.01683599306056216
2022-01-19,-0.016477101806013472,-0.006482026172829003,-0.021024706748975608,0.002246785476369917,-0.015469006189319345,0.00041038952612759694
2022-01-20,-0.02963230963415675,-0.013388265275663058,-0.010347093654137773,-0.0057032786933186586,-0.008527638359297485,0.0021884354932382166
2022-01-21,-0.05950180896147472,-0.02217444509612565,-0.012765281033597198,-0.018468158975031734,-0.01747262276450201,-0.015012753861571526
2022-01-24,0.01332698348311534,0.0034715735099430933,-0.00486413490421489,0.0011485146522838274,-0.0008956505302356588,0.008590754642277654
2022-01-25,-0.031533745543573244,-0.029578584318795786,-0.011384826745513443,-0.026588526425778802,0.010900072258508642,0.02939969675482601
2022-01-26,-0.007954330670553511,0.01810374770061851,-0.0005632384499943965,0.028493099237445918,0.009486001469233507,-0.01014303869017319
2022-01-27,0.005508645722495764,-0.0017643294666547238,-0.0029432856979773048,0.010549232545761456,-0.017644862093059377,0.012808552453503985
2022-01-28,0.031084056738273746,0.033688785867815874,0.06977786904313277,0.028081550162258884,0.008946445379766743,0.0021299383407054062
2022-01-31,0.03886361030218932,0.014641649966291359,0.026125598328349042,0.008824100098208776,0.01357367450685154,0.009032998218760468
2022-02-01,0.010830762802234384,0.01729816653474514,-0.0009723308895911442,-0.007138851351523479,0.017160186500020158,0.06411248787203894
2022-02-02,-0.0038427158906232384,0.07523761507208304,0.007043936323567035,0.015222034648020744,-0.00800504799015811,-0.002597951057826231
2022-02-03,-0.0781276325178123,-0.03317593221107629,-0.016719682272378633,-0.038952242192168085,-0.008270318722239378,-0.011659598149755812
2022-02-04,0.13535901735711864,0.001418916287489358,-0.0016794916621718503,0.015568385954631836,0.02595835274256797,0.021711978534328935
2022-02-07,0.0018777353189827206,-0.02855684559744509,-0.004234436213810033,-0.016310253623931126,0.0033433327938814372,0.012037794876982533
2022-02-08,0.022021627828944013,0.0014223950358833726,0.018466848413484005,0.011994995549786891,0.01881451782949406,-0.0258528058374079
2022-02-09,-0.0013877341505965646,0.015731792794033472,0.008293563114177616,0.02183504183495444,0.004168191409870792,-0.004787056070454154
2022-02-10,-0.013561706274733853,-0.020989878682043384,-0.023598948506670214,-0.028373263318220765,-0.004150889707050465,-0.009620387571581346
2022-02-11,-0.03591110674363196,-0.03129047515240002,-0.020218205866501138,-0.024273833771919717,-0.013016668821393629,0.025179164313355207
2022-02-14,0.012221683270054351,0.009260356827188732,0.001423221528168428,-0.0001357243292839927,-0.009290980632106871,-0.01533451672418773
2022-02-15,0.008658352201907249,0.007987375405621666,0.0231524969273873,0.018542417086576002,0.014623993119333711,-0.012535069365270823
2022-02-16,0.010159039538768955,0.008268118173734296,-0.0013890391233378763,-0.00116728608778649,0.00180989288844291,0.004615915669089032
2022-02-17,-0.021808901106176726,-0.037745800232222404,-0.021269093078435275,-0.029282125108805568,-0.023032487799038326,-0.001531568963187513
2022-02-18,-0.013261957754408193,-0.016115836385113158,-0.009355856218724257,-0.00963111587602461,0.004688762844733407,-0.011120991930055224
2022-02-22,-0.015753494788264932,-0.004520611967191002,-0.01781246415545834,-0.0007291907772134509,-0.0017745490516084539,-0.01163393692521264
2022-02-23,-0.03575624663287669,-0.017143772628474108,-0.02586395477565373,-0.025893130374921136,-0.02093901140954768,0.004054363776051728
2022-02-24,0.04509522427819257,0.03999570469280389,0.01668006663956456,0.05109334174387126,-0.02784304135978488,-0.012634930338403905
2022-02-25,0.01605793012842116,0.013328222503029119,0.012965544983332578,0.009233297005853736,0.023659875941177022,0.026912569878821957
2022-02-28,-0.0014662630028149382,0.004443763618428465,0.0016379350566841921,0.004978067430727373,-0.04169802666964739,0.007451292770644713
2022-03-01,-0.015765550251120253,-0.007371226933713171,-0.011628113525944728,-0.012851839487708294,-0.03772935026029123,0.009563958233009817
2022-03-02,0.0060241839623909055,0.003804386268704496,0.020588222922756083,0.017765657913410227,0.02074054799484748,0.0171779236735905
2022-03-03,-0.027319556126581324,-0.004993500738924128,-0.0019810870351013588,-0.014224319012649311,-0.007108311709724147,0.006333372557282946
2022-03-04,-0.0152637929917393,-0.01488449618543608,-0.018408217061087973,-0.02047855334647064,-0.028129061831265068,0.03763555598484736
2022-03-07,-0.05622045424233624,-0.04190832295051583,-0.02371754499209311,-0.03777680390174776,-0.038616072123812795,0.036033060242358195
2022-03-08,-0.010465446730283379,0.005744531686372678,-0.011676179803825737,-0.010971371623220039,-0.007042772688260035,0.007575606569107496
2022-03-09,0.024001199930983708,0.049687305707184715,0.03499743742094741,0.04585822704902465,0.040062264269166814,-0.05684652803162071
2022-03-10,0.05412515560997311,-0.0074235948937112495,-0.027186186428563963,-0.010086696606587342,-0.011840655075442186,0.031042402224881638
2022-03-11,-0.008806846762653975,-0.019323764155571244,-0.02390867644802419,-0.01932795407590615,-0.022523767821047036,-0.005154742975919113
2022-03-14,-0.025229488143872714,-0.030180047496646933,-0.026562223032894572,-0.012961655403784578,0.009930812542176204,-0.035798377614665644
2022-03-15,0.038867730338306705,0.025779920969466907,0.02967706062962061,0.03874325945991508,0.017746235448642844,-0.0569125410739858
2022-03-16,0.038933563723705156,0.03159877035995562,0.029015564994575804,0.02521301786288177,0.04468580895138752,-0.0037554447270521374
2022-03-17,0.027007748989816838,0.004190393073423504,0.006453971740716824,0.0028194664105585243,0.01264463054277809,0.026647773972426236
2022-03-18,0.025512151358369817,0.01708407429844727,0.020918826049826533,0.017647458835964525,-0.00035672046854984263,-0.003925224194488597
2022-03-21,0.0014945523217748669,-0.00017630339835827957,0.00853767648394177,-0.0042270983851387944,-0.003211995743681806,0.04487071315672875
2022-03-22,0.02103830044237709,0.02767410853246277,0.02080077929693469,0.01637917068381123,0.021267458502982617,-0.0043795052153206004
2022-03-23,-0.008981816492546923,-0.01138575999114222,0.008233757537206676,-0.015029805909110627,-0.019913054437597277,0.01576239254982692
2022-03-24,0.0014779010051912955,0.023840134022475645,0.0226777202205517,0.015392790841682435,0.006510389847798725,0.0030074668141593097
2022-03-25,0.006868294014676479,0.0007134224214280227,0.0037339588595011186,-0.0013812502196214327,0.008742417362319843,0.02182771974301434
2022-03-28,0.025592678900108856,-0.0015352475628800377,0.005036615808499789,0.023116773493951914,-0.007398604855495594,-0.02805142407584371
2022-03-29,0.00192027764251268,0.007422830929376456,0.019134649496468148,0.015159166773932808,0.0022007026504917704,-0.005313581348719509
2022-03-30,-0.01780118433038691,-0.003978760213045995,-0.0066497767672083485,-0.0049143176863615246,-0.004533218134058714,0.017118007189828477
2022-03-31,-0.019864567358571672,-0.02022705712153472,-0.01777562000838473,-0.01768304015045019,-0.03002695394523247,-0.014203934485012448
2022-04-01,0.003450973226124532,0.007787622139596939,-0.0017181115801292446,0.0036000872027504016,-0.007409055386800145,0.006417255559931556
2022-04-04,0.029264484561530857,0.020128347708606276,0.02369326689764617,0.017936989263615866,0.0044342046761347564,0.0004813670442271878
2022-04-05,-0.025492089193307588,-0.016650144329532823,-0.018941933448673898,-0.012985406987802928,-0.011637471000924937,-0.005170801491721222
2022-04-06,-0.032300120131985244,-0.028757258187257162,-0.01845085471323249,-0.03660570495529669,-0.013874084494859829,0.011120330164036796
2022-04-07,-0.0061194323502751224,-0.0048299037807226775,0.0018041088283480278,0.00624384983430315,-0.0030422284867022142,0.016736675483762564
2022-04-08,-0.021066740550443774,-0.019140590218043707,-0.011908877033807053,-0.014599885528119083,0.01830816563257942,0.021046310340159913
2022-04-11,-0.021613947156313595,-0.03349146962575089,-0.02551590410026583,-0.03943215264413491,-0.0036708645329396328,-0.03443123437024809
2022-04-12,-0.002213363562407644,-0.008608722388449896,0.011523394113726937,-0.011217567387694971,-0.010977419724860549,0.02087054866756488
2022-04-13,0.03152445706895657,0.017065372986519778,0.01634258335182781,0.019712193412769752,-0.03223339780030088,0.014135596149126961
2022-04-14,-0.024652684274885983,-0.024358218004643772,-0.029988674328814358,-0.027084428866139154,-0.009269404071767018,0.011749898456539398
2022-04-18,0.007109164667870926,0.007468496805814073,-0.0013305896587784138,0.0024655553233197125,0.018553708519433165,0.008197747165138214
2022-04-19,0.03488883060861969,0.018269050260415476,0.014115367828261505,0.01704028627157994,0.020706676985226435,-0.008921602171264031
2022-04-20,-0.026041044919075107,-0.01514531488443871,-0.0010156758732058346,0.003715022687402536,0.0035085232123399646,0.002278879026156977
2022-04-21,-0.037026427673936824,-0.025191296013357678,-0.004843592669884211,-0.019380977237478447,-0.007752114845916869,-0.010573174618127457
2022-04-22,-0.026608937569704394,-0.041493544359189505,-0.02782135720637091,-0.024144607346713087,-0.028722487035701127,-0.021831354257022872
2022-04-25,0.011943186356370372,0.02874141553123377,0.0067374687988628335,0.024413647322303555,-0.0003154437431462931,-0.03371295178751754
2022-04-26,-0.0457507730510871,-0.03594585788288396,-0.037328147934441946,-0.037403836765115495,-0.02958112883952535,0.0003644513255482984
2022-04-27,-0.008781047317448887,-0.0367087806140044,-0.0014669104386652032,0.048108833050608535,-0.013005857050898961,0.02855749671915131
2022-04-28,0.04653418536434306,0.036992113616292066,0.04515550191557449,0.022632780175161127,0.01581267202623393,0.030245699048139674
2022-04-29,-0.14049437774923412,-0.03723338450085767,-0.03660467798210587,-0.041811977145616575,-0.03226840219488636,-0.022362271363761677
2022-05-02,0.0017580913238786078,0.02167647671655315,0.0019664800798269155,0.025043044691063665,0.009131846193709325,0.013607135290360617
2022-05-03,-0.0019799044812061073,0.006441835679217078,0.009622381954359716,-0.009456078496398512,0.021419841222904745,0.020599586396458758
2022-05-04,0.01348046853293483,0.041991192617700346,0.041008390405464556,0.02910063031600174,0.033081450403431356,0.039799975091343365
2022-05-05,-0.07561036490424522,-0.04707549572230685,-0.055716259954332825,-0.043554872331610706,-0.025019721122675143,-0.015157936831035279
2022-05-06,-0.014041240035030156,-0.006514762997335333,0.0047271967318343044,-0.009446572129511721,-0.0016140016922210343,0.015280841452131266
2022-05-09,-0.05213354825727923,-0.0279533263584566,-0.03318914681737262,-0.03694518215192599,-0.015033967335891574,-0.07885245390999307
2022-05-10,0.0006434445934941913,0.016745083350863554,0.016112182565599875,0.018595587305280104,-0.02437210461084105,0.006630024885684982
2022-05-11,-0.03203225709010693,-0.006927711552701332,-0.051841453400958915,-0.03320969230828785,-0.0063084507290397385,0.020818694824030537
2022-05-12,0.014790404884573505,-0.006676837022842608,-0.026894164838627277,-0.019957856245288896,-0.000846591078348391,0.004539733561709891
2022-05-13,0.05727556035084902,0.028415240238709005,0.031916517658444166,0.022596469385230522,0.00889544505998141,0.029663728438877657
2022-05-16,-0.01985316173972207,-0.01383439554996535,-0.010672413630606226,0.0014552606774511645,-0.006969499095290876,0.023520161793967986
2022-05-17,0.04113327357999652,0.01772018801117059,0.02542304666384787,0.020344224946198253,0.0331471871989133,0.01275435582506601
2022-05-18,-0.07156196640827228,-0.039266418352374766,-0.05641939898710435,-0.04552955404846104,-0.017105806366711218,-0.015850748236784784
2022-05-19,0.0019278532990965047,-0.013543489979798484,-0.02464164818547665,-0.003699822702475042,-0.0148222127487031,0.005405546407488915
2022-05-20,0.0025345295167618076,-0.013371511753015097,0.001747493882580553,-0.0022912978590650113,-0.008198857561622641,0.007900055116663696
2022-05-23,-0.00031605069518414464,0.023689612309393704,0.04011930209046999,0.032031947273410966,0.06187155032930969,0.022098792568206793
2022-05-24,-0.03214110432537587,-0.04949402520595092,-0.01921629963006055,-0.0039515085259537175,0.014125088971338018,0.005431734967540791
2022-05-25,0.025696475417555487,-0.0015569867237029689,0.0011400868383899532,0.011170054083783354,0.006964275563601241,0.020127133233488026
2022-05-26,0.04029499229486544,0.018784487300947506,0.023199601069255005,0.012875397251689069,0.01729004140428536,0.0035303831955826315
2022-05-27,0.036632083603781895,0.0419694584515522,0.04075671429538841,0.02760408857374408,0.014138082667940699,0.0098305783191317
2022-05-31,0.04397010379074828,0.012869997611730355,-0.005346293084798837,-0.005013717220022862,0.007312913293461509,-0.01629280993390747
2022-06-01,0.012266042992872705,0.001142560911548074,-0.0008734396881783235,0.0020231104226384744,-0.01754517043171644,0.019166711506607426
2022-06-02,0.03145034300738625,0.032754824796072946,0.01681152041701961,0.007928826738578865,0.016088226122555227,-0.0017376306188280344
2022-06-03,-0.025185068024527135,-0.0261981946680534,-0.038555826799356874,-0.016607317893807205,-0.013939374315636077,0.014538902358032235
2022-06-06,0.01994280728922404,0.01990113272732774,0.005227666286615529,-0.00470321106324012,-0.003303759684775809,-0.002522933012874762
2022-06-07,-0.014344105316090427,0.0028163084181886955,0.01758579832456819,0.013953550056546193,0.002620823061203259,0.045831870825673526
2022-06-08,-0.014796745486375773,0.000379893402515874,-0.005043037094188185,-0.007669883527454235,-0.01591450335732414,0.011802065378323512
2022-06-09,-0.04150848957443054,-0.020124733996631394,-0.035955881927141276,-0.020783118195586425,-0.021015561092610824,-0.021608124969340614
2022-06-10,-0.05596211721574329,-0.0319935922463499,-0.03862881062956591,-0.04456359167002588,-0.04596601247494625,-0.01827406562104328
2022-06-13,-0.05453719355874531,-0.042901450820964415,-0.038284901659800474,-0.04241283084569514,-0.029778400081773793,-0.04588908473106479
2022-06-14,-0.013118555361940287,0.0030357723690164207,0.006672965959132249,0.009205025387527765,-0.01663935443805542,0.0026081240378275083
2022-06-15,0.052389802934770247,0.02857129668244207,0.020111262731913326,0.02973536711449465,0.011835943770307944,-0.012590936788178464
2022-06-16,-0.037243378610853695,-0.03399099617126922,-0.039651325451242725,-0.026970127530888566,-0.017156210254488102,-0.03688489240255022
2022-06-17,0.02469609751257895,0.010468523653101247,0.011533087585754442,0.01094010733194617,-0.0035263795891044003,-0.05766473514257098
2022-06-21,0.023159471438541024,0.04107095353827317,0.03276071967650296,0.024591076360050756,0.02477208767018846,0.062238647186366514
2022-06-22,0.0024843268523027096,-0.0005065626114424404,-0.0038270395513496647,-0.002403909353157152,-0.0056114874790673674,-0.039571605833338075
2022-06-23,0.032033093996523876,0.00676760203061888,0.021573629475960976,0.022636445944595573,-0.010939602143140936,-0.030161648216528558
2022-06-24,0.03575237064906056,0.05107712846570078,0.024517437136950537,0.034149982645762966,0.029845599871009654,0.019833481251920748
2022-06-27,-0.027820692849391482,-0.018152047192634635,0.0,-0.010497106464844252,-0.008012233211680764,0.02451092664052723
2022-06-28,-0.05140434227234392,-0.033030247353908804,-0.029789871478888008,-0.0317488290513156,-0.004811775314466971,0.027743475150196595
2022-06-29,0.014152668728781848,-0.002731925005549085,0.013023774472354699,0.014737978042114186,-0.004489664721228137,-0.03693993396192674
2022-06-30,-0.024880638358708018,-0.02451624506322425,-0.018027582140253684,-0.013179290844073321,-0.023330733601093057,-0.028143355452005192
2022-07-01,0.03154127203651269,-0.002069442598998328,0.016164195225101707,0.010707614426403556,0.01278765117503422,0.022302669980984735
2022-07-05,0.035962053023039564,0.041618588517320365,0.018930490050119708,0.012597394273160534,-0.0038038142835653543,-0.03129667714304363
2022-07-06,0.007312791463036872,0.01155722349913968,0.009607158460503973,0.012782610187808574,-0.0064817783812639584,-0.018040129782264103
2022-07-07,0.01749322109655349,0.03675397670382763,0.023999557889112344,0.008226703605256569,0.025292709996212803,0.03194046301884268
2022-07-08,-0.006791033294013427,0.004803048570522606,0.004714644820900338,-0.0027570728655307297,-0.0031379283840110572,0.001628969750750553
2022-07-11,-0.03280250030721621,-0.030807787543778664,-0.014757640828611307,-0.01176866260676801,-0.013116630015155284,-0.00511139444111397
2022-07-12,-0.022639810105564928,-0.01431575588178502,0.0068334927711029,-0.040981173752912325,0.0009745077298484173,-0.013311646332896165
2022-07-13,0.010803884746268588,-0.023390494330895573,-0.0025365028814283708,-0.003745280863425182,-0.00938289426199912,0.00402358991579832
2022-07-14,0.002083294604711794,-0.008854677490071738,0.02048250256822315,0.005381685694054283,-0.034938726456725355,-0.0200376361332385
2022-07-15,0.02639434033114041,0.012775559033574524,0.011449954361980152,0.010390253179673792,0.045833151075543865,0.016839144546100915
2022-07-18,0.0018493974357443044,-0.024580071931596836,-0.020643174985066737,-0.009621599286946614,-0.010269948487646507,0.018452689792039623
2022-07-19,0.03911741266419089,0.043841039733007126,0.026722029184064633,0.020767178331853264,0.024778528027801228,0.02520322764435101
2022-07-20,0.03857539627705431,0.0007908054210852278,0.013509774334317548,0.010557752074215276,-0.00017441387362937544,0.010989008816453705
2022-07-21,0.01515028639903937,0.0038630523120737337,0.015094186739893045,0.009798987209085785,0.0068096390712957255,-0.01669638106233806
2022-07-22,-0.01773248120979176,-0.056323274329152295,-0.008110758214147085,-0.016915873024568873,-0.004855777588825383,-0.007635379172655221
2022-07-25,-0.010455798059483934,-0.0036144017946744267,-0.007398306148010847,-0.005876561082683973,0.004008262637670068,0.033302604656196166
2022-07-26,-0.052253606265046604,-0.023160655844743472,-0.008826436735365317,-0.026774317435231287,-0.015622358789703417,-0.0038900623670624634
2022-07-27,0.05365389594199388,0.07655688005045369,0.034234931710892536,0.06685173428897362,0.016046531190327284,0.021644930193644774
2022-07-28,0.010829110898360028,0.010259959457413315,0.003571663129978031,0.02854064110957455,-0.0037312357748139346,0.01168490195291838
2022-07-29,0.10361464095050721,0.018385644543082336,0.03279300735828894,0.01566503718845924,0.004790512632441901,0.046308555609232416
2022-08-01,0.0032604850044939404,-0.012551637604119814,-0.006153281305869562,-0.009724271862112888,-0.00996890337545131,-0.02527617587757036
2022-08-02,-0.009084834427092181,0.002350728662893875,-0.009287694860496964,-0.011474390414500046,-0.015585345435805253,-0.0043394391357804984
2022-08-03,0.039952299225118226,0.02562321471382667,0.03824775529926372,0.027836569731388705,0.010495614615505744,-0.03242277321673215
2022-08-04,0.021860686341448332,0.0009315589973242222,-0.0019260053482540451,0.004177225861526912,-0.011002560765462577,-0.04207858551178789
2022-08-05,-0.012414983387324718,-0.006091861404194154,-0.0013890165097916185,-0.0026088434020091755,0.030259781989461443,0.014451145297448287
2022-08-08,-0.009872154542052702,-0.0014472176393991454,-0.0029030782451844317,-0.009154668204039651,-0.01218036605362427,0.00565305044142006
2022-08-09,-0.011333489631663474,-0.005711825209198329,0.00030345743320681073,0.007063336776823359,0.009007373237607252,0.01843727352166913
2022-08-10,0.0352608325167747,0.026322472378605744,0.026194411549467,0.024300578486772473,0.026087614109634227,0.00949346971186138
2022-08-11,-0.014366830308238487,-0.007184553383842385,-0.0044316603159163526,-0.007400873099700278,0.014781668507271917,0.028927606180000787
2022-08-12,0.020691152408548463,0.023897696384946432,0.02142558516848081,0.017037119497865794,0.01656420955000959,0.008691998554130942
2022-08-15,-0.0025775713556979163,0.003287248471755655,0.006333678851648594,0.005343957352936135,0.0027018950018933285,-0.017872116345220457
2022-08-16,0.0111747882760318,-0.0031126760483458638,-0.0009238571074657864,-0.0025896881723099785,0.009554225820715967,-0.009315507386676303
2022-08-17,-0.01851079360669594,-0.017666270746290902,0.008784623519281665,-0.002636066755214439,-0.00841223464996499,0.00809088748808895
2022-08-18,0.0014074379989574837,0.005186025127327909,-0.002291870077748892,-0.003947318238338937,-0.0077493605226185425,0.023644175709931714
2022-08-19,-0.02860159688639219,-0.02463170015941718,-0.015101863613706135,-0.013854148271916777,-0.024745264056112104,-0.0031785833709043754
2022-08-22,-0.036243902638259384,-0.025339243617037543,-0.02302934589495964,-0.029355127426567096,-0.016521872590377185,-0.0007440191196379509
2022-08-23,0.003002506326521548,-0.003326358334292956,-0.0020289807711482144,-0.0047166336865690495,-0.009856826440226674,0.04244232109356272
2022-08-24,0.001347163157822573,-0.0014928998362500057,0.0017939333905945265,-0.002351275639049133,0.0024238305254205006,0.0059182914941093845
2022-08-25,0.026008936084948253,0.026035565372652725,0.01492267463731256,0.011095563338191727,0.023747933002420174,0.005173415398274317
2022-08-26,-0.04756700784791723,-0.05409350898479237,-0.03769927518496419,-0.038587327471202304,-0.032729091015836764,-0.012311967479019637
2022-08-29,-0.007342307563037775,-0.008337769912847626,-0.013690121170303549,-0.010667676340753274,-0.002441504610753653,0.022989669848926253
2022-08-30,-0.008167020675137082,-0.00438679577426393,-0.015305501264035182,-0.008521388527967577,0.00017482001034374584,-0.03805430771124341
2022-08-31,-0.015225659516225343,-0.006608974852193583,-0.010634814175144558,-0.005703818326653787,-0.005943502670443301,-0.007475816227555776
2022-09-01,0.008282741023605045,0.014045364770734148,0.004706751482591587,-0.004092377108761869,0.006858285649581575,-0.017993495126769288
2022-09-02,-0.002425266463259801,-0.017222613519502716,-0.013611212004938533,-0.01666667069570249,-0.0069863535898583295,0.018323193418247286
2022-09-06,-0.010979542799969266,-0.009642968375094596,-0.00821497992508402,-0.010974028288748161,0.00026383517583039584,-0.00669544321669846
2022-09-07,0.026722663554652915,0.02471673486706405,0.009253808966228183,0.01911165293249706,0.018990752610643646,-0.008530700958025772
2022-09-08,0.0026259778181887405,-0.009776057790086168,-0.009617833270341603,0.001665998669615698,0.023295832140561856,0.008179453191551778
2022-09-09,0.02657523304266962,0.020944870247111558,0.0188398146908757,0.02297709972457085,0.004806041029637775,0.016752459399255182
2022-09-12,0.023861278411006825,0.0018977929757035827,0.03850772685241122,0.008281094480290019,0.011831760155074367,0.011502701521601155
2022-09-13,-0.0705752837581286,-0.058993351907334346,-0.05867954042612977,-0.05497859912786485,-0.034748667884540896,-0.02335829119782873
2022-09-14,0.01364140798846103,0.0065184360564118915,0.009555710769633352,0.000912743757697676,-0.0023196966504981376,0.024546150488625074
2022-09-15,-0.0176585314552421,-0.019904634332769122,-0.018930026065409278,-0.02711911615910778,0.01507070173579339,-0.029077320479249935
2022-09-16,-0.021777003694830932,-0.0010689550821962879,-0.010960184130439976,-0.0026082365581026057,-0.006702406941640593,-0.017083172113159573
2022-09-19,0.009147615105472573,0.002626429587682555,0.025082757708697168,-0.0008989500417838636,0.0092245331140004,-0.00010745269253831236
2022-09-20,-0.019813903001303257,-0.018725246160587794,0.015665675393429446,-0.008465521085250782,-0.019719032281586668,-0.008154393938312188
2022-09-21,-0.02987152347123634,-0.018390340107632408,-0.0202677097431474,-0.01443603363191237,-0.028835547997839384,-0.016118574132390706
2022-09-22,-0.010376272544574183,0.008662433497844235,-0.006375175979206449,0.0084955032290841,-0.01137858238605205,-0.004177824238164707
2022-09-23,-0.0300912015408894,-0.013980430410449163,-0.015123732639923282,-0.012698077668820362,-0.01861341245063497,-0.05321866102350359
2022-09-26,0.012040804722097675,-0.0057727845112424125,0.0022598524167039002,-0.0019753786748795132,-0.02153211702562019,-0.020641485068701337
2022-09-27,-0.006426381710496365,-0.0068247876412579345,0.0065665721853456205,-0.004379831988467808,-0.008802239015679336,0.020957582265921815
2022-09-28,0.0314657666190894,0.02615377133917063,-0.012651368764191262,0.019711405132921467,0.020217229076527676,0.03638873280603927
2022-09-29,-0.027201076403397306,-0.02628666261542767,-0.04911919286807542,-0.014808979131722078,-0.016945863484225998,-0.0020254281825392573
2022-09-30,-0.015679468675155572,-0.018168959846583843,-0.030039424014353222,-0.01936854741228533,-0.015637004661178677,-0.015448935225386817
2022-10-03,0.02548670135768094,0.031259824999829045,0.030752593203295486,0.03366272888934585,0.030909223707150657,0.05280043818908098
2022-10-04,0.04496029692750958,0.030413709980861903,0.025622871640903044,0.03381229348487924,0.04678362116797774,0.03644476074482461
2022-10-05,-0.001156159830559167,-0.0020662522954257856,0.0020534912919085713,0.0012858417723482507,-0.012346857853630877,0.04041145362933163
2022-10-06,-0.005374071210291542,-9.842323996545055e-05,-0.006625501774168097,-0.0096709302086192,-0.020382162336237686,0.029660925332431365
2022-10-07,-0.04771409266460669,-0.02701646152217374,-0.03671892667061605,-0.05085296657131155,-0.019974102950440997,-0.010092079322270187
2022-10-10,-0.007768849586377025,-0.008309658365198147,0.002355802332037804,-0.021303016599328317,-0.0093413862054893,-0.021676816015516853
2022-10-11,-0.01284419027000161,-0.006948656237874995,-0.010254908647191363,-0.016750305498030915,-0.028860077411359875,-0.008498433723679089
2022-10-12,0.006149206372302096,0.0039103017799355655,-0.004604948189715463,0.00150846263877491,0.016183012367952943,0.004387662378030566
2022-10-13,-0.00327726077574253,0.015375076311673341,0.03361266197897739,0.03760798862416892,0.05559286173374378,0.03494883712681607
2022-10-14,-0.05003107895219994,-0.025237311976582966,-0.03223998312337828,-0.024248675296757782,0.01664095852603653,-0.02630819271399265
2022-10-17,0.06445275295885255,0.03531490293559103,0.029122834393207286,0.039245689339094,0.042000104451217934,0.014416971252918298
2022-10-18,0.022585461588422673,0.008002248211824714,0.009409412055670696,0.0040837238589861435,0.025720610414976308,0.0017889626927847235
2022-10-19,-0.01108629175628062,-0.011312757055168099,0.0007651294058927949,-0.008469697298622014,-0.01960606574927637,0.029662438405791747
2022-10-20,0.0015642678860967596,0.003412642855603165,-0.003267210873789894,-0.0013953911497409655,-0.0032616127020123065,0.0013489092202660924
2022-10-21,0.03531453097461368,0.011603313802634796,0.02705952529227118,0.025280422838261485,0.05252745898325695,0.01857026472717349
2022-10-24,0.004190412347291339,0.013744781203465672,0.014802353765131615,0.021187986318095042,0.0012271101158030095,0.006990213211707008
2022-10-25,0.006509754475742646,0.019118285777995236,0.019337726257049548,0.013791701835831782,0.002614803481612027,-0.006754183456129548
2022-10-26,-0.040961814879887926,-0.09140514477673167,-0.01962729793504847,-0.07715645434197727,0.01149152125073516,0.011900380802065236
2022-10-27,-0.04063638620803933,-0.02854709955209045,-0.03046529907500173,-0.01975612993477205,0.003948053489401637,0.0038266334917014255
2022-10-28,-0.06804249715805744,0.044133478204476884,0.0755526571377001,0.04022059725274363,0.011878088366162665,0.029288628294120045
2022-10-31,-0.009380148789788323,-0.018485778771294425,-0.015410370167334153,-0.01585624249934159,-0.0015863173094534666,0.0009937502244330432
2022-11-01,-0.05515425020719411,-0.04274690118805369,-0.017542765017100503,-0.017059294111266277,0.018032904282290207,0.009926856791696581
2022-11-02,-0.04824876665742572,-0.03868695049966564,-0.037304987433134484,-0.0353684486996374,-0.009207872772828862,-0.02055215102918273
2022-11-03,-0.030612240672440283,-0.040703632374112786,-0.04240483687662544,-0.02657878216302556,0.0018114187491486966,0.013593580789799331
2022-11-04,0.01881299269611514,0.037756211861311506,-0.0019475259050293348,0.033325339143994936,0.02735860018284475,0.010891195540133403
2022-11-07,-0.00494619214148917,0.022060509379452586,0.003902091149132092,0.029269716801864742,0.005280041292181181,0.011842153758484297
2022-11-08,-0.006075283660437414,0.004633275629406741,0.004175477843906927,0.004388547206752191,0.0006088870621359099,0.0031680708706147698
2022-11-09,-0.042676192754212194,-0.017772644489533862,-0.03319022043424191,-0.019050197926143597,-0.01300860187984143,-0.04473703061757062
2022-11-10,0.12177847617944271,0.07581298718607687,0.08897446291041744,0.08226824289886925,0.04115924335179244,0.014692542720397883
2022-11-11,0.04305085149903842,0.026293515881855578,0.019268586196978132,0.01699722053140884,0.001628527579531358,0.03122167271099463
2022-11-14,-0.022819754250081536,-0.007364525699635971,-0.009485414671885462,-0.022500086453552948,-0.010273449408900404,0.002919275591324988
2022-11-15,0.004569038353104293,0.02863132282787073,0.01186947132299454,0.0017387706836538008,-0.007243707826748436,0.006703697536765141
2022-11-16,-0.018394983322362668,0.004164880020241846,-0.008331274279709922,0.0018234247645094737,0.001354051588575933,-0.010689464126689696
2022-11-17,-0.023373189953300733,-0.004957099775045326,0.012971469406066971,-0.0002068361221044812,-0.00435700927303162,0.00132845047871899
2022-11-18,-0.007485493894513584,-0.009455018449121888,0.0037815953019104676,-0.0019032080711606225,0.009808313708136174,-0.008668018705110803
2022-11-21,-0.017845764989037338,-0.018782830255054783,-0.02167986097622976,0.00344069934798652,-0.005902363715555303,-0.009903655017915902
2022-11-22,0.008003437930963697,0.01516752992750292,0.014660935501516592,0.012311485623925034,0.014956829037276798,0.028926707425235287
2022-11-23,0.009978544373689502,0.014528500640905051,0.005926408538098782,0.010406896318066794,0.010663215663222037,-0.004991993469842804
2022-11-25,-0.007648928209040617,-0.010156333060244105,-0.01959358916391296,-0.00036352060867095304,0.0019050810810152807,-0.003520732738588994
2022-11-28,0.00578089353348199,-0.014467539530284457,-0.02626442629185821,-0.0231522870781129,-0.017478150864366215,-0.030032833610228127
2022-11-29,-0.016285245651894598,-0.008953656088924289,-0.021148079525256436,-0.005915063750643879,0.0164492924382047,0.006647791417015325
2022-11-30,0.04457912603558567,0.06093078383405226,0.04859366496004114,0.061623428942734426,0.011862931605757243,0.007237259918379202
2022-12-01,-0.010772746070691896,0.0,0.0018918982437410303,-0.001763561686031867,-0.014039730116130467,-0.004849843415095423
2022-12-02,-0.014345578498241363,-0.005446161148811912,-0.0033715913374942064,0.001295678393743227,-0.00792703420265628,-0.008483810222058352
2022-12-05,-0.03314559872755318,-0.00955793249849568,-0.00798307954898414,-0.0189004997057296,-0.028040833334360582,-0.027398633856776655
2022-12-06,-0.03032636052572668,-0.02513068653352668,-0.025370009985140385,-0.020303672582157817,0.0016747089521744751,-0.02779594999455215
2022-12-07,0.0023795930251859776,-0.021035128152094407,-0.013784802711728883,-0.0030597615112066823,-0.0006840980289367637,-0.00221404662346969
2022-12-08,0.021365582288144003,-0.012955666266680765,0.012132563733178614,0.012399139311852547,0.010494550870945085,0.007428787602344222
2022-12-09,-0.01394579034322141,-0.009390708676939363,-0.0034347084215954338,-0.008003145234554476,-0.005418588008370029,-0.00842748424505746
2022-12-12,0.01638799835988114,0.005170694011095822,0.016389858826745263,0.028889096068109188,0.015511631359518274,0.02462822808799814
2022-12-13,0.02142456926150338,0.024863499293193314,0.006782582543008342,0.017464926335049036,-0.000968899673753687,0.010934004792884311
2022-12-14,-0.009838858835905628,-0.005855968574996928,-0.015535842651895782,0.001167521142614314,-0.004996772898085422,-0.007365910031555178
2022-12-15,-0.03417782070573294,-0.04428299385070189,-0.04685447411604182,-0.03191826608402226,-0.024810697227222955,-0.009581120689315048
2022-12-16,-0.006670394101153776,-0.006603736023374052,-0.014578798674220184,-0.017348658513174686,-0.00622605011283861,-0.007018192860665073
2022-12-19,-0.033462353983410575,-0.020163856866659113,-0.015909411061050815,-0.017328052202792654,0.005955425330678832,0.004488964638830861
2022-12-20,0.0031795134041781026,0.00655798027575516,-0.0005289295606153432,0.005614434469275453,0.0048441233975755615,0.014452920168870342
2022-12-21,0.018546709195681466,0.00629087867121747,0.023809730645525162,0.010876716377555162,0.011247891896819295,0.012840869399415089
2022-12-22,-0.034343619255829294,-0.020317089399833232,-0.023773028117964667,-0.025528605833233353,-0.011349980315748631,-0.0201739294065979
2022-12-23,0.01742450254827599,0.016750283749629613,-0.0027980267932619096,0.002266910661371746,0.004745362318720359,0.026445048843277696
2022-12-27,-0.025923742926365456,-0.020620973780186902,-0.013878152445779057,-0.007414050653114845,0.0035038971113854345,0.013894006201354392
2022-12-28,-0.01469172937442731,-0.01567681953363953,-0.030685211035701543,-0.010255009637044066,0.005465288147546765,-0.0164261716183558
2022-12-29,0.02884381103830358,0.028249107260778672,0.028324317037459856,0.02762965950272278,0.005737802460339614,0.007566032127358957
2022-12-30,-0.002138278742257471,-0.0024872470068972863,0.0024686146166166267,-0.004937484445830087,0.00660549616454964,0.01007315626400307
2023-01-03,0.021666663033621747,0.010087379757089732,-0.03740457764335414,-0.0010007989901706926,0.007606025226966073,-0.03436079016200633
2023-01-04,-0.007923564525679994,-0.011669505844814743,0.01031436139468389,-0.04374284708160925,0.009325254434565666,0.00291047744514783
2023-01-05,-0.023725589118479662,-0.021344443363758847,-0.010604714813998384,-0.029638058084091923,-0.0002215711994338898,0.022374153761505422
2023-01-06,0.035611152390083056,0.013224990113045676,0.03679392488885047,0.01178524467600961,0.019135358190532248,0.012086618357662449
2023-01-09,0.01486987397850048,0.007785791202048031,0.004089118752791832,0.009736433533066302,-0.004132143453487447,-0.018637276227737476
2023-01-10,0.028731709234134817,0.0045445101226384566,0.004456359148370392,0.007617193991288795,0.008953902977560269,0.014934809825009276
2023-01-11,0.058083825879343465,0.035059858411624845,0.021112404614365365,0.030238101001586637,0.007431319664892522,0.011626979788550429
2023-01-12,0.0018929468094222024,-0.004261465419305832,-0.0005993027564435982,0.011621492312554382,-0.0010025267512233649,0.016611216916620153
2023-01-13,0.029915043601747238,0.010863621644166432,0.010119051153124392,0.0030186900994411126,0.025234765374548607,-0.0006183017312446637
2023-01-17,-0.02109661268732843,-0.009009939400380529,0.008756381127605462,0.004681913958974437,-0.015453589785909494,-0.0019440141501865238
2023-01-18,-0.00614267515397382,-0.0018619954783963832,-0.005369978640961892,-0.018889214991415715,-0.030042449812949346,-0.02054387356747378
2023-01-19,-0.01864654092151996,0.021180641493591335,0.0004435008516801009,-0.016453921419998574,-0.013326617148326725,0.0064189725427756805
2023-01-20,0.03810845093076898,0.053412124175483466,0.019220872982139037,0.03574356224446462,0.002449292579343787,0.018235710418766704
2023-01-23,0.002776315095798454,0.01805759121396533,0.02350039427734596,0.00982421436074854,0.016212639018371222,-0.00520521754519454
2023-01-24,-0.012305137300550828,-0.020944002312739185,0.010063052432455644,-0.002226080502989336,0.008596102647869364,0.009311828766292773
2023-01-25,0.008928577793566816,-0.025383865557420116,-0.004700534224426511,-0.005908092534570808,0.00483893560978621,-0.0052717813119164125
2023-01-26,0.02099198301215366,0.024154596010550256,0.014803088054889946,0.030713606002558347,0.006182144081753549,0.04019080749781545
2023-01-27,0.03043737760442844,0.018970630542956668,0.013684154312466834,0.0006451925215631427,0.0024288556798888195,-0.018257608301358808
2023-01-30,-0.01652968356145279,-0.024454171675322933,-0.020077788793156248,-0.021961482760860296,-0.008480574034807842,-0.01773195029281982
2023-01-31,0.025658817736008643,0.019599677381498815,0.009020880702876655,0.02101254827621646,0.0059655631066437564,0.02157463304175855
2023-02-01,0.019586971068148662,0.01608670282243474,0.007900875347927716,0.019934673883637455,-0.00264405540166468,-0.010947709834368768
2023-02-02,0.07379935352944922,0.07278693836684225,0.03706254909216544,0.046884413389905344,-0.004656100956838549,-0.031288096911856855
2023-02-03,-0.08431497620839845,-0.027473469158269315,0.024399818346770186,-0.023620675196025398,0.015474247722250034,0.006927906656937433
2023-02-06,-0.011703250716856073,-0.017942388221859784,-0.01792867373452811,-0.006115817481098573,0.0058828087750686375,-0.0016978282413038226
2023-02-07,-0.0006850625818668465,0.04606409043767323,0.019244678435793805,0.042022076197130165,0.012189807623880222,0.028550786997281197
2023-02-08,-0.02017429777965285,-0.07683002391561855,-0.017652781430835818,-0.003102038096743809,-0.007030863095125017,-0.008701387674622918
2023-02-09,-0.01809100582487666,-0.04387648817995815,-0.006911830179719414,-0.011659779385790547,-0.015563599070834044,0.0037743808659349565
2023-02-10,-0.006412838631079554,-0.004631270518062891,0.002456345082872957,-0.001972453044854716,0.004415253645325912,0.042151340295745854
2023-02-13,0.019772567289289666,0.00042306493371202514,0.01880664665753473,0.031242980266668496,0.010847884510648331,-0.0038896602843463413
2023-02-14,0.0016073541414836079,0.0007400098667984523,-0.0042247655080766,0.0031328528823530988,0.004419093407151076,-0.011714763110339699
2023-02-15,0.014643999584324163,0.023869783032421266,0.013903377935866601,-0.007992989528228911,0.004189775229699544,-0.003006373362459458
2023-02-16,-0.02975486385196624,-0.01475142765356352,-0.010429330193702069,-0.026622745788416502,-0.013769042641760598,-0.0029293191002348618
2023-02-17,-0.009679109147911924,-0.01214539270006354,-0.007546611692213823,-0.015601669622401393,0.002961486332108354,-0.03845170524921748
2023-02-21,-0.02695468312187954,-0.027133007906380402,-0.026679960427747895,-0.02088664987955602,-0.018349397317158678,-0.0009884006455911365
2023-02-22,0.012793392483054333,-0.0015252378692689472,0.0028958488690031814,-0.00459111904538434,-0.0076629387313174036,-0.01295298466099759
2023-02-23,0.000313172345862478,-0.008292318809079768,0.0032907168543250265,0.01296178962384631,0.00801076091604358,0.009204303249393142
2023-02-24,-0.024212061179431754,-0.0193641387937733,-0.018005274200944887,-0.021784327526198632,0.009021459747932559,9.041845538226845e-05
2023-02-27,0.0027807715104863906,0.008302672091992092,0.008247678107587753,0.0037717910929346843,0.008728013890646036,-0.001805901187324488
2023-02-28,0.005012811540044737,0.0021140109947757058,-0.003447979426814962,-0.002958148885755185,0.008370574606402448,-0.005789261820060121
2023-03-01,-0.021861457228067538,0.003331198968394178,-0.0142457068838715,-0.012629187535134756,-0.005580752622749485,0.008916158205034108
2023-03-02,-0.0004339906295109941,0.018149644164960455,0.004128885604288035,0.019653124591599624,-0.010382205950727363,0.004599350481369946
2023-03-03,0.030066258059702644,0.017934869273209975,0.035090074262829285,0.016646168521744054,0.018359472235670138,0.012656897726706973
2023-03-06,-0.012118034851298809,0.015803393554388423,0.018539554214899168,0.006188990094929903,-0.005847111572477415,0.008864547060399186
2023-03-07,-0.0021333007812501803,-0.013350203777936387,-0.014496654497997308,-0.010589090407378099,-0.029407448928893687,-0.01933028731604769
2023-03-08,0.003955051898638873,0.004155224150848236,0.008377204674254068,-0.0017705042189061215,-0.005915440169901753,-0.014604495499149994
2023-03-09,-0.017781071140368865,-0.020477571258308958,-0.014914642970576986,-0.005439464301988384,-0.054136607628187394,-0.007728700011865763
2023-03-10,-0.0164769283801236,-0.018305914411544055,-0.013878666882646051,-0.014782747395910234,0.02539523527949772,-0.012370593643499572
2023-03-13,0.01873687738723384,0.005296295107300786,0.013265935883659541,0.02144082829617311,-0.01795743178348541,-0.011504886768910705
2023-03-14,0.0265065123894086,0.03139070278570388,0.014089053304291,0.02705551397998507,0.025676184537490654,0.0037544457231906136
2023-03-15,0.013912307472971452,0.02277324635625133,0.002621707088334979,0.01783067708648778,-0.047244184462793215,-0.04974737824181752
2023-03-16,0.039916882423095545,0.04380380614144297,0.018694106746402595,0.04053627849550079,0.01941375651181576,-0.005806256042689695
2023-03-17,-0.010895681300578275,0.012958767244891423,-0.005454031478815402,0.011694691373432153,-0.03778206405746165,-0.011778513424962167
2023-03-20,-0.012531560404374309,-0.003936233442396242,0.015483957073726629,-0.025766906496744957,0.010571578337474019,0.02614174084452414
2023-03-21,0.029679680207260972,0.036553816466764255,0.011943902378228621,0.005693924475629331,0.026820847510680368,0.044802608301188984
2023-03-22,-0.018984232685839375,-0.014773165271852018,-0.009103531347277705,-0.005442469835877595,-0.025813984485445807,-0.022888926207540794
2023-03-23,0.0001013387693993284,0.021573027081661422,0.006969666451326129,0.019721747928919564,-0.0026733080369421014,-0.011282027255972271
2023-03-24,-0.00587581639584811,-0.0015150644904626809,0.008305614127184002,0.010480485637479164,-0.015216040904381778,0.0011603678559428676
2023-03-27,-0.0009171134251455548,-0.028262626943953317,-0.012293720438436018,-0.014933905372699896,0.028660821433478034,0.021926117853201976
2023-03-28,-0.008159965772002842,-0.013956625346061013,-0.003980036233094508,-0.004161064565544104,0.0030350752200341002,0.012476191180718077
2023-03-29,0.0309543624265336,0.0035632837704391296,0.01979073915303342,0.019183929666697574,0.0020173251117350244,0.01717706916976991
2023-03-30,0.0174563591022443,-0.0049314542286119645,0.009889785750567537,0.0126198379566822,-0.003019927577069814,0.004864140571944953
2023-03-31,0.012647067799287592,0.028149493138535542,0.01564434135845305,0.014962128998488033,0.012116686069979954,0.0015527199871829822
2023-04-03,-0.008519675143944028,0.006073491247568619,0.007701635901720794,-0.0037112365818571247,-0.0011512134293466536,0.05900055716305164
2023-04-04,0.015037527888524194,0.0034496573649136497,-0.003249597474905719,-0.00017418135309044125,-0.013368234226880826,-0.0095582417400486
2023-04-05,-0.027417013542964774,-0.0023873924861192997,-0.011290313519951023,-0.009889184789552696,0.0014911237756383144,0.0171274298263826
2023-04-06,0.009495540049077267,0.03780990704971199,0.0054957958619978875,0.02553281824330811,-0.001096968434265544,-0.016582692986758074
2023-04-10,0.0010778033801970288,-0.01826220404584067,-0.015972337067959752,-0.007578865498945819,0.0032948411614510675,-0.00443289812305403
2023-04-11,-0.02202212039075757,-0.010240599195165623,-0.0075910330581043794,-0.022668542468099684,0.004926031251646146,0.007071930091160583
2023-04-12,-0.020916697119598426,-0.006739426826882999,-0.0043530853932083335,0.0023336788872463377,-0.00015566402518807365,-0.001040404450131427
2023-04-13,0.04671368301429957,0.02666271712488255,0.03410344710350843,0.02239928560124471,0.0038132767729845973,0.004686363860195719
2023-04-14,0.001074224694457504,0.013404239114711336,-0.0021139652936523756,-0.012765467918091855,0.07550989197168412,0.0024184114069716323
2023-04-17,0.0022436418178333195,-0.02663734903199766,0.00012089837252760027,0.009295881812753759,0.007929177090870043,-0.011632650562833136
2023-04-18,-0.004282604839014548,-0.013871824895793528,0.007504647642616602,-0.0014888626375156866,0.01122767194320251,0.01952918341183496
2023-04-19,0.019550341547772243,-0.003062245827151644,0.006968348342893282,0.0002775016212022141,-0.0012727822037053027,-0.003164035753683958
2023-04-20,-0.004698039106680318,0.010654772028380943,-0.005846269099522239,-0.00811249981412765,-0.002903377822042419,-0.007978071833151912
2023-04-21,0.030343912917452087,0.0011396802827636776,-0.009781012918426035,-0.0012232767271028733,-0.0019175222982481532,0.003199605333210176
2023-04-24,-0.007011967150520215,0.0053125021677831175,0.0018785259951723532,-0.013962697555084502,0.001351921031089498,0.018877616719313872
2023-04-25,-0.03427172037496595,-0.02000571050084987,-0.009435611677061861,-0.022536019096999205,-0.02174380786260255,-0.014213236769028637
2023-04-26,0.023496184744855597,-0.0013481134416449825,-6.09807138076679e-05,0.07243468746891746,-0.01772356066255043,-0.009183028295908113
2023-04-27,0.046103983455159314,0.03741212983613873,0.02839516624507854,0.03202777681792757,0.013458484110273838,0.011953441860132585
2023-04-28,-0.039792412663683274,-0.0023236364911085605,0.007541210912375362,0.007971753308143592,0.00868302737854898,0.01292473772533298
2023-05-01,-0.0322427121373291,-0.0013042814190273866,-0.0005303503328146775,-0.005532844513822965,0.021411986333977007,-0.031012566730495683
2023-05-02,0.015482549283793778,-0.017537417731538385,-0.006191374358187507,-0.0004909926617499005,-0.01614710799592356,-0.039853359412992395
2023-05-03,0.00019303553981608879,0.0008546996054277223,-0.006467425668309823,-0.0033069100365472615,-0.021163281081191587,-0.01970943800671643
2023-05-04,0.0033767339022539034,-0.006830443381515727,-0.009913389693038233,0.003317881973746273,-0.013678560467108913,-0.017511310644337197
2023-05-05,0.015961573674128537,0.008405726413525993,0.04692714239306661,0.01715730595545173,0.0195346729094672,0.024896311831626328
2023-05-08,0.0016089169321718,0.020839111403526456,-0.00040338885953439263,-0.006438161420253219,0.0024135159775262593,0.003956601530868298
2023-05-09,0.007464810562779034,-0.0038970896921280973,-0.009971256218292979,-0.005345835012084965,-0.004815110554593494,0.0002747618814826769
2023-05-10,0.033483395262233095,0.04098743312944819,0.010420797936261827,0.017296371316037673,0.0005131307635848348,-0.012827559059721327
2023-05-11,0.01805969525073503,0.04313197241296085,0.0010947973137303002,-0.0070444158786713285,-0.003150558265095804,-0.018098783633887394
2023-05-12,-0.01711533396079612,0.008063905357169165,-0.005417573054009139,-0.0036759672848906133,-0.014332998805216546,-9.472960808498687e-05
2023-05-15,0.008525256609829501,-0.008509915276169067,-0.0028972738471185755,0.001585917225274125,0.008426417968297129,0.0019070764091602133
2023-05-16,0.0197842143706235,0.025748866500887146,0.0,0.007367578043273815,-0.0067290296718822695,-0.024269603719847765
2023-05-17,0.018518504813616277,0.011128609958421798,0.0036029110203465997,0.009451541254720697,0.03074736922489496,0.02243488175800734
2023-05-18,0.022943736154795724,0.016468138405180133,0.013666267132715904,0.014395020436613226,0.007584023893723479,0.009063113997429761
2023-05-19,-0.01608126535201726,-0.0005698057471860141,0.000628288573596425,-0.0005650248352002674,-0.002294117107266569,0.004632512043765802
2023-05-22,-0.010666648290490466,0.0186542371965297,-0.005480590496272364,0.00892107564376965,-0.00826236465718655,-0.012139908615143469
2023-05-23,-0.00017393506729324049,-0.019912051173136214,-0.015155080503892138,-0.018431871348356776,-0.010432816003646983,0.013623011852815115
2023-05-24,0.015305697616549097,-0.01354437658450125,0.0016321010749065223,-0.004472505905372515,-0.009151610083688588,0.011184066490239841
2023-05-25,-0.01498929336188437,0.02133991624926579,0.006692327151079702,0.03845778285681534,0.002438785560822776,-0.017938310161232707
2023-05-26,0.04443478791610045,0.009151306546765436,0.014104845712444192,0.021385541302553657,0.009360581344232788,-0.006530471302181429
2023-05-30,0.01290486257498391,-0.007543673214848834,0.010659623749841307,-0.00504673281341983,0.0037973328066485124,-0.00885974234603959
2023-05-31,-0.00887721353399129,-0.006468706030378191,-0.0002822076587193356,-0.00851415622664109,-0.01273093668176617,-0.01787771595592791
2023-06-01,0.01816217265513198,0.006917882160337285,0.016022579491052902,0.012759376085668572,0.013779241653443908,0.011548320680978774
2023-06-02,0.01205508998453797,0.007678693000285675,0.004775402831636466,0.008479081788023146,0.021005997785640274,0.023219734285398808
2023-06-05,0.00845072878678299,0.010748327913029598,-0.007571090767336086,0.0016100442319741948,-0.009824159164323776,-0.004443951434084825
2023-06-06,0.01045488848114906,0.010316643552928495,-0.002060322290562411,-0.006727398367640691,0.0017976363000054008,0.008167804989020144
2023-06-07,-0.04249267220189956,-0.03778178769285234,-0.007756418055724579,-0.030867892117555473,0.00968816830311181,0.02242121433194466
2023-06-08,0.024911297199049942,-0.0029387634975550636,0.015465236420487694,0.005813506416022962,0.00028451417018215963,-0.0031328451781234
2023-06-09,-0.006599595129369917,0.0007368720754028502,0.0021597449711938665,0.004703910375216891,0.0019896332886955026,-0.007394451810789016
2023-06-12,0.025439515368102628,0.01153555587335342,0.015638804671419537,0.015483896501002459,-7.07634350433084e-05,-0.00903258821993791
2023-06-13,0.0007111003199982147,0.0015367323225201623,-0.0026117910523343335,0.007352924563896579,0.007234094559676052,0.0001881440108466581
2023-06-14,-0.001894879884926537,-0.001292206173673649,0.0034913100366440464,0.009123693324436744,-0.003732109512037285,-0.012025639822863976
2023-06-15,0.005458016543269828,0.011482273732680737,0.01119878542881625,0.03189670444399839,0.011308214407299122,0.006941757695330564
2023-06-16,-0.012744888197649185,-0.012471011474561311,-0.005859906231176715,-0.01657586732916405,0.0011881295773497058,-0.007177132196068636
2023-06-20,0.002310948445805039,-0.003480961509535585,0.00048663984773900104,-0.0125024376760271,-0.005095711416004289,-0.022924106806201383
2023-06-21,-0.007552845901271921,-0.020714746090013003,-0.00567528928054839,-0.013282194112120282,-0.001473293489735461,0.011195640732541534
2023-06-22,0.04261789623803569,0.021567625390965794,0.016525524960775195,0.018437641946344785,-0.01925245527788888,-0.0054876523356585105
2023-06-23,-0.006300361919969633,-0.006577271755376035,-0.0017114152707000674,-0.013805924546801407,-0.005229941651111902,-0.008712641547868993
2023-06-26,-0.015464315871677181,-0.03269583663035236,-0.007552975100209691,-0.019163130967410402,0.002448821833968662,0.01845708781031985
2023-06-27,0.014529104045574393,-8.442425778198981e-05,0.01505900655409187,0.018168157633497328,7.168870406504269e-05,0.0024931571412789566
2023-06-28,-0.001083754432466999,0.01563424687919346,0.006327821399373823,0.0038257544527280363,-0.004382129523005984,0.008129942260880707
2023-06-29,-0.008834406537251538,-0.00898654791004494,0.0017966272896852153,-0.002382158054745176,0.0349231036858908,0.012333864871854727
2023-06-30,0.019233769000189582,0.005037720050863781,0.023102385173384032,0.016385884164187514,0.01401390451564355,0.00515461269146722
2023-07-03,-0.0010739443770555468,0.0016709729189343658,-0.0077844608735515575,-0.007488381450060033,0.008044403836316993,0.001958415133836988
2023-07-05,0.0012287180203460757,0.015429463379811992,-0.005871517791895098,0.0004734151337748571,-0.006661535261729634,-0.005118233927142057
2023-07-06,-0.015493205988729275,-0.013470241923064341,0.0025087027582613164,0.00922676487953722,-0.009886612340691103,-0.037321269892560016
2023-07-07,0.011062622017709689,-0.005245154869174873,-0.005891093369554623,-0.01186744759573033,0.007890292563634826,0.00233188407317253
2023-07-10,-0.02041918285409683,-0.025359924518957078,-0.010855989095769236,-0.015983810438728208,0.0056117741784307285,0.014831585164294392
2023-07-11,0.012978852839820698,0.005925370707467348,-0.00281008451272724,0.0019286257830510856,0.015639072144156163,0.012226336587910724
2023-07-12,0.01568569880112225,0.015280745045642696,0.008985581374056029,0.014227126056266304,0.004951643416218232,0.004907104381820959
2023-07-13,0.026758409161619312,0.047170670375677126,0.004057529405092408,0.016192003498249452,0.004860241780937802,-0.018311625198712433
2023-07-14,0.002829408900884234,0.007065905664028316,0.0007872251386682461,0.007529484227276395,0.006045616506495044,-0.03443646386374988
2023-07-17,-0.008315972513331604,-0.006139287827392148,0.017305654702423068,0.0014194665169409149,0.024103534384762648,0.00435895154218513
2023-07-18,-0.005465676406731013,-0.007139944341679971,-0.0013403307272055187,0.03979959559129842,0.0018255204959787275,-0.004537364520057152
2023-07-19,0.019046892602732513,-0.013978696049778638,0.007071640225487119,-0.012267146122719286,0.003839782278680204,0.006936058906859444
2023-07-20,-0.03989357175040831,-0.023191049097982752,-0.010097365267987657,-0.02312181751685527,0.012317379940073758,0.017614682340724164
2023-07-21,0.00030773533446226686,0.0068792351512223515,-0.0061616245526501245,-0.008936902930973822,-0.007684769440215122,0.004641832474166607
2023-07-24,-0.009230745755709147,0.012581226377613719,0.004219976778186751,0.003897847019523226,0.0196839149531165,0.015689534519346404
2023-07-25,0.002562125956798944,0.005595226197393277,0.004513571284241458,0.017009147951245085,-0.007468308973184623,0.0015163911234050698
2023-07-26,-0.007589335934878205,0.057769482610569245,0.004545198604095857,-0.03763739559928214,0.005993888763352828,-0.005582966541146539
2023-07-27,0.0007803832093540297,0.0010055520908494042,-0.0065809734824707755,-0.02087231508579601,-0.011029243489240725,0.0031401330626068535
2023-07-28,0.030877245332297854,0.02457511288903258,0.013507934616207251,0.02313116248262781,0.005704205597957035,-0.011951987879124326
2023-07-31,0.011118568090654923,0.0010560360968117077,0.003165771175626997,-0.007240324906614304,0.006691746779847518,0.029569797135781117
2023-08-01,-0.014886223394710907,-0.008815645555466656,-0.004275789991635581,0.001250349088723901,-0.0049378267432870215,-0.005781495596380304
2023-08-02,-0.026425663778747666,-0.024097166621067423,-0.015489929515156264,-0.026283056185135267,-0.011324735293840038,-0.012474104569247912
2023-08-03,0.005459768439170398,0.000545232340683377,-0.007321818160910487,-0.0025648957544293083,0.006113272649883372,0.017380546242535155
2023-08-04,0.08269337801006271,-0.002647076483043076,-0.048019884230076415,0.003428559515359586,-0.002110480374065027,0.002800568207496301
2023-08-07,0.01898684357254843,0.026695851075162258,-0.01725359747063193,0.0071085541774931205,0.004742952929334132,-0.0020480405861424966
2023-08-08,-0.016031491771390738,-0.0009882742500837427,0.005311666548042826,-0.012299121369658272,-0.005613747082856224,0.004944109502089011
2023-08-09,-0.01493494570121734,-0.013241963822012925,-0.008954346390161794,-0.0117160500332949,-0.013407826486582342,0.016986733520593322
2023-08-10,0.005150463718840648,0.00023116067233908133,-0.0012346948290994364,0.0021727098299535452,-0.0014955900707488423,0.005111584045262241
2023-08-11,-0.0010825194798443905,-0.0010022956416044781,0.0003373569039391011,-0.005945818879036668,0.005795905534477841,0.015528503797169524
2023-08-14,0.015605834874352187,0.013661602791563254,0.009393399898766086,0.009438854729066692,0.0020719610990966864,0.0008045582584499389
2023-08-15,-0.020630355012962953,-0.011802332498553891,-0.01120030816574591,-0.006727558512203413,-0.025457291723383957,-0.025673245708892845
2023-08-16,-0.018885675014943426,-0.008321860120630964,-0.0049592236478875895,-0.0024283395249407036,-0.004243270771250751,-0.016827113273584993
2023-08-17,-0.008069975106044458,0.009479567809934197,-0.01455505308098115,-0.010986089968131663,-0.010386783023178303,0.019371978905378562
2023-08-18,-0.005672447612115605,-0.018934779151907888,0.002815993077294854,-0.0012624702508373664,0.0022876559576001654,0.015129123669174405
2023-08-21,0.01095925117625085,0.00713942365757636,0.007736748473957222,0.017062676027828072,0.003423432965357298,-0.012086514043270657
2023-08-22,-0.0031926989840012077,0.005530876746165925,0.007904877965549506,0.0018019672298807965,-0.020738547270139573,-0.00561123561456689
2023-08-23,0.009459994580714559,0.025487969071564365,0.021948967128730956,0.014079289341789591,0.006763123428116025,-0.008788015221488421
2023-08-24,-0.027154721211281152,-0.01956621146882709,-0.026170473230499147,-0.021498387358784288,-0.0009497630956591951,-0.007466411298510556
2023-08-25,0.010770617478674804,0.0007706535324625285,0.012643242174957603,0.00940694929927699,-0.001222569543814278,0.017865640866063348
2023-08-28,-0.0009004586682715976,0.008700244778833799,0.008846081047125143,0.002229296412161741,0.003468020872637201,0.008406600552743004
2023-08-29,0.013294308852149106,0.027173550316271555,0.021810267945843398,0.014550598939787163,0.008132348023977887,0.005954338778564328
2023-08-30,0.0011860029483812262,0.009734757653746984,0.01917203408921586,0.001156921476375361,-0.004033318431640676,0.009744131603826478
2023-08-31,0.021766395374215985,0.002134077675578494,0.0011726001873459957,-0.0031325367688365136,-0.012351493508565237,0.0027957887455942743
2023-09-01,0.0007970481467276525,-0.0037453645037799355,0.008463323758600927,0.0027457665034176237,0.003348742770595381,0.02095520979924581
2023-09-05,-0.006154002858205887,0.0008107828099519487,0.0012668603852921123,0.01487858195768843,-0.011034073749076057,8.813452807210354e-05
2023-09-06,-0.013914209970579572,-0.009648606016407046,-0.03579333519100103,-0.0020085542297492154,-0.0016528827278357028,0.008632148878225943
2023-09-07,0.018395430569861038,0.005949841084551988,-0.029249459742338613,-0.00892206537684792,-0.008554145350643472,-0.004890524973134358
2023-09-08,0.0027565441218631026,0.008280327703173329,0.0034915075287291764,0.013215473572501857,0.0007656561427034081,0.014567855120328987
2023-09-11,0.035231212663680456,0.003959367634458255,0.006622734406503961,0.01097928233884482,0.004379973991460728,-0.012542110157284458
2023-09-12,-0.013067856717097759,-0.011539386934583007,-0.017060744147297746,-0.018257911191127518,0.013014018116879855,0.029169384973082524
2023-09-13,0.025632022130484877,0.010122632919628005,-0.011854756903008523,0.01293100815728443,0.0004780567816062842,-0.008936729034992319
2023-09-14,-0.0008975138235036706,0.010167689861587226,0.008782591944548779,0.007855565568718026,0.019397582246427847,0.01786321103291577
2023-09-15,-0.029919857618376344,-0.005069013672536871,-0.004153964196038862,-0.025036861685384326,-0.002947729164072932,-0.015356231539207399
2023-09-18,-0.0029204620264398073,0.005895242642934839,0.016913507556600038,-0.0035129137246061592,0.0020829068336234435,0.008055024483704543
2023-09-19,-0.016788047695762587,-0.0012302130067318728,0.006180504195459013,-0.0012457719541965062,-0.0012741889028498044,-0.0026352749965172784
2023-09-20,-0.01700219075536713,-0.031150179963923552,-0.01999192843755848,-0.02397701733375046,-0.004230096220734669,-0.00792635757018767
2023-09-21,-0.04405345369833069,-0.024674746013035098,-0.008889319333579948,-0.0038657793780719762,-0.007821717080346624,-0.014089322184625885
2023-09-22,-0.0016238050792075631,-0.0014566794529834448,0.004944442157326812,-0.007886343771612792,-0.009582928902701182,0.0015686239634626897
2023-09-25,0.01665124873434287,0.00660273597636607,0.007380172400444973,0.001671819172514022,0.004940838343070908,0.011223288766332828
2023-09-26,-0.040298626825268746,-0.019372884794756295,-0.023398354428278534,-0.01700581465268125,-0.010378905974359753,0.0015484968856247505
2023-09-27,0.0,0.015322009691918215,-0.008897506228650043,0.0020825054462032533,0.005864583181034444,0.03255733802714267
2023-09-28,0.0,0.013559162133875757,0.0015254644858329058,0.002717517237502687,0.012416064796774817,-0.006073135407612007
2023-09-29,0.009049050319664964,-0.010958998144820375,0.0030465537881869675,0.006727423696394563,-0.01741294576297392,-0.01581984769449163
2023-10-02,0.01840783446134764,0.02529414172822264,0.01483566601021824,0.019160521695535282,-0.008619504641492193,-0.01658454339963933
2023-10-03,-0.03661366636292884,-0.01296846454109557,-0.007769876920428631,-0.026134247295916846,-0.0073730692785983765,0.0017297294325229196
2023-10-04,0.018280939360016735,0.021218805549730435,0.0073086367303265565,0.017773337328146344,0.004484706994954957,-0.037382472229769315
2023-10-05,-0.008188983586829512,-0.0012571156685284857,0.007197990009356836,0.0012540423342644047,0.004216349283507226,-0.022511209463673687
2023-10-06,0.015878056641289273,0.01858300511525557,0.014750395537233008,0.024737169827878214,0.015395300722763627,-0.01669881633151793
2023-10-09,0.0023444468936362206,0.006105382493569511,0.008451165659994597,0.007822564451545055,-0.0022741814942690564,0.03499125952251503
2023-10-10,0.009511938819224852,-0.0026006029297264144,-0.0033519812762533574,-0.004335787472406927,0.006078530691293382,-0.004237383686891083
2023-10-11,0.01814956889912689,0.01803548178226677,0.007903973981004064,0.012272014271214493,0.0034329399149974904,-0.03585334316531086
2023-10-12,0.0037927633547389927,-0.011241356362442279,0.005061357911992914,-0.0037903170144705234,-0.002326151428904244,-0.00018751279478290694
2023-10-13,-0.019194502454286222,-0.011585611107227889,-0.010292792289721131,-0.010357646141840204,0.015019355812375457,0.03193367449200779
2023-10-16,0.021265196921155027,0.012667739710690462,-0.0007270399185382859,0.014982060374544304,-0.0010133541025918458,0.0007279666181507771
2023-10-17,-0.008147882355257097,0.004457092708170185,-0.008784736698460582,-0.0017436781825711511,-0.0021644673432787975,0.013097062747438715
2023-10-18,-0.025405007278304192,-0.012596558761482912,-0.007394907363959535,-0.005872544731518881,-0.010980713011519816,0.014004759099233377
2023-10-19,0.002107149015711185,-0.0015223368311113594,-0.0021609369442645576,0.003665462410619158,-0.004249316759234789,0.0006197588421172906
2023-10-20,-0.025155731161039308,-0.015607878959844279,-0.014704246565465873,-0.01403473513205733,-0.01610592551857226,-0.01716508045583265
2023-10-23,0.011104892625885654,0.006637169648571861,0.0006940896641469685,0.008112004174429144,-0.013640801177623119,-0.01467418690096245
2023-10-24,0.015802781594350446,0.016923125851045162,0.0025433493974396093,0.003674350466544851,0.0012057287435083275,-0.00968476958545772
2023-10-25,-0.055771610960691276,-0.09509397482293624,-0.013491627775631287,0.030678043471289884,-0.005454604430000676,0.001845191034538729
2023-10-26,-0.01499299533713827,-0.0265107174968654,-0.02460552078379008,-0.03751436086761373,0.0025642062848061364,-0.009116904062852038
2023-10-27,0.0683281608245998,-0.0008995623611172121,0.007969161223494892,0.005855674745034234,-0.03601892498550763,-0.019051914299310746
2023-10-30,0.03890722509168998,0.018744452214083607,0.012305482209954421,0.022740299311024392,0.012749616744748726,0.003126468206842592
2023-10-31,0.002863308000901066,-0.0030532149326639724,0.0028186760423343227,0.0023717345213660757,0.011934216219875893,-0.0002833241683574128
2023-11-01,0.02937864429857373,0.019100496505344067,0.018738688318080454,0.02354265815994716,-0.00086277793317735,-0.001984068338252487
2023-11-02,0.007810272439553012,0.008224669748325919,0.020693204252196118,0.006501637006932182,0.01784936316491703,0.03284754448955418
2023-11-03,0.0038386235328597973,0.01262861262759829,-0.005181096249211703,0.012861551872348276,0.011172528554305616,-0.012189532556711957
2023-11-06,0.008225103459209127,0.008907584909548127,0.014605193074266776,0.010572715406683919,0.007552299555615205,-0.017721273957804873
2023-11-07,0.02125376487729147,0.005527808762943787,0.014450779518401013,0.011219213461552302,-0.0004858171925830046,-0.015679593795199676
2023-11-08,-0.004414580990635519,0.006642838361792025,0.005884877149245016,0.007405744694152228,0.0049301941584165565,-0.012282888461168096
2023-11-09,-0.010416636461610618,-0.012135807550507471,-0.0026244865943758633,-0.0069108203171267535,-0.002971219808996728,0.00029144429748506617
2023-11-10,0.021052569890351647,0.018043376250976628,0.02322013040387394,0.02489666900972609,0.014830957740360251,0.00767268040231972
2023-11-13,-0.006756765374750118,-0.0037710245065507575,-0.008583721925690346,-0.008088186557282828,-0.004438762808405383,0.010506151379853668
2023-11-14,0.02251214528584833,0.011582921588837225,0.014285619964398366,0.009790526549091405,0.018246770767651466,0.003850291377067716
2023-11-15,-0.017832688951265996,0.00748402756144273,0.0030409252257044272,0.00040588823348430836,0.008757749852137175,-0.00604070707041815
2023-11-16,-0.0025837648398919777,0.017159347382872836,0.009042296345013856,0.017583205519052125,0.01141966137152206,-0.01157650073191796
2023-11-17,0.016453061783939793,-0.011830731300948694,-0.00010567376960490815,-0.016800608895226166,0.009046084260890375,0.02439981446681494
2023-11-20,0.0065436854591447435,0.006946852556208638,0.009278535014608513,0.02052183565237109,0.0030753612803058328,-0.004382609008820149
2023-11-21,-0.015260459261028925,0.005284608832402338,-0.004230967965216936,-0.011578165371535443,-0.002087548911259396,-0.00038282916783827226
2023-11-22,0.019527539517508297,0.011097299599778454,0.0035143765050169584,0.012812543675809529,0.0023532863769069046,-0.004307803016493694
2023-11-24,0.0002044767086364363,-0.012997441506288898,-0.007004299296389127,-0.0011115311143494733,0.0013696330229824305,0.005384060855811779
2023-11-27,0.006746559883569869,-0.002048453833488395,-0.0009474046900148636,0.0031263834900179255,-0.002279423852700524,-0.005833483754405178
2023-11-28,-0.00473835354015173,0.005791433679738889,0.0032138792579747832,0.01080277321686629,0.002284631496227707,-0.0005769076506009219
2023-11-29,-0.0048288883967405605,-0.016107920215517324,-0.0054096616757077776,-0.010060151336776957,0.005080175019285038,-0.015014719836422885
2023-11-30,-0.001571972217158657,-0.01822350868085887,0.0030628650731838736,0.00015840620853802,0.01140504371872253,0.00390868761408969
2023-12-01,0.006434406632690459,-0.005055436967216331,0.006791329403299962,-0.01161231651723793,0.004869263842362415,0.0024333073445974573
2023-12-04,-0.014894936132684111,-0.019642118309185608,-0.009464675229586716,-0.014338617965534262,0.00733225959002981,-0.005437384080105079
2023-12-05,0.014084566393959497,0.013305583398244503,0.021063348464250176,0.00915625470642012,-0.00012658402859810902,-0.01942801463367083
2023-12-06,-0.016067541747663228,-0.007405240666208401,-0.005687081554814122,-0.009986066575113361,-0.010508214202784805,-0.01324158531256947
2023-12-07,0.016329923474831087,0.05314561270134588,0.010139194482782443,0.005829848724240749,0.0030706685422201563,-0.006961982225729968
2023-12-08,0.0036764247561378305,-0.014167782465820622,0.007412431922589446,0.00884211338502916,0.011033734323305788,0.011481300331340094
2023-12-11,-0.010378502226973785,-0.012593528893089623,-0.012927291374608574,-0.007829462842036672,0.0036590722137008758,0.0007032219389258021
2023-12-12,0.010898597193382598,-0.005776740494560451,0.007919966452812677,0.008295273287038274,0.00892506732776921,-0.015759824708324155
2023-12-13,0.009221593773735215,0.0003773015919850131,0.016691684879036828,-2.684090374238668e-05,0.0033644046252725435,0.008872965928571563
2023-12-14,-0.00954043404920335,-0.00475234638829336,0.0007576511176934364,-0.02254438819337501,0.018191877177453186,0.026890526307144835
2023-12-15,0.01729753821347546,0.005002321831516721,-0.0027256661674057714,0.013117207067349312,0.007561061402050484,-0.006694278016676991
2023-12-18,0.027338841569267247,0.02413273561842333,-0.008503365464367696,0.005178932690910187,0.0060523612238765345,0.0074332064259328146
2023-12-19,-0.0018174467759756174,0.0062590927733239266,0.0053603111323710095,0.0016369652260932455,0.01335481639110725,0.013182309449344176
2023-12-20,-0.01085895208954335,0.012367433645146919,-0.010714124665080704,-0.007072921520826503,-0.011279139786929293,-0.016700755288820646
2023-12-21,0.011306871390431628,0.015035446250647011,-0.000769823062776398,0.007878780603828961,0.005703807885110601,0.004542627147106293
2023-12-22,-0.0027300973670256745,0.007619977063438199,-0.005547615065788825,0.002784155838769342,-0.000596888913360738,0.0017692316342399206
2023-12-26,-6.514474615582078e-05,0.00021215973386690123,-0.002840936967513641,0.00021361593980206983,0.005914073021297206,0.0022570085863447
2023-12-27,-0.0004563413242133496,-0.008126060981571204,0.0005177874220216871,-0.0015747904652644307,0.005997780151603571,-0.004699526914561103
2023-12-28,0.0002609139551152939,-0.000997539709121087,0.0022263252040450876,0.003234722291182157,0.0053130846781048735,-0.014459926279083213
2023-12-29,-0.009388462612883952,-0.0038506640109303714,-0.005424037622873246,0.0020251515381874974,-0.0011744349985239877,-0.0020960237520125657
2024-01-02,-0.013228970207501023,-0.010881326865074703,-0.03578652698062179,-0.013748642162017322,0.011640111484204851,0.023804720797852008
2024-01-03,-0.00973782115920796,0.005427985740326324,-0.0074875415634808595,-0.0007277884232819165,-0.0043582227816293395,0.008401771591832308
2024-01-04,-0.026267891590348702,-0.01821161671232152,-0.012700207358706583,-0.007177748241722792,0.006635930181922767,-0.00871942675302484
2024-01-05,0.00463442024626004,-0.004839335549612689,-0.004012969537175892,-0.0005161975694829568,0.005017269467965324,0.0030296931969793217
2024-01-08,0.026576703830634596,0.022913075599936494,0.02417483007973198,0.018871372251636487,-0.0014510200454349587,-0.016661685739578824
2024-01-09,0.015224607114340927,0.01519739954671473,-0.0022634531635657984,0.0029358586417151944,-0.00790620103730788,-0.01238594909809454
2024-01-10,0.015590940651907248,0.009436104353934605,0.005671303170917685,0.01857416822892577,0.002109429506081062,-0.00983233735232758
2024-01-11,0.009432101662268044,-0.0014057874124412395,-0.003222433519214807,0.004859164293639973,-0.00421007239109128,-0.00020301933513466874
2024-01-12,-0.0036086969005325598,0.004011695523729708,0.0017780806249629855,0.009983709096109239,-0.007339875944774477,0.012972520117655595
2024-01-16,-0.009442449238027617,-0.0011214541781506826,-0.012317060061503349,0.004633462945150102,-0.006270409557171064,-0.02261110170691294
2024-01-17,-0.009467203666572499,-0.007158485365618583,-0.005173589134882417,-0.0020497216737362933,-0.005357486792473054,-0.007267938294228005
2024-01-18,0.011798781932089941,0.01420800775809239,0.032570747470771266,0.011297223234246312,0.0019749094111363164,-0.0018559729754333842
2024-01-19,0.011986946826648914,0.020211989582486156,0.015532919495514497,0.012186949708957284,0.017262150041254865,0.0015494201042847155
2024-01-22,-0.003604979862209201,-0.002664256839659651,0.01216340032431229,-0.005418023155864704,-0.00117425063622556,-0.001340873072366744
2024-01-23,0.008011406531487353,0.007192169058942266,0.00665324435575898,0.006027520777026174,-0.00658404476851715,0.011258182264022087
2024-01-24,0.005447960655367012,0.011289489762886573,-0.0034839072557569795,0.009175380901103924,0.008935432370420937,0.017260602776607792
2024-01-25,0.005609771850602074,0.021317866774332117,-0.0016967065058256514,0.005738242595873411,0.014310817768695472,0.02540165690626317
2024-01-26,0.008684596622424712,0.002107045877485225,-0.009012751818466835,-0.002321897149108021,-0.003816487956996628,0.008518418261974636
2024-01-29,0.01344896590822775,0.008673554746396528,-0.003585731145052451,0.014334192615207852,0.0026120393892141713,0.001262274053829504
2024-01-30,-0.014014601164705653,-0.013354082081972085,-0.019246046802150585,-0.002757972185043367,0.020494610033192195,0.016678002951238557
2024-01-31,-0.023899390262627773,-0.07500335405393321,-0.01935768802778426,-0.026946284459305136,-0.010835764179877305,-0.01945642469102915
2024-02-01,0.026288672108771616,0.007566069882804838,0.01334075756848585,0.01559430655106575,-0.003613304730886391,-0.004085218236170363
2024-02-02,0.07866649218561839,0.008642654675938832,-0.005405107849233981,0.01842592228040485,0.005756229698242743,-0.004101894741000978
2024-02-05,-0.008730574595861018,0.009130389513334558,0.009846705296579161,-0.013545127767458975,-0.0013163758331693476,-0.0041189521714756205
2024-02-06,-0.00681113075414308,0.0029232491736710386,0.008631668014769112,-0.00039427879306974667,0.003438349997488821,0.006893150252847313
2024-02-07,0.008158468416245013,0.009993126607379388,0.0005809960365643629,0.02111017645123603,0.0018845666208535672,-0.0002932373008871503
2024-02-08,-0.004046223223746481,0.002542129874129939,-0.00575456313649958,0.0001447140706181127,-0.003590899778301626,0.017119960801559975
2024-02-09,0.02714319777292107,0.021177401754384206,0.0040939591425863675,0.015551581711539475,0.0012012189377681448,-0.02116014473046257
2024-02-12,-0.012095159915523457,-0.009865754206745958,-0.009001956627478491,-0.012578696376332577,0.004456829273290497,0.013756579881949893
2024-02-13,-0.021469171561243172,-0.016200057890889186,-0.011274319831029667,-0.02152870972858112,-0.00870358945535743,-0.00860907575891856
2024-02-14,0.013875689909627953,0.005511920929050618,-0.004809851279655497,0.009665301587209019,0.010157241323303978,-0.004933802226629758
2024-02-15,-0.006901349311422389,-0.021721239712834906,-0.001574762784602446,-0.0071551270182352855,0.021814633579493092,0.028659402374112686
2024-02-16,-0.0017079419299743659,-0.015759401453710353,-0.008430215144822228,-0.006149209294083691,-0.004670156141247328,0.0
2024-02-20,-0.01433539469369316,0.0042696358167384485,-0.00411404598451548,-0.003142967437440136,0.003909967538349823,-0.009447603525445714
2024-02-21,0.00903755380828164,0.01013324420351669,0.0041860946418292855,-0.001514531134080288,0.006509633997049846,0.020437988644975702
2024-02-22,0.035530017339574504,0.010803186074885618,0.011243799530782361,0.023546705420879777,0.011995702416332854,-0.0008583793862988465
2024-02-23,0.0023485144793740087,-0.0009022354927583631,-0.010034078032436167,-0.0031824046598726285,0.005025538795365714,-0.00878199608481689
2024-02-26,-0.0014858549486425066,-0.04438708551517012,-0.007451087606437645,-0.006823599051955065,-0.003424272003512918,0.00394844713790965
2024-02-27,-0.006810521779339163,0.009522246120341471,0.008114287670221598,-0.0001472115189508072,0.0004907873875008573,-0.002110555812261272
2024-02-28,-0.0021896371944472026,-0.01800115566532612,-0.0066253837596634835,0.0005890089811486643,0.005069653940213303,0.002787840527721519
2024-02-29,0.02078996747858297,0.015251528827011418,-0.0036930366003010695,0.014519675516021957,0.009111496518036999,0.0019171134617030905
2024-03-01,0.00825982552183624,-0.009533529900960125,-0.0060305230745912874,0.004496858580178786,-0.004138640480284228,0.01262913102793184
2024-03-04,-0.003591063770984282,-0.02763584271040198,-0.02538141277269157,-0.0013959317833445173,0.00750193172268343,-0.013983367958845472
2024-03-05,-0.01948421375262155,-0.005099501697852116,-0.028440657842008332,-0.0295720612571877,0.010017282970282926,0.012265139314051376
2024-03-06,-0.0035033346396604603,-0.009572487007499575,-0.005878361236455132,-0.0013907375628937624,0.005197434536964973,0.010696931294267742
2024-03-07,0.019076784751165476,0.02267851785134578,-0.0007096000218169696,0.017533348346692623,-0.008758534238176519,0.005619597705636803
2024-03-08,-0.008313545751684748,0.007664971880401605,0.010236814178128162,-0.007136808035643316,0.0018630372720442878,0.00940659867886895
2024-03-11,-0.019332758891648982,0.01669010284063699,0.0118314476325585,-0.004184928188864401,0.00037200000239234754,0.0059050260887858474
2024-03-12,0.019946455814511488,0.0060290453772939845,0.0027786674700536196,0.026599400831613718,0.008231859252834761,-0.006420851449140064
2024-03-13,0.0066708374081581034,0.009313813700829288,-0.012122572609349014,-0.00043347808774618635,0.008112213775829158,0.011170724942318522
2024-03-14,0.012403729449981915,0.023678647865733593,0.010927210727809777,0.024379708647018772,-0.01781803985680297,0.01771212288795687
2024-03-15,-0.024223786467438835,-0.013417493431155503,-0.002196610749804262,-0.02069527029306706,0.012395674304064075,-0.0017942917325901586
2024-03-18,0.00034398325434925603,0.04604075280810305,0.006372453002567058,0.0021613080152889097,0.01240150435474452,0.009256858255908051
2024-03-19,0.00813845829732096,-0.0044014092765454205,0.013585077148324576,0.00980064020034943,0.005865246569396687,0.007034674579106115
2024-03-20,0.012791359170393646,0.011630218906432122,0.01470924476226032,0.00906472419699389,0.013106908264338468,-0.0008842217795262952
2024-03-21,0.0,-0.007664341303817768,-0.04085740170846308,0.009735978200686057,0.013905180890707358,0.004425166978689665
2024-03-22,0.0040415450203241665,0.02147705268638367,0.005310181858539265,-0.001467205777581082,-0.012257502558089883,0.0
2024-03-25,0.004696213001679439,-0.004642731920647902,-0.008300455985181587,-0.013714669627939324,-0.009154756208773263,0.010221038376965641
2024-03-26,-0.007845994154095037,0.003997826547894823,-0.0066723979372481645,-0.002861428994629156,0.00467093002082275,-0.007501053971583294
2024-03-27,0.008581036192426339,0.0013274046949585117,0.021212534904465175,-0.0005218598980716305,0.01936333039061955,0.010370065185803412
2024-03-28,0.0030584610251771505,0.00039783635793710914,-0.01055924414256948,-0.0016846616650717516,0.003909492252023528,0.01104631010508017
2024-04-01,0.003270852211551434,0.030212625725298592,-0.00845576008964355,0.009150964452797616,-0.0067898589593484715,0.006452198680180654
2024-04-02,-0.0015472110151306673,-0.005981014249807015,-0.006998782627139488,-0.007372303406522396,-0.00040215292060830077,0.019574261772193235
2024-04-03,0.009519072430478559,0.0023290335586405586,0.004797469707475965,-0.0023489506610573363,-0.0028159603866780847,0.00016759822312839567
2024-04-04,-0.013212014767422287,-0.02833707619539727,-0.004892309544345164,-0.006112463388256439,-0.007608474137667631,0.0035206940515561946
2024-04-05,0.028166707356770848,0.013087074229832574,0.004501814842648999,0.01828259475102545,0.009200151863589578,0.013782072390988276
2024-04-08,0.0006483768975988902,0.015409940121525523,-0.006663607351271139,-0.0021854370363234565,0.005216405693883708,-0.0067561088488939935
2024-04-09,0.002591909504893186,0.011301160993751447,0.007242717289073219,0.00398038972040804,-0.006700979233231208,0.005226041897179012
2024-04-10,0.0015080453603608657,-0.0029373617751137227,-0.011139424310798729,-0.007084487680420359,-0.008521288055250764,0.008417218708674623
2024-04-11,0.016671181255133227,0.020942924047109734,0.04327091568561037,0.011033289668057167,-0.0002048087524660902,-0.0033552107592575986
2024-04-12,-0.015445639364236818,-0.010539170668009357,0.008626672936359325,-0.01409105023144508,-0.06467784771935059,-0.011659359756899468
2024-04-15,-0.013485250630092094,-0.018195733846255058,-0.021863588687535573,-0.019578243197171608,0.0005471906448593078,-0.005732303279169404
2024-04-16,-0.001633742516860992,-0.002970266912479147,-0.01916731060886545,0.0022726027201864785,-0.011427722218336989,-0.00827202085161971
2024-04-17,-0.011128128209780819,0.006930132957494228,-0.008147236926199564,-0.00660917547133566,-0.003982411069360703,-0.0005056399580540827
2024-04-18,-0.011363622972558218,0.003473200697472034,-0.0057142778443191045,-0.018380924482627403,0.006497126411014076,-0.000927256316202496
2024-04-19,-0.02561096030926935,-0.01230698549999032,-0.012212488245768593,-0.012738936676245483,0.025103600093890455,0.011474887483234886
2024-04-22,0.014888568814227066,0.0142125379994551,0.0050907610096413425,0.00461019270082641,0.019429472539479686,0.005672285603882887
2024-04-23,0.01303389727631088,0.012669492134808502,0.006391515655246316,0.016485261591104194,0.014413263098985718,0.003898513435002915
2024-04-24,-0.016430862529557833,0.005497557235661921,0.012702401783511785,0.0036557886978207943,0.004892259863091164,0.0001653106017232009
2024-04-25,-0.016535467634067658,-0.019669666996998347,0.005147187194528335,-0.02449502464146147,0.0015017530250558409,0.002313083847406583
2024-04-26,0.034260361668536854,0.10224362001180798,-0.0034728120734628387,0.018243848815692187,0.0006206856579777931,-0.027775604057939107
2024-04-29,0.007460258507441919,-0.033730744738367124,0.02480804680057358,-0.010016823482288828,-0.001085257584656385,0.014242056756140986
2024-04-30,-0.03293549122868411,-0.020282956677603603,-0.018270740028672128,-0.03211936122875292,-0.007967781123134454,-0.01145087716419757
2024-05-01,0.02285714285714291,0.006634932148435135,-0.006047253632554206,0.014409424865671427,0.0006258787087753959,-0.01893970328592176
2024-05-02,0.031955314082140474,0.016843405286413038,0.02203188675380785,0.007342853168805119,-0.0010424787160595583,0.0018098513590201204
2024-05-03,0.008066292135759712,0.0037213020288662246,0.05981633006920939,0.022169743759661742,-0.00600021605415868,-0.0020646244407867
2024-05-06,0.013371946429286963,0.005142347933879021,-0.009106868895356612,0.01691838540093693,0.007821040389546452,0.00646554760779483
2024-05-07,0.00031795209095974997,0.01873866448713457,0.003797243882767587,-0.010156345271585598,-0.0013021067532683617,-0.004967923904051763
2024-05-08,-0.004026247769404523,-0.010919603102981679,0.001864293473366141,0.00293158714598718,0.02033916592035112,-0.00017222640022851454
2024-05-09,0.007978723404255428,0.003424181010809546,0.010014096514699977,0.004335739530982652,0.009455600411136578,0.01971596558470856
2024-05-10,-0.010659653152828352,-0.007707915123083442,-0.006890288909748854,0.005869149669190943,0.00643041707490033,-0.004052825983465791
2024-05-13,-0.004853789332504355,0.0029056640870488426,0.01764549456412423,-0.002459374866397135,-0.00020140850825456358,-0.00042375386181059405
2024-05-14,0.002679959159411549,0.00709471598746636,0.006173439293038818,0.006864677332844016,0.013989045803922018,0.006070343287922775
2024-05-15,-0.005773249525686142,0.012739121743282844,0.012217948790652189,0.0174839896457879,0.002977350602273443,0.007733620269399388
2024-05-16,-0.01268885714634993,0.009680672724835748,0.0006325872306205405,-0.004939928853302189,0.0017813763388700998,-0.005987549595946162
2024-05-17,0.005826891232250109,0.01079336404845721,0.00015806711506982651,-0.0018528803435423624,0.011458268516380876,0.015016532320466958
2024-05-20,-0.006280474722663021,0.004884734910491906,0.006161939478787071,0.012208263083569815,-0.04497276674931183,-0.008107810322604547
2024-05-21,-0.0021248741632043933,0.005256632024446706,0.006857323199947585,0.008698800427812792,0.02014523271183255,-0.00690983119286781
2024-05-22,-0.0001091401274257997,-0.008265377019376463,-0.007538427915319668,0.0034496146881468626,-0.0060645767401099615,-0.0201102434003112
2024-05-23,-0.011358061353112014,-0.01604501170485162,-0.02105813991958161,-0.008176252823906771,-0.007009214690617549,-0.01705924745129661
2024-05-24,-0.0016570176564539851,0.008297465522728587,0.016588245544346902,0.007400487955269375,0.019246420235497608,-0.0007928908403845858
2024-05-28,0.007745471073219434,0.00805764018133348,5.254210118299518e-05,0.00037211613597598614,-0.006028620053633249,0.012696176579644947
2024-05-29,-0.000713640562059914,-0.0028346421510816455,0.0015790990719264375,-0.002672419307343521,-0.006967405221771306,-0.010708765277767651
2024-05-30,-0.0148335176621609,-0.021546218163805753,0.0052551219771634905,-0.033786112580506567,0.006158340423735753,0.0031682859658244134
2024-05-31,-0.016060700229647673,0.002266046872063665,0.005018518267986272,0.001109236677124814,0.01655532091830647,0.028686676275372802
2024-06-03,0.01076849847083472,0.0038840408160278894,0.009258811146630297,-0.0038783627292483525,-0.0039973567673659005,-0.023963848153183198
2024-06-04,0.00560726713319748,0.0035801019475210083,0.0016492693127221347,0.006166529965820011,-0.013180162609947255,-0.015552672886748775
2024-06-05,0.010817455564965828,0.009321846681938917,0.007820852674500278,0.019083455643597036,-0.009540142493636217,0.0039940110442522325
2024-06-06,0.020520748266509736,0.0075250345952375675,-0.00709647442834338,0.0012028670255870288,-0.001774112929351479,0.00751410312264067
2024-06-07,-0.003783767287795614,-0.012844438819387238,0.012391986942829725,-0.0015783356780312285,0.015438318663655748,-0.010704465258543405
2024-06-10,0.014975553234585659,0.004304010670508784,-0.019147686695754396,0.009484472630660878,-0.001700270136974713,0.002926742488065015
2024-06-11,0.0009087895389929823,0.009199420648681844,0.07264888101093048,0.011241704285112286,-0.026301275195867335,-0.008047389220334211
2024-06-12,-0.0018159287809063063,0.006624442819334275,0.028578573769935778,0.01936758091932278,-0.01456071687072702,-0.011054623791180829
2024-06-13,-0.016373254687715777,-0.014792660162935456,0.005491072993922597,0.0011790681770154077,0.011121068776563936,-0.008023129456743328
2024-06-14,-0.0009247574783879386,0.009305750426350512,-0.008168404377468241,0.0022419223617329287,0.000619590962640526,-0.008451471505648844
2024-06-17,0.002177904217078641,0.002545345462044324,0.019671599445914234,0.013105217993762075,0.006192568109709473,-0.00687370258453035
2024-06-18,-0.006791263808433312,-0.012130508569565546,-0.010984453070528755,-0.004527385365127201,0.010360061436324841,0.00941292521635595
2024-06-20,0.017996874289478493,0.006910750136758015,-0.021512958281384442,-0.0014339513255194891,0.008477133416914695,0.02157611809828497
2024-06-21,0.01601287280926522,0.01888825772491942,-0.010444366979176611,0.00915414962035932,-0.01192932121022805,-0.008770202979095143
2024-06-24,-0.0185635417434159,-0.002282455786835169,0.0031325939139703607,-0.004691065343013778,0.013143151794114294,0.029703895941880942
2024-06-25,0.004149318226444931,0.026838511293819423,0.004468147730627425,0.007326751224408401,-0.004072809744323558,0.0028057318736982584
2024-06-26,0.03901472799901873,-0.0008149858467856319,0.019993315766097863,0.002683100248994874,-0.0032312612315408273,0.0003498331685440892
2024-06-27,0.02189972356695158,0.008320656213227196,0.003985960289202284,0.0015262083768361467,0.008813366341043682,0.004282836091439313
2024-06-28,-0.023249966952787804,-0.017582769360398487,-0.016254244080591285,-0.013028741166727476,0.015514394865150383,0.0019146043355484643
2024-07-01,0.02043982896891161,0.00461166730724627,0.029104672791112618,0.021881675846766813,0.01577173433349688,-0.0013898622784410675
2024-07-02,0.014198798656638534,0.012295693242843297,0.01623987264405713,0.005583266664693998,0.016451655402689225,-0.006785070845633401
2024-07-03,-0.01205001831054675,0.0031311535039686422,0.005811120370300404,0.0032440810049059188,-0.0006703586411072049,0.005079916605285062
2024-07-05,0.012196992290986808,0.025723808720748753,0.02162030920702196,0.014736125333655092,-0.013250609500150556,-0.012112246841560537
2024-07-08,-0.0035500335693359197,-0.00823720770235592,0.006538874205380685,-0.002823133385030707,0.0018556749055702593,-0.010496732463897152
2024-07-09,0.00025090598345323123,-0.0002644491441357033,0.0037749925909940085,-0.014370238339405983,0.011990064051421667,-0.011053638700321389
2024-07-10,0.002257434315787732,0.01164136255242787,0.01880343918460703,0.01460147261250877,0.0008187727154482793,0.00883359179491161
2024-07-11,-0.023724863074531144,-0.02934385175041576,-0.023220880424717483,-0.02477195543292454,-0.0016844104651363434,0.011883399470307365
2024-07-12,-0.0028710461411535215,-0.002694460984340785,0.013050927412288305,-0.0025291983305012478,-0.01209918076970562,0.000176754375300181
2024-07-15,-0.009100746683475047,0.00788870403518005,0.016743343765641683,0.0009039108462056689,0.0249340814217216,0.017127183766098675
2024-07-16,0.0015566783408962337,-0.01399229339441832,0.0017918603040314451,-0.009780542430284145,0.016995904326855715,0.0072042561520841986
2024-07-17,-0.02637038381521717,-0.015767710688091574,-0.025295965180458846,-0.013347573245606426,0.015214025738167436,0.013788359711835119
2024-07-18,-0.022242286163404512,-0.01839575493947665,-0.02053485990203696,-0.007102333483082202,-0.03177026189349408,0.009860597569581797
2024-07-19,-0.0033741230867346816,-0.00016883022031521921,0.000579943811415573,-0.007402807097713238,-0.0009524193177109508,-0.02297983413926541
2024-07-22,-0.003167158934036185,0.022571158461756946,-0.001560339562193036,0.013337632608150907,0.0023833940058164416,-0.006892362998720647
2024-07-23,0.021144894800451564,0.0006605260763488108,0.00468826529850741,0.004312061462516503,0.00023787855279100434,-0.01613602600231001
2024-07-24,-0.029934025650088403,-0.05038786212440571,-0.028754197897380207,-0.03585465375513275,-0.008272742652880805,0.014108114293907681
2024-07-25,-0.005419431054668911,-0.030991068603726468,-0.004804538689710314,-0.0244813410555752,0.0003834911445257383,0.021041638980734634
2024-07-26,0.014734466536293178,-0.0016738704683473271,0.0021608715730188077,0.016419691806193404,0.017108379791553663,-0.0008516195062562293
2024-07-29,0.003835599716395466,0.015149757365225058,0.0012845820680513764,0.0034331093258834766,-0.006549121444883621,-0.010483257957764058
2024-07-30,-0.008133134602594794,0.004482959475229142,0.002566150403828571,-0.008928334055121612,0.02058330512423301,0.017829453284507135
2024-07-31,0.029002194810164417,0.007340403361453696,0.014990902838456721,-0.010805917990709402,-0.011106510367485,0.003554127834292986
2024-08-01,-0.015563100170141286,-0.004547049688397031,-0.01675086236136858,-0.002963978653248378,-0.022744260791910942,-0.013829122015837525
2024-08-02,-0.0878470841762542,-0.024010251683475814,0.006869335399648291,-0.020666028902417533,-0.042412127537162614,-0.0005984759379373816
2024-08-05,-0.04097671157906757,-0.04446178156574199,-0.0481669504370269,-0.03265688507608688,-0.0212915331527872,-0.018052648766694768
2024-08-06,0.005651399696776416,-0.006028434979270969,-0.00974816821134794,0.011286772731982975,0.027911797541755545,-0.005314959987131607
2024-08-07,0.0051874985158653075,0.0041065380157361275,0.012498227133290074,-0.002952804004153431,0.0002994426382827431,0.013314687869874664
2024-08-08,0.018615215947435537,0.01944132446000091,0.016633232811518406,0.010692135141604941,0.018263547905088107,0.01910427662958769
2024-08-09,0.00687575011257735,0.010121520691675157,0.013735924879927586,0.0082693790502959,0.008526777226812499,0.008143232545563484
2024-08-12,-0.000838620987187122,-0.008431631752983337,0.007129875765902405,0.0019455499476661586,0.0018950864269577927,0.001262063932096602
2024-08-13,0.020563504874259175,0.011522622437634134,0.017193153181981335,0.017698821724379643,0.008487352176534513,-0.009579691669827195
2024-08-14,-0.0007636117446156998,-0.023087334571616713,0.00203381552080506,0.006883754012596999,0.011060962683625775,0.009248059049548285
2024-08-15,0.04403286281963403,0.005799078544617586,0.01353044045495877,0.01182378434416731,0.006230865324099222,0.006186524342475019
2024-08-16,-0.002984395462729106,0.010291542382462548,0.005918490661636522,-0.006080180185278117,0.01143943857364249,-0.00471661926562994
2024-08-19,0.006551472258579993,0.02276630871646046,-0.0007078235294318835,0.007312383249712839,0.006916907787096527,0.0030465107896915367
2024-08-20,0.003703308593809629,0.0030600664784197207,0.0027446823524861497,0.007757337345815074,-0.004316626295155945,-0.033324944236141296
2024-08-21,0.006876093995775934,-0.007955593555690532,-0.0004856192113651403,-0.0015536262167613613,0.00037296438123490816,-0.006371109735812341
2024-08-22,-0.022097583221652117,-0.01236058405083118,-0.008259605544606918,-0.020252861117954213,0.009459405493260853,0.007729364756987378
2024-08-23,0.005166572293719973,0.011111029754264257,0.010288069509690079,0.002984091546391676,0.007755231158910414,0.01385872321720405
2024-08-26,-0.00869856159361615,0.0032606011315547967,0.001498895160022995,-0.007917718208844016,0.00393925189537403,0.02140641590771364
2024-08-27,-0.013561281383547064,-0.00890715833775979,0.0037415618616432056,0.00084647589680098,0.0046082665142428425,-0.009510830376972201
2024-08-28,-0.013401063602498708,-0.011112441138506735,-0.006753619603404815,-0.007828962090558389,0.00504142113872863,-0.009857362528836289
2024-08-29,0.007728290643119529,-0.006570561922409568,0.014570202629585971,0.0061372660828089565,0.004157441599161427,0.013817423126330164
2024-08-30,0.037067191865004956,0.009890139865968761,-0.0034378589403146753,0.009730832455291827,0.011655564902033344,-0.0016083338897870947
2024-09-03,-0.012605042016806678,-0.036846712915835966,-0.027205293899992045,-0.01845907539064151,-0.02001761296447735,-0.020942913178088496
2024-09-04,-0.016567365497562103,-0.005782876116333657,-0.008618736678376093,-0.0013188491673196134,-0.004403255301116404,-0.012210963304816747
2024-09-05,0.026308183871355473,0.005049508317432672,0.00692776110169202,-0.0012472667091779632,-0.0077508140609297005,-0.007802997311231796
2024-09-06,-0.03653943460735232,-0.04019320888035638,-0.0070148792018371875,-0.016381320321659176,-0.023755828674095647,-0.004683038794057737
2024-09-09,0.023396899008788496,-0.013336201048719798,0.0004074805002673987,0.010007394512655532,0.020474323894920765,0.021040411248119728
2024-09-10,0.023660258265018275,-0.0003360140452631777,-0.0036213242528013723,0.020901166076213062,-0.05188871958944363,-0.036431559162344085
2024-09-11,0.027680318219044597,0.016816885681186555,0.011585015569577584,0.021342329999076037,0.00812406504140517,-0.00992605397912194
2024-09-12,0.013440254011034769,0.02335257785538669,0.0004940160073900746,0.0093607581465871,-0.003040033035097256,0.013762367697376598
2024-09-13,-0.0027272433520636463,0.01790690900976033,-0.0012119483310931711,0.008407442374509744,-0.011035811032486409,-0.0007193395678033454
2024-09-16,-0.00857958097692424,0.003810442203222131,-0.027775240265177747,0.0017417706921767362,0.01732577496468579,0.014035183138991325
2024-09-17,0.010763186217390919,0.007971728359079,0.0021726078428261353,0.008833016977753516,0.006687200026619822,0.013042113344097883
2024-09-18,-0.0024080275860086653,0.0030754541687643133,0.0179898260330289,-0.00997356736226973,-0.008219927317113851,0.003503348191217892
2024-09-19,0.01845197970580159,0.014579760604464642,0.03706548007527233,0.018291066505336406,0.014214835585417696,0.012393135927023735
2024-09-20,0.009111555436973173,0.00894296376861825,-0.0029274356960801162,-0.00779590583578893,0.0028981368904157367,-0.006293118265740416
2024-09-23,0.011899784481557374,-0.010636228754811516,-0.007581020828456353,-0.004043418499537044,0.0016580070472078656,0.018131327214301995
2024-09-24,0.0004126358007008335,0.002718360456057667,0.003974029969266768,-0.010011226443044752,0.0007095701430690493,-0.002641398599761202
2024-09-25,-0.007372694808574054,-0.004929289603215592,-0.004398163264546562,0.006850339719663534,-0.006616656251587472,-0.019478843055861006
2024-09-26,-0.007115748848874226,0.007678318506442183,0.00508016686976176,-0.001851429645100655,-0.0019505920613490657,-0.01716479942582838
2024-09-27,-0.016687603998192024,0.007497230613658701,0.001186781436436135,-0.007627783013074763,0.0034322207644654767,0.026773030449998014
2024-09-30,-0.008724793206352333,0.011588842925278842,0.02287200966294134,0.005326662444951502,0.0017101649254323004,0.012087743463282452
2024-10-01,-0.006440170323887107,0.006873703680762011,-0.0291417019624568,-0.022333046306066917,-0.018116359761916168,0.023118880859483992
2024-10-02,-0.0019986515757440815,-0.006766913767023874,0.002519807965139842,-0.008462350274974662,0.0012076217868330907,0.013257624257669853
2024-10-03,-0.015154729791167942,0.0,-0.004894714416756818,-0.0014145536879126563,-0.009937804062931543,0.008723038957316298
2024-10-04,0.02500542770436165,0.0072350170938793035,0.005007425946611521,-0.0011523364581785822,0.035493671376414904,0.018355343548116076
2024-10-07,-0.03061493551686778,-0.024422453832752655,-0.022530878017077094,-0.015670683835388277,-0.0013731351234392841,0.004325827652665648
2024-10-08,0.010619458719785868,0.008590089898677933,0.018404029552998136,0.012623846118859916,-0.0008531991709852527,-0.02656144699694718
2024-10-09,0.013408477078997505,-0.015330378269528655,0.01669840568427694,0.0066312414520524054,0.01266906933198908,0.0004097970908378823
2024-10-10,0.007992632403596822,0.0013594285940896622,-0.0021782587309656654,-0.003880684408110069,-0.0027177385997962933,0.008600161627459357
2024-10-11,0.011626110360002606,0.007156847409616196,-0.006505308869998783,0.0011543505189741676,0.04439952406674208,0.003816881320161114
2024-10-14,-0.006779016992029097,0.010536741770666325,0.016479878125674974,0.006773636714567877,-0.0036438257219758574,0.0038022373655848263
2024-10-15,0.0007998782160802964,0.003030905292005892,0.011024613899036195,-0.000954434165746143,0.004108739169197628,-0.030061222978382318
2024-10-16,-0.004262363692000948,-0.001813103683433015,-0.00885188600736797,-0.006256780950302132,0.005620785201642775,0.002575775035907446
2024-10-17,0.0034244710350397334,-0.013502200484632909,0.0015963307295623341,0.0014418556163513507,0.0034877111479563183,-0.0025691574642477955
2024-10-18,0.007785456851548744,0.0030075954721413556,0.012276603449848267,0.003455589988530683,0.0042331391809546925,-0.0028250522528561195
2024-10-21,0.00042331249658356107,0.003977523875103639,0.006297764639583869,0.001482621759488989,-0.010515974857585375,0.0005832048845899607
2024-10-22,0.003332044214411578,0.006521484593813964,-0.002621835722238397,0.020846186184899196,0.005022326253136811,0.005163200841263871
2024-10-23,-0.026304640562205495,-0.014291074390078928,-0.021622812785731305,-0.006806735734982583,-0.0031679457590825244,-0.0035625236493276313
2024-10-24,0.009041189476714617,-0.00036828910090669353,-0.0008233967633554107,0.00030620778347834055,0.007027379596697525,-0.0056539301759747085
2024-10-25,0.007779788122410869,0.015671076691243346,0.0036431081939669596,0.008052067071176339,-0.01186768077502287,-0.0008361821059058583
2024-10-28,0.002981406341556969,0.00877340831451967,0.008599473639207655,-0.0036435930345497525,0.014349431449424577,-0.004937758727079022
2024-10-29,0.012951868195294036,0.0177542561232229,0.001156882998975206,0.012564714845598957,-0.011529997749728182,-0.01362485759575427
2024-10-30,0.009956473710912794,0.028170711918682256,-0.015278046835276005,0.0013428124363372707,0.006774402101516586,-0.005030667355054641
2024-10-31,-0.032843885079535395,-0.019202126999420255,-0.018209484702302325,-0.0605275857396933,-0.011095874465059663,0.0007712182859422878
2024-11-01,0.06185621865256041,0.0010519772991159915,-0.013279626459296479,0.009893029580785972,0.004596361407341432,-0.015670484375400195
2024-11-04,-0.01086239567545566,-0.01196794347919794,-0.0040374975867026874,-0.004654519967002502,-0.014174270185852045,0.03184005626981068
2024-11-05,0.0190009257528736,0.0029544369225766864,0.006486267257497458,0.007344704881988795,0.007780516761147105,0.0029507841501905663
2024-11-06,0.03804509442551707,0.03988433825974713,-0.0032670602434726748,0.021192983954845257,0.11544533327701534,0.017148643612892478
2024-11-07,0.01429333510169939,0.024021360517632928,0.021372164179981112,0.012494534184377848,-0.04322821539499522,0.0012396906464204882
2024-11-08,-0.008902691496347037,-0.013277922918229046,-0.0011882075591024277,-0.006793031210080458,0.002538063260645096,-0.00033021933167998174
2024-11-11,-0.006436720074140423,0.011213846514409598,-0.01202860155969232,-0.010720898913462396,0.00974771246345485,-0.005284387070959351
2024-11-12,0.01000777103494599,0.007041823594157837,0.0,0.012009200779438567,0.0011283185095547488,-0.000996115632065142
2024-11-13,0.024843245179395845,-0.01508643685943456,0.003969152106528595,0.005129620714387606,0.006679030648681694,0.009306192739102714
2024-11-14,-0.012237320417028852,-0.018447970888025966,0.013770510874832054,0.0039747205994309365,0.0029441033204122835,0.000663955089782009
2024-11-15,-0.04194247823144048,-0.017598779351050142,-0.014109223679542704,-0.027852564077009867,0.014222428861394132,-0.010368287475539417
2024-11-18,-0.004491405455644193,0.01629065865315482,0.013422169627337777,0.0018312843034957726,-0.001141471911892844,0.008381532114884349
2024-11-19,0.014427385751801136,0.01608664150887873,0.0011403455439773502,0.004882634949881393,-0.007917397630127443,-0.013963958771684437
2024-11-20,-0.008455088814713463,-0.012014408082264838,0.003153956715958417,-0.00550530397260085,-0.009502511301833216,0.014246043238776762
2024-11-21,-0.022180598835253806,-0.04744849111218852,-0.002096094147923555,-0.004316711024547559,0.016529616662536384,0.013380972840777217
2024-11-22,-0.006351495788949668,-0.017121058360386354,0.0059075679095232925,0.010003131564683798,0.01548455986123054,-0.0011482188472909938
2024-11-25,0.021966324768223133,0.01754055177271896,0.01305088945590649,0.004292635591464533,0.00700046064446358,-0.014943674903985738
2024-11-26,0.03181932866326287,0.008768393736775293,0.009404402783793175,0.02196795670499374,-0.0012783756200567264,-0.01667090961451989
2024-11-27,-0.010199148999145757,0.0006503992105499901,-0.0005530961878666973,-0.011682504619783818,-0.0007202003360640141,-0.0026277284571418758
2024-11-29,0.010450052683389277,-0.0016545680424093767,0.010215927635734534,0.001111254116191951,-0.0002800759108840811,0.0025496254830918996
2024-12-02,0.01356490130596999,0.015034131918581384,0.009522523572686792,0.01775850656652822,-0.013895644362024506,-0.0009325010456826544
2024-12-03,0.012956175029913197,-0.0008747648213268677,0.01277179803270867,0.0005103610530388103,-0.005807119983843312,-0.0015273906963371164
2024-12-04,0.022113948494724367,0.01768403531734375,0.0014836197560412767,0.01442482903605291,-0.005800244178680303,-0.02880935109865146
2024-12-05,0.010955259211262947,-0.009921340322369132,0.00012352034110585386,0.01188796368825984,0.008545665626785048,0.004375151206216454
2024-12-06,0.029381072944344444,0.011990435190302184,-0.0008228613288941977,0.0021463355010171714,0.007658511192891959,-0.010541767939610813
2024-12-09,-0.004140432746599365,0.004927810845191782,0.01610103529711382,0.005523339555618234,-0.01435155155387935,-0.00589950763088487
2024-12-10,-0.004644181824783655,0.05588197942016526,0.0041337942632904134,-0.006031222449324081,-0.0038965459151830695,-0.0020371994088912437
2024-12-11,0.02319588240507131,0.05524664219455433,-0.005166037606167961,0.012767118738230332,0.0027588011822299308,-0.006656611657241629
2024-12-12,-0.0056023335225717785,-0.01760495717312127,0.005963678446598841,0.0012693932015763743,-0.008212557000822573,-0.0008935102008426066
2024-12-13,-0.006594726378065796,-0.011148130915388021,0.0006855416659332647,-0.0050938027506315375,-0.006583071977249388,-0.008764159209847744
2024-12-16,0.024048121869595374,0.03603413383238774,0.011727739247466396,0.009658584522832525,-0.0015002174781857391,-0.02138205962670736
2024-12-17,-0.007641775792155969,-0.00630534619542944,0.009719520909750257,0.006355349671760102,-0.0050924272612628,-0.004240800366081765
2024-12-18,-0.04598741035997567,-0.03592261182234702,-0.021421712416383354,-0.03756105883765459,-0.033520714603997526,-0.014720917819353696
2024-12-19,0.012561168873593376,0.00058374183728227,0.007014648414990665,-0.0008231219684045055,0.011242970613792203,-0.008550978278014099
2024-12-20,0.00729994595290151,0.015383893096149626,0.018815866855472763,-0.0009838401221645698,0.01991744637297499,0.003412131479391345
2024-12-23,0.0006224408269079884,0.016822494313475822,0.003064966108721867,-0.00309206266848161,0.0033248952781030905,0.004061538275158094
2024-12-24,0.017728630305015924,0.007604148918346487,0.011477920349066917,0.009373848887809233,0.0164436312773244,0.0009405984869885753
2024-12-26,-0.00873171784917226,-0.002600449275166228,0.0031756935333713265,-0.0027769364700223065,0.003425464499912101,0.0008458410754499379
2024-12-27,-0.014534256804240364,-0.014519572451417218,-0.013242048961509711,-0.017301629491105697,-0.008102367755461914,-9.386945867195795e-05
2024-12-30,-0.010949707031249978,-0.007885365237647268,-0.013263467018936659,-0.013239506990677441,-0.007670942979625561,-0.006761719858958237
2024-12-31,-0.008630834323407832,-0.010144384231546066,-0.007057792394060569,-0.007838345330439589,0.0016296990867610273,0.017114162582914982
2025-01-02,0.003783225458606987,0.0006867883666021868,-0.02623596162468156,-0.006927727658148086,0.001209737496852048,-0.0024171453674176613
2025-01-03,0.018027432561515733,0.012458321788103799,-0.002009351552378358,0.01139575413877325,0.01366661991594098,0.005125460727846365
2025-01-06,0.015254909370185699,0.026487387312599475,0.006738880764636024,0.010629557358529329,-0.00487538263705356,-0.001112646068705092
2025-01-07,-0.02416414035082548,-0.007009565694888753,-0.011387749975879102,-0.012808269165923702,0.009632407994292214,0.009374390128940924
2025-01-08,9.006470850447812e-05,-0.007877637962430017,0.0020230203355393606,0.005184983725643244,-0.00016434998063308282,-0.016735543038297163
2025-01-10,-0.014360970473526025,-0.009847949288960933,-0.024103743710575443,-0.013213658130698636,-0.013408494100437207,-0.0036472689413293846
2025-01-13,-0.0021923619356289947,-0.005363598599025243,-0.010344139066364888,-0.0042009383360923636,0.018093154817928614,0.02581199225560482
2025-01-14,-0.003204303696411004,-0.00706762217511514,-0.004778124815995266,-0.003643540160583658,0.013349131808143122,0.003934441283812484
2025-01-15,0.02567051679689558,0.031055546987445837,0.01967586042276337,0.02559730575477115,0.019719578140438898,0.016314269321664687
2025-01-16,-0.012043887924316987,-0.013500302063522929,-0.04040019298646558,-0.004058149938517497,0.0076085476853471334,-0.0017038753495345338
2025-01-17,0.023928209424767477,0.01601775133202965,0.007535281019319884,0.010481015092373758,0.01923153617763007,0.008983044500804338
2025-01-21,0.021111818274402117,0.01045920619249241,-0.031915917392995485,-0.0012353857550320146,0.014932797769189099,-0.007567611237676131
2025-01-22,0.018638063663626525,0.0016157109496053312,0.00534502385437885,0.04130696909127907,-0.000722346242759353,-0.017403858517385462
2025-01-23,0.0017446222360446573,-0.0019660051071594964,-0.0007594465433747866,0.0011428637075165948,0.011832371811685283,0.005660643869422666
2025-01-24,-0.002421170970448583,0.011263772042686693,-0.003934600300697366,-0.005932249845346238,-0.004173934469122398,-0.013527050644476901
2025-01-27,0.0024270472668350695,-0.041955950396792896,0.03178030647978747,-0.021393477939779526,0.0038137577374568465,0.013896604306420146
2025-01-28,0.011596277923594078,0.0181951537859264,0.03654390239678529,0.02908698945008359,0.004852281299609462,-0.01933389505423677
2025-01-29,-0.004534900692607535,0.0005631966131864896,0.004616791471198756,-0.010890101132774666,-0.0020963272370347896,0.005831233887814591
2025-01-30,-0.010250170242948609,0.02794130887129187,-0.007394720758962636,-0.06180906066178249,0.006189548691961644,0.008282018539346625
2025-01-31,0.012955989149507907,0.01568172733044859,-0.006692234021185128,0.00016868857321306052,-0.0034670984362420443,-0.025006820361161086
2025-02-03,-0.0010938846972727845,-0.013675102509702053,-0.03385593403296361,-0.009974308160568324,-0.0018331000247032714,0.0024336634795600887
2025-02-04,0.019543422733693472,0.025592629476377526,0.021007936325508902,0.003528474808234927,0.004235198284283204,0.02679984774600075
2025-02-05,-0.024332807771026532,-0.07292388979536424,-0.0014175875395956439,0.002231071759127623,0.009293115778499228,-0.0007275494319900488
2025-02-06,0.011263088803542765,0.0014112726080997007,0.0032262312874222765,0.006121677111792456,0.023924697832425457,-0.013196106221056936
2025-02-07,-0.04053095448794497,-0.03267226260005629,-0.023968732161316675,-0.014597746030958758,-0.003972539365987848,0.004242290900665635
2025-02-10,0.017412199866636113,0.0060969130358787815,0.0011874024339519895,0.006028061065883383,-0.017258824681575247,0.019101796323429676
2025-02-11,-0.0016299428832774465,-0.006167229264393281,0.021831774959728545,-0.0018921643839064917,0.014573701002872141,0.006308188899795342
2025-02-12,-0.01645472556041938,-0.009227261922340135,0.018270185784662107,-0.005833231512088921,0.001672752678102185,-0.03008678304067558
2025-02-13,0.006290143220533118,0.013779161174015453,0.019673314811472054,0.0036671422214928917,0.0031582994429057987,0.007265972071887283
2025-02-14,-0.007336035409240549,-0.0048888037757702785,0.012710534677816243,-0.0051395810320051805,0.0009771544765497797,0.0010172194742126273
2025-02-18,-0.008877028355405603,-0.00788206114594725,-0.0005314424435031162,0.002962606664424605,0.012147995963779579,0.017553647952107454
2025-02-19,-8.81933122002243e-05,0.008162360129241542,0.0016360576762455281,0.012523186654196383,-0.0025003352724849437,0.001452681975685044
2025-02-20,-0.016546793977871843,-0.00383218018002518,0.00392051359474177,0.00529078588029841,-0.044583994158279294,0.015412554826042424
2025-02-21,-0.028266344731418536,-0.026549564694747674,-0.0011390045869321686,-0.019032642378415288,-0.009595053480867421,-0.011696390556059089
2025-02-24,-0.017868663239768212,-0.0022820760386370598,0.0063124340025495496,-0.010313371424585327,-0.010974902015009502,0.0052397881374210975
2025-02-25,0.000423094048469963,-0.02136683424481456,-0.00024287121115651455,-0.015098974384675445,-0.015076122670498515,-0.01384026589053633
2025-02-26,0.007283848822975836,-0.015334728271276687,-0.027040139913881323,0.004599126784745611,0.00540022256151218,-0.00246049715336194
2025-02-27,-0.02617215045770649,-0.02448901375011736,-0.012730889246679755,-0.018012072552501812,0.0010045857614668918,0.006303600016491107
2025-02-28,0.016958863624484843,0.01056380369756793,0.01913186340897366,0.011362070610181352,0.021617459239674508,0.010712647594726787
2025-03-03,-0.03420008737791658,-0.019203827235725668,-0.015754106835068504,-0.02141108002082004,-0.015227605564322344,-0.03206678479051284
2025-03-04,-0.005950644792113935,0.02341184027543708,-0.008822527973597838,0.00030890000897199066,-0.039789734084402006,-0.002041571828933497
2025-03-05,0.022374865016246748,0.012286586386381249,-0.0008052117123099611,0.03193423587708555,0.00511486761938551,-0.01952762495411109
2025-03-06,-0.03676331176651404,-0.0038724761906365757,-0.0017392365607244997,-0.010298631257712243,-0.01983862727172614,0.020675340920008445
2025-03-07,-0.007224698407026442,0.008761316641330952,0.015892557475525537,-0.009020086125881344,-0.01727913007462023,0.01300864001729285
2025-03-10,-0.02363867861413893,-0.044857887839179655,-0.048479528494668966,-0.03343424153325092,-0.04152219428651538,0.025499962941820442
2025-03-11,0.010537694677220655,-0.011032726774283574,-0.029189456376913947,0.0007629062358160965,-0.013263182752229596,-0.023613571450348037
2025-03-12,0.011699491808345286,0.01871507944209494,-0.017478612733961896,0.0074121512168277,-0.005411672135538725,-0.0002748322711604301
2025-03-13,-0.025139524437347016,-0.026030856404063885,-0.0336437800894398,-0.011740954428359207,-0.011891083825690818,-0.004215204776115922
2025-03-14,0.02093969555611075,0.016773105873947536,0.018170638245434523,0.025846702607354333,0.032194948603208706,0.02972309134304507
2025-03-17,-0.011164392468548168,-0.007251039959457972,0.002388867914352222,0.00036039774459539764,0.006410292397344364,0.016621940285239445
2025-03-18,-0.014917738259935365,-0.022034355095912672,-0.006121471394333278,-0.013326503254303845,0.004445780232078533,-0.0010548766323733583
2025-03-19,0.014106347155876442,0.02004125290513925,0.011989193888509497,0.01121195594833524,0.017619234457521005,0.015575511366091588
2025-03-20,-0.003017266841301769,-0.006650904274691949,-0.005296248089122324,-0.0025271209376205306,-0.0004182459379483694,0.004245715784117587
2025-03-21,0.006463245885351521,0.007309680383465356,0.01947669941036101,0.011426109535813689,0.010962023481301708,-0.0034512850288702657
2025-03-24,0.03593082692897398,0.02250133808632304,0.011270374765704583,0.0046515785995562275,0.026610830615803494,0.0025974626312075255
2025-03-25,0.012053587883713357,0.0171756452310996,0.013682027703617816,0.0052915881122646,0.012376136279658834,0.006822012780218989
2025-03-26,-0.022264360904062586,-0.032246798508912655,-0.009921820574241624,-0.013133990331804624,-0.00039822711616777084,0.014409461884615116
2025-03-27,0.0011435177345771042,-0.017084699409424475,0.010472757151041012,0.0015642428962439059,-0.011592330551083774,-0.0032129720555805763
2025-03-28,-0.04290822091507429,-0.0487549217408384,-0.026580402911988266,-0.030160316854269675,-0.02123966264520949,-0.0013571164675101333
2025-03-31,-0.01276466738421178,0.0020086953457216783,0.019412601862735634,-0.009002007225752395,0.0100886011398853,0.010192846630985963
2025-04-01,0.010038913682617112,0.015713871159274806,0.004771946266791671,0.018114443192124074,-0.006685733725852239,0.0009248460382533796
2025-04-02,0.019982288465834053,-0.00019098626752167558,0.0031363578613552434,-0.0001307090040201242,0.008864857652152391,-0.003108226207319431
2025-04-03,-0.08979129298487265,-0.040244532534745026,-0.09245624301677291,-0.023630212743205203,-0.06968523207145039,-0.05258273628484589
2025-04-04,-0.041533565999713695,-0.03397014996984016,-0.0728873926376522,-0.03556582623266502,-0.07483825088766771,-0.07195596480582123
2025-04-07,0.024912248577988017,0.007898336110236048,-0.036734120063242504,-0.0055025686504318605,0.019783110957341643,-0.013417653623525538
2025-04-08,-0.026246667744515673,-0.013969476288190563,-0.04981824473442764,-0.009221403680552576,0.01133170650273918,-0.02108021393263504
2025-04-09,0.11977031526306248,0.09682127943558294,0.1532885035937399,0.10133684947503419,0.08055527115570427,0.049915751361377714
2025-04-10,-0.051700704171933065,-0.03711184339322404,-0.042393829357370905,-0.023406589529930688,-0.030852562410791595,-0.05548216644649939
2025-04-11,0.020141230945248445,0.028268469049581357,0.040594526712567136,0.01861829192289588,0.04002452102640186,0.032122592886620005
2025-04-14,-0.014875318183769082,0.012282122318133304,0.02205411149807146,-0.0016477154400432736,-0.006265860467577822,0.0024237402678517483
2025-04-15,-0.013891933050343641,-0.01735106892424121,-0.0018764759821991994,-0.0053634167188759685,-0.006773897971731668,-0.002804875996432199
2025-04-16,-0.029288905919567454,-0.019064460958796214,-0.038933462996098345,-0.036606028396360846,-0.015098932755485683,0.010572376192660826
2025-04-17,-0.009866352335440198,-0.01415247001504305,0.013949749827068425,-0.010306440758366509,0.010234810974314446,0.026202047835911957
2025-04-21,-0.030647084568839134,-0.023088193768321164,-0.019392823197157627,-0.023546659558688066,-0.012803966465683603,-0.014683794056676636
2025-04-22,0.03502262189247651,0.025733041738950524,0.034065045096199675,0.021441429551066093,0.028822199992084574,0.028001889628671783
2025-04-23,0.042845673527805994,0.02561565831331536,0.024331638578189096,0.020636808403494245,0.02245429063809956,-0.008587235344961974
2025-04-24,0.032890293365840595,0.025297686409597953,0.0184260961286955,0.03448262521406975,0.01560946592793977,0.011735095615337476
2025-04-25,0.013133978209558528,0.0168257073145488,0.004367144268425216,0.011748008161110768,-0.0044556387728142965,-0.0005524194736896693
2025-04-28,-0.006825802991833663,-0.008335462542210181,0.004109517289624387,-0.001760826875303434,-0.0013548191643297791,0.0005527248096381943
2025-04-29,-0.0016515586767922308,-0.002801651381275194,0.005091854661759099,0.00736268047832378,0.005755947541560724,-0.002485412227581585
2025-04-30,-0.015849304820837684,-0.008491607734768092,0.006107546846962686,0.003096093636595798,0.0,-0.025194010029915836
2025-05-01,0.031341496782804956,0.015743132344695043,0.003858895845141097,0.07625362173242944,0.009279747843812025,0.0014201592359466275
2025-05-02,-0.0011566836184704332,0.01692502028610754,-0.037361645758300144,0.023225213810350143,0.02276318968953439,0.004065009202058212
2025-05-05,-0.01910722026349243,0.0010972013752612586,-0.03145859657797967,0.0020446324451217635,0.0001980198019801982,-0.027680975225145787
2025-05-06,-0.007190832051463758,-0.00596786158561835,-0.0019105699497782291,-0.006557043230856152,-0.013105820629578324,0.013943967014492964
2025-05-07,0.0199989855515319,-0.07259703365263726,-0.01138489942244525,9.231617222149602e-05,0.0005617073093668878,-0.0009549142383059595
2025-05-08,0.01785806262143419,0.019157128838409143,0.0063185612871656804,0.011122645221518068,0.016359939469915652,0.013956516822212661
2025-05-09,0.005102018524557161,-0.009916939930432522,0.005266028503409181,0.0012780210205656228,-0.0015385812281254463,0.011690388482895164
2025-05-12,0.08070031092964336,0.03738125218278121,0.06314627953023244,0.024001128949223682,0.027540552021179998,0.01723985002709827
2025-05-13,0.01308471882441209,0.006752638460946425,0.010152249556277138,-0.0002670474613925,0.011382637506053728,0.0027482499276347827
2025-05-14,-0.005298742220089303,0.036607429854542684,-0.0028177936917337387,0.008460522957258299,0.009999420151264538,-0.008953079063091174
2025-05-15,-0.024161720956264898,-0.008526289926654163,-0.004144471148829765,0.002256121922437071,0.006964353423230651,0.010140474000419397
2025-05-16,0.002047074000553817,0.013600752250026993,-0.0008985612650627139,0.00251580003751406,0.00026158555898159186,-0.003591679212445076
2025-05-19,0.0027725440652368594,0.0021059593283607736,-0.01173912219891482,0.010126180611261137,-0.010016375482095552,-0.015898061352060955
2025-05-20,-0.0101377391383638,-0.015371535112142398,-0.009196216877760177,-0.001525497481045357,0.003020355307047362,-0.014276399723221034
2025-05-21,-0.014455883280997672,0.027930221116080123,-0.023059136474237407,-0.012222491153521697,-0.017464603577000748,-0.012291518860237716
2025-05-22,0.009844923599835909,0.01370422936546567,-0.003612390698114809,0.005059984166988496,-0.00141740343232033,-0.006656387085396953
2025-05-23,-0.010388973643240984,-0.014045736941438514,-0.030244147217036832,-0.010288878355429576,0.00015339684086423944,0.0005826649939291162
2025-05-27,0.02502611394509313,0.026295523970706114,0.025298329580485834,0.023346173220676336,0.01756738776297917,0.004755876324139319
2025-05-28,-0.00631008166584901,-0.0031231837511505045,0.001048794082090465,-0.007228303770779876,-0.006785060662433451,-0.013620525743380796
2025-05-29,0.004787005283780621,-0.0029009692682678834,-0.0023450166464586975,0.0028861287651551493,0.0033399174936006304,0.0056802004145311
2025-05-30,-0.0033544115296211263,-0.000698112048633015,0.004501147773895209,0.0036626838148996477,-0.001399608913333683,-0.003797764043228846
2025-06-02,0.007999607012299847,-0.015779825909406298,0.004231962896562802,0.003497234780333258,0.0024998620920855252,0.0073312820478090845
2025-06-03,-0.00454869204152053,-0.016860815607738555,0.007783865520053501,0.00216468693708749,0.006083281850145061,0.007278078314744585
2025-06-04,0.00738898917924824,0.011252956094045974,-0.002213777648743198,0.001944003425826013,-0.007698905508278675,-0.014450829568508516
2025-06-05,0.0032814165352026414,0.0009519799852635291,-0.010797787736391062,0.008213457042716366,-0.00859125185325793,-0.00459434498704947
2025-06-06,0.027223334916139486,0.032518790144236975,0.016398316088211073,0.005773210495820802,0.014430149312189444,0.02396141804651508
2025-06-09,0.015966607137600564,0.015103576695836729,-0.012112568123092138,0.005038495162469125,0.0038007659158396656,0.006713333429472668
2025-06-10,0.0029035159702170965,0.01425421159208251,0.0060559900513954545,-0.0038709508659926506,0.006973242193838436,0.021434716482859217
2025-06-11,-0.020265629565462295,-0.006999053672491873,-0.019193776504458304,0.003609943465949339,-0.0016754199603018494,0.019492628349035757
2025-06-12,0.0001876573428452044,-0.009303568861647182,0.002112986870540956,0.013224082049501096,0.00033564634063898424,0.0038423802346767566
2025-06-13,-0.005346085913907173,-0.0058622599704578615,-0.013805209059742918,-0.008165017019365006,-0.012265039017445467,0.021780664609304168
2025-06-16,0.018859028217320217,0.01202266218469128,0.010028001292162969,0.008800750769422105,0.020418692236966907,0.003210826033586356
2025-06-17,-0.005923177895162612,-0.004638826493848058,-0.014010778675210611,-0.002295768919517105,-0.003106745256367449,0.013513517296812383
2025-06-18,-0.010706651956707836,-0.014947308970394424,0.004804780140241993,0.004602103204535579,0.016473570779491853,-0.007105220142147206
2025-06-20,-0.013316402099382896,-0.03854140979971643,0.02248441845984983,-0.005913730405531559,0.0037962112490776967,0.013340281113858543
2025-06-23,-0.005818118205440093,-0.00870149406961751,0.0024876851499262553,0.018014263364494187,0.01189103976964545,-0.025806381205276563
2025-06-24,0.02062648355436747,0.009564806093433464,-0.0059553394813630645,0.008456709934241635,0.010744935473785189,-0.030427837322434148
2025-06-25,-0.0036659245365150417,0.023445386085543696,0.006290549791969635,0.004407236456436037,0.00995515093171484,0.0002769285995085635
2025-06-26,0.024199205109171285,0.016756433756370592,-0.0027784326080045885,0.010522669077232871,0.016510480155255136,0.014948769316524224
2025-06-27,0.028463559660798277,0.02875423560529078,0.0003981120077720668,-0.0030355064215109584,-0.005679662817776432,-0.005545957278864755
2025-06-30,-0.017510092291414314,-0.012882987614747043,0.020340163001602463,0.0029641765656562846,0.009752529482739858,-0.014444959303354099
2025-07-01,0.00487719279454657,-0.0022130750037663294,0.012916112786245382,-0.010775899254748311,0.0017245258119946705,0.013358062127590387
2025-07-02,-0.002449462616694653,0.015923585170673382,0.02223077554729791,-0.001951021044557688,0.0054752354819365134,0.016569049621821597
2025-07-03,0.015869432167251007,0.004982076909575639,0.005225071944338522,0.01578124589910912,0.018582176457953015,0.010355592948881442
2025-07-07,0.0002685535903061975,-0.015262088773059568,-0.016857962568510687,-0.0022451880524594348,-0.013614848649652789,-0.00971472102225246
2025-07-08,-0.018391733064396565,-0.013745082509964868,0.00028583732993148203,-0.0022100673360095913,-0.031475934416171025,0.02772028958038475
2025-07-09,0.014496684294917683,0.012961773777198982,0.005380733629811507,0.013873820782839053,0.0013439000531665357,-0.0034153625197140824
2025-07-10,-0.0012581953255333955,0.005661823098547014,0.006014864730718328,-0.004031762909149861,0.017763803113940213,0.009929633017615513
2025-07-11,0.012417933203629383,0.01446914297967572,-0.005884847099796864,0.0036691184503567786,-0.004615189363599059,0.004350440366409414
2025-07-14,0.0029775049161144818,0.007602922718155103,-0.012028809136205187,-0.0005960116601197996,0.006414570281578991,-0.013081541369159844
2025-07-15,0.0029243814744550622,0.0024236259875478616,0.0023489017157347636,0.005566357948438405,-0.007447314264488525,-0.008865787109157197
2025-07-16,-0.013960696164789121,0.005329578716258387,0.005021293313347552,-0.0003954177997730346,-0.002547482143149815,-0.006022521284441806
2025-07-17,0.0030915472640284936,0.0033338599420877912,-0.0006662386066597081,0.012024859971776936,0.014274630737523886,-0.005078778517360272
2025-07-18,0.010050026580880944,0.008061933467001348,0.0055232025244587035,-0.0032245603058123073,0.004725718135035972,-0.03483793857997819
2025-07-21,0.014018476542235536,0.02723442299029122,0.006155885100793235,1.9661203686682782e-05,-0.0010299864220325583,0.002598093630718612
2025-07-22,-0.007980819043607368,0.00652284472759046,0.009036224345439381,-0.009391055642947066,0.0015809907427972725,0.004534918236533958
2025-07-23,0.003604836070819184,-0.005801109678057248,-0.0011660307669071335,0.0011874228637833717,0.018289242509084813,0.012806269640224688
2025-07-24,0.01725876103762425,0.010198166746437698,-0.0018212890055159248,0.009903805365183427,-0.0007077360380385311,0.007823248901647206
2025-07-25,-0.003401771091877559,0.005255677791484725,0.0005614853338495873,0.005539425308257684,0.00698022221429806,-0.003520175725261976
2025-07-28,0.005833005662313484,-0.003105852792606112,0.000794943388689795,-0.002355349368839077,-0.0011384684220042685,0.009420225056259834
2025-07-29,-0.007646371539299701,0.016460600264393666,-0.012987706036527324,0.0001364903048668431,-0.004157210758698793,0.012921815717362506
2025-07-30,-0.0035495956232554082,0.003984778823434176,-0.010507943315991919,0.0013071634187726833,0.008719365449320726,-0.008681749056987265
2025-07-31,0.017029402351838252,-0.023558780585949624,-0.00707951737384338,0.03947471494486021,-0.011314026168440794,-0.002323504649296093
2025-08-01,-0.08269617085933045,-0.014434496386651285,-0.025003621320592417,-0.017600790811475475,-0.02319051436581654,-0.01791472681427253
2025-08-04,-0.014435418409851408,0.031248184604540263,0.004792951306890725,0.02199936799886193,0.01689860247377406,-0.020704108574539304
2025-08-05,0.009922070229506863,-0.0018970200332973919,-0.0021146608214783758,-0.014730225544841602,-0.009821156882203086,-0.0012107672868322261
2025-08-06,0.040046772203947256,0.00729436491523372,0.050906861491328614,-0.00532446613990889,-6.863507361143384e-05,-0.006807177183054347
2025-08-07,0.0036885760119835798,0.002192924099354565,0.0317936017206375,-0.0078102887759372575,-0.015136300144805381,-0.005257731432982027
2025-08-08,-0.001971955504762035,0.024933856326082582,0.04235788102306204,0.002303733766195526,0.006342651685159462,0.008022686138281276
2025-08-11,-0.006241858073597895,-0.002085208738534128,-0.008337463123530675,-0.0005170102500493545,0.0027704330748479222,-0.009082448133783227
2025-08-12,0.0007681796954406295,0.011641791135678536,0.010872493338129674,0.014316576774880296,0.011362065504348928,0.0028347426210362237
2025-08-13,0.013952211680404059,-0.006786556656132259,0.016024393810956772,-0.01636295917072017,-0.007922069453462854,0.013850878461829641
2025-08-14,0.02858923333961183,0.004852401511410642,-0.0023571672929780796,0.0036496660913614143,0.012494406608017261,-0.002044605544777034
2025-08-15,0.00021648217457248542,0.004730342074746874,-0.005112201042625331,-0.004421206625439544,-0.012476191030012074,0.0009399747560947525
2025-08-18,0.0019911124801876845,-0.0019616088134157827,-0.0030224932219571343,-0.005901881399150377,0.003580049622627035,0.0021598897026482433
2025-08-19,-0.01503309388634011,-0.009483978022111983,-0.001429299458202249,-0.014175319519939888,-0.0029842539610469565,0.0065591841331813505
2025-08-20,-0.018420231785569063,-0.01116248491650984,-0.019734536864348007,-0.007944653360587695,0.0054358439126005464,0.01033330477251293
2025-08-21,-0.008310623433453124,0.002157233857923213,-0.00491127157731952,-0.0012874604237913534,-0.0026346372425066766,0.006449865776327002
2025-08-22,0.031043025385826706,0.03173973170263844,0.01271675387361415,0.005929794175035807,0.016365181456664102,0.018767648740716014
2025-08-25,-0.003932852258726305,0.011645474165855152,-0.0026343599561685638,-0.0058553628679332,-0.0045233728771065795,0.004133626034589444
2025-08-26,0.0033781006590050122,-0.006475209459150477,0.009464706476046691,-0.004402542497525697,0.012445096635300468,-0.0022373196448547406
2025-08-27,0.0017926124405795996,0.0016413388679947793,0.005145881341378056,0.009361843214007903,0.0023778397460805234,0.011301512924724921
2025-08-28,0.0108240705271474,0.02005025840182051,0.008980917286669499,0.005722846222226963,0.00598105503882107,0.00532150840477752
2025-08-29,-0.011226278216735053,0.006000686594290094,-0.0018060633679641835,-0.005788384724478179,0.0011625707586078171,0.008292850932440032
2025-09-02,-0.015982548742835556,-0.007327015906837042,-0.010424650182235928,-0.003098602510448023,-0.005706222704889075,0.0034999375876425542
2025-09-03,0.0028845707190781056,0.09136508994737191,0.038089811255997974,0.00045532465061026706,-0.0006341696326455093,-0.02423926283152067
2025-09-04,0.042877945692648245,0.00711001196600658,0.005493276796928015,0.005184595116867641,0.014390175316756348,0.0043784875608297025
2025-09-05,-0.014214150326010255,0.011622911345493758,-0.0003753100891028538,-0.02553298718707464,-0.031071000198491294,-0.02820272250843836
2025-09-08,0.015107797009308976,-0.0031944078165545564,-0.0075513828270528105,0.006464665365560673,-0.004993572221855924,0.005675946412381894
2025-09-09,0.010176429751274751,0.023884882329889168,-0.014839436818485985,0.0004214574290086759,0.016865325540091014,0.007282730339734478
2025-09-10,-0.03320182790348525,-0.0019197095776530837,-0.032259460089661185,0.003932500081951451,0.009031466765461627,0.016719369299702525
2025-09-11,-0.0016498279850283293,0.005017375755866471,0.014286333633347192,0.0012790818500065804,0.016703108929094324,-0.0032000141994823483
2025-09-12,-0.00782780202498956,0.0017888802061503117,0.017562993503958735,0.017744143492950837,0.004418178503694303,0.000178411114435173
2025-09-15,0.014376501718361023,0.044892046482306824,0.011235867571386393,0.010707963157335909,0.006483959739133738,0.0016939425870434732
2025-09-16,0.011320962964584513,-0.0017884451604247564,0.00612593276381479,-0.012263246171065223,0.0009388817671476257,0.020738789613595987
2025-09-17,-0.010382430689534927,-0.006489943102210516,0.003527212326053464,0.001925159732150128,0.008279557118633596,0.005319146041897094
2025-09-18,-0.0016837898189711042,0.010018893758405811,-0.004644530963379578,-0.0030783111716045086,0.004747565834964718,-0.011796354353530103
2025-09-19,0.0010811746080494622,0.010673357928135285,0.032032867191576386,0.018644922009108944,0.004948342564394359,-0.009742787987233381
2025-09-22,-0.016632067201427292,-0.008597761490911515,0.04309572508777815,-0.006718996020213086,-0.007433786509294937,-0.0070910109984819725
2025-09-23,-0.030400202172415014,-0.0034450761184193768,-0.006443273998468557,-0.010146788855002531,0.0009601975900692672,0.017229093128151796
2025-09-24,-0.0022654160880354324,-0.01796078547157154,-0.008332352171401491,0.001806598765426548,0.002174333536041795,0.005353153866278326
2025-09-25,-0.009354764790773018,-0.005462501619245441,0.018072987935134455,-0.006115803306297463,9.575921627869022e-05,0.008990981375435414
2025-09-26,0.007471945580644457,0.0030513844406638846,-0.005489118202509746,0.008737114243486443,0.008326682095157967,0.014101625092936887
2025-09-29,0.01087450815780766,-0.010099782998473361,-0.004031963626357382,0.006139288546501698,-0.001170607709341298,-0.02559290410840598
2025-09-30,-0.011702709034319914,-0.0038925435951915333,0.000786133425020985,0.006509972881230119,-0.0008237156818382552,-0.012869945547446249
2025-10-01,0.004827606336181178,0.00740426941193939,0.0032203746225194507,0.00339796793121816,-0.014963637299440169,-0.006740591148653774
2025-10-02,0.008067800117405932,0.0032257855079875775,0.006576553167655819,-0.007638860081398469,-0.010170241410979441,-0.006250524109890798
2025-10-03,-0.013039023009410733,-0.0013837502899796128,0.003461262002619314,0.0031215812486466987,0.008063712011643576,0.017701582983323583
2025-10-06,0.00633228292302257,0.02070500494801175,-0.005154634279878945,0.02168761724708901,0.002106665278273967,0.008299439867696101
2025-10-07,0.003983725247293846,-0.018647898398852503,-0.0008179936161895052,-0.008683890354990176,-0.004819127069288998,0.0005253735910295543
2025-10-08,0.015510877718191152,-0.004638662990075981,0.006160336665868238,0.001660442206295798,-0.01189511831594936,-0.002100527405090258
2025-10-09,0.01118907849570383,-0.012631850656026677,-0.01557788384056047,-0.00466797932130103,0.004933844339730653,-0.009735029551375507
2025-10-10,-0.04992539782966621,-0.020535638722347094,-0.034522098610332286,-0.021899000568714966,-0.015186749969659963,-0.01930748970718088
2025-10-13,0.017100394188331425,0.03204113696529243,0.009744389834039024,0.006047506618376497,0.023530067677695277,0.01363673697733847
2025-10-14,-0.016721987604375044,0.0053245688871343955,0.0004441308223144258,-0.0009338416978509345,-0.019125215433917653,0.00044552617294257857
2025-10-15,-0.003789417568938358,0.022733770521946806,0.0063365317531554055,-0.00027250299472236783,0.011950451466736789,-0.006055790796115068
2025-10-16,-0.00510277898660183,0.001712976285638046,-0.00758000040047635,-0.003544880293596342,-0.023389623273267435,-0.008690849466467143
2025-10-17,-0.006667636156250767,0.007317221017344888,0.01955945458120567,0.0038506672486968707,-0.003282639365214668,0.014461175185682018
2025-10-20,0.016147214372026264,0.012830692405430222,0.039438725568308186,0.006250224614737565,0.016131178002250612,0.00409834043411661
2025-10-21,0.025637486886977978,-0.023738071519987414,0.0020209184094199806,0.0016834246495727179,-0.01742960112756531,8.879690983976118e-05
2025-10-22,-0.018375903497213075,0.004910971998510982,-0.01644002930028554,0.005563383331563365,-0.010030688393261489,0.017744656326262875
2025-10-23,0.014406971477930908,0.005522718388924597,0.004372033633252448,3.858474005391521e-05,0.0014621475426208619,0.011071442802362386
2025-10-24,0.014111947295924798,0.027027033557872393,0.012481988848809689,0.0058591085971035906,0.020031198920174687,-0.005087154903604674
2025-10-27,0.012309863182682124,0.035972428208606466,0.022791152524401337,0.015106681805177047,0.012348641116870729,0.00476652935703914
2025-10-28,0.010045375014470892,-0.006684602498601144,0.0007068182263614275,0.019848574336355673,0.003978183439713678,-0.007848985275718534
2025-10-29,0.0045801659836763875,0.026545092212011623,0.0026022098686300232,-0.0009592786985627155,0.000491286182563444,0.012344600773871006
2025-10-30,-0.03230569840563202,0.025166653841215192,0.0063032339337949495,-0.029156910325210172,0.012863715932680986,-0.015113731431859345
2025-10-31,0.09584492754129248,-0.0010304680036752334,-0.0037950437130892523,-0.015121075262963357,0.00542911503594512,-0.002877345562346534
2025-11-03,0.04004585509136338,0.00899756851862299,-0.004882360444995126,-0.0015063329682659665,-0.005689093389093847,-0.005246522155066713
2025-11-04,-0.018425168014886806,-0.021782061481776194,0.003679849978061922,-0.005222145980829929,-0.00032316630137874114,0.0033403041564388225
2025-11-05,0.0035295587926045258,0.024392753686896862,0.00037034495392229694,-0.01394040984865863,0.00785768159410316,-0.004030118393526183
2025-11-06,-0.028617121300727022,0.001547739553860339,-0.0013698257358518706,-0.01983597948702054,0.005582646111496947,0.007213292564886009
2025-11-07,0.005636975040414827,-0.020790194478004564,-0.004818849477972176,-0.0005632485423001654,0.0025204533162137555,0.023755418451017807
2025-11-10,0.01632498741700905,0.04041887258044019,0.004548624231703657,0.018477570760538464,0.008529359499662936,0.0085309680361354
2025-11-11,0.0028180846386127723,0.004171096649641548,0.021601151019521758,0.005296347271993351,-0.004007632003430239,0.013195684936667451
2025-11-12,-0.019670851205186968,-0.015790900100199123,-0.006466881039806083,0.004836047882319727,0.01517646646955173,-0.013858658084616726
2025-11-13,-0.027108907452568887,-0.028390990902212976,-0.0019013646924230798,-0.015357770274471938,-0.03411247895856662,0.005672174877608294
2025-11-14,-0.012164320933474637,-0.007753813352628591,-0.001978531453862953,0.013689880008674438,-0.018967392418583584,0.012992506437025764
2025-11-17,-0.007754941860691922,0.031149208669829953,-0.01817110773537789,-0.005272637832246407,-0.010671601797418995,-0.01349655870681532
2025-11-18,-0.04431653833391602,-0.0025962055061871103,-7.459665747477917e-05,-0.026995583662036693,-0.003195971608445647,0.011471816643323196
2025-11-19,0.0006290693674619874,0.030005606051610068,0.004187679053915705,-0.013507762234974297,0.012891963479127355,-0.014114136840912006
2025-11-20,-0.02492255148822009,-0.011474968674489383,-0.008601361510023886,-0.016001330013427628,-0.01612414009042673,-0.002812120835141596
2025-11-21,0.016348913427910006,0.03527380010682246,0.01968061086817685,-0.013189012159327329,-0.0012066897894418283,0.0005127606026471554
2025-11-24,0.02532963104830621,0.06313813228539678,0.016317565960635383,0.0039821218751865395,-6.69866099478611e-05,-0.009480681209980912
2025-11-25,0.0149814363087164,0.015255244752224506,0.0038054503569113773,0.0063078911822160855,0.01677851756491,-0.012589498743030503
2025-11-26,-0.0022205534501760216,-0.010790160699995277,0.002093995691360595,0.017841087081432283,0.015313557904943043,0.0022705543238479287
2025-11-28,0.017716868099636462,0.000718869679210421,0.00468386682792965,0.013408925473271216,0.017682894070448985,0.010020087875697525
2025-12-01,0.0028299616613276513,-0.01652193436627103,0.01524117335723596,-0.010711242234453855,-0.013287209450729809,0.006124866674537932
2025-12-02,0.0023088475921804186,0.0029214907856902617,0.010914842545035386,0.006697679538790746,-0.0033667095416253234,-0.010717659116543987
2025-12-03,-0.008702300580441968,0.012095850091975668,-0.007128103890149506,-0.025040828559835693,0.013804166512940697,0.020974189690391887
2025-12-04,-0.014071797072686798,-0.00628842011934716,-0.012141504532966252,0.006509910616417036,0.012719003113040639,-0.005602691182195807
2025-12-05,0.0018331725713691682,0.011491561738744771,-0.006839958404052604,0.004824908141233264,-0.0033533925242493767,-0.005122088906092337
2025-12-08,-0.011501761877265149,-0.02286154054663181,-0.003192552226246703,0.016267929045017837,0.0005396567123105989,-0.0048051671968879495
2025-12-09,0.004539639393836836,0.010710054941190927,-0.0025549540307587826,0.0020365318428314794,-0.04663544047604784,0.019572285851244597
2025-12-10,0.016935769749744978,0.00987137368128388,0.005772479710981937,-0.0273566227614912,0.031945542195775944,0.010909092098001505
2025-12-11,-0.006471654188885845,-0.02429659086777447,-0.002690371499580846,0.010259974920459936,0.023443298901162812,0.0
2025-12-12,-0.017760970816273702,-0.01005017704222555,0.0008993197704185718,-0.010217785106327315,0.003591957595922901,-0.006023090659561858
2025-12-15,-0.01613691637948922,-0.0034596172161823757,-0.014985165374650555,-0.007752890903315213,0.004709201030401955,-0.008920997001540143
2025-12-16,8.989068511011666e-05,-0.005353228726799886,0.0018241385327160131,0.0033065371992535564,-0.013967861210784638,-0.02615494655067152
2025-12-17,-0.005796159688549629,-0.0321297701987725,-0.010087037063657212,-0.0005668181720784871,-0.0018063453766493653,0.02380544455603384
2025-12-18,0.02481127187766008,0.019344857270350957,0.0012876722074433022,0.01650846975308906,-0.0062860902124498574,-0.00741000172086681
2025-12-19,0.0026019210221044364,0.015539306686872534,0.005437378743868182,0.004008424988813264,0.013450402327430444,0.001287114943697043
2025-12-22,0.00475032567966549,0.00852970099786754,-0.009865959632689436,-0.0020579063896725147,0.01853660192935669,0.012511752795076214
2025-12-23,0.016241329216049705,0.01475239638279957,0.005129732868573544,0.003980047044735091,0.008790201768750672,0.010749018302271152
2025-12-24,0.001033882544133169,-0.0008270447924269009,0.005323766193815027,0.002403104372375564,0.009940894774542075,-0.0016746793009212446
2025-12-26,0.000602458846315157,-0.001846630349570666,-0.0014974546958207435,-0.000635154335217325,-0.00382794006031284,-0.0009226705923944811
2025-12-29,-0.0019353042317806768,0.00015945821634288926,0.001316924789223295,-0.0012507520225100155,-0.012686378316775881,0.011921726355147655
2025-12-30,0.001982123671998126,0.000924924598326271,-0.0024840667289872664,0.0007801502882722744,-0.0010192056352769097,0.0038164696994500424
2025-12-31,-0.0073538531116630335,-0.0027083397430479605,-0.00446750636542359,-0.007918291760792395,-0.0037104359408144383,-0.005372337046501641
2026-01-02,-0.018715913643268745,0.00686904712277614,-0.0031265878039098416,-0.022083474546271464,0.010117308447080475,0.01919562206373371
2026-01-05,0.028962461627345393,0.004410664909989537,-0.013837078913669698,-0.00019029606723608428,0.026299633644040865,0.022095368794964765
2026-01-06,0.033768107781812384,-0.006950255335991251,-0.018334281183122636,0.011969994918853866,0.00622474593398481,-0.03438088864353406
2026-01-07,0.0026148877348792787,0.024304885542325128,-0.0077375221244099235,0.010365464492384069,-0.022772807845484522,-0.021148384010046595
2026-01-08,0.0195810389772495,0.01074601935574182,-0.004955135191556992,-0.011086533967845869,0.008563061304545982,0.03730276369989349
2026-01-09,0.004425724253495522,0.009617794295012638,0.0012739243260126987,0.0024471623168933476,-0.0018193423758875449,0.013831272131655359
2026-01-12,-0.003678565947722645,0.010012940142957172,0.0033927700267757377,-0.004381590565727289,-0.014277444122410943,-0.0046545667374646715
2026-01-13,-0.01570168822988771,0.012384888710214925,0.0030739393950796057,-0.013642591882396693,-0.04188112643568365,0.02023703229344309
2026-01-14,-0.02452601837319146,-0.0003870027469463633,-0.004175309303335761,-0.023987046955567637,-0.009745948660904502,0.02892357479748653
2026-01-15,0.006465239039753046,-0.0091115062200543,-0.006731882749481111,-0.005921036695894166,0.004514954855955988,-0.008217937595556113
2026-01-16,0.0039466053837939885,-0.008353810925792238,-0.010379107417738509,0.00700735351914572,0.01037957688229696,0.005885420234549743
2026-01-20,-0.033957825706746436,-0.02424240347805051,-0.03455562870506512,-0.011612274057560046,-0.03113902321993889,0.004388446903649923
2026-01-21,0.001341980773132967,0.019813657405210794,0.0038508809593345017,-0.022903314807395048,-0.0023120661313811297,0.02414533121193818
2026-01-22,0.013099298825289152,0.0065777572478440405,0.00282652826830998,0.01582950006612327,0.005264063123871843,0.0002245462112051566
2026-01-23,0.020568436457892636,-0.007896234233809474,-0.0012482377059583882,0.03282791169509047,-0.019464404154289627,0.009952107176609992
2026-01-26,-0.003094185824689677,0.016253525439399175,0.02971293759961746,0.009292817361890027,0.011151475686179468,-0.0009632671749322252
2026-01-27,0.026256163723313408,0.0038707809267282123,0.011197552619307993,0.021901909507044515,-0.0024250174432784988,0.014758150477877319
2026-01-28,-0.006825233852112089,0.004364154635023487,-0.007085412268719393,0.0021848051911272925,0.0015316195091061857,0.005481324808334964
2026-01-29,-0.005267268047532636,0.006666385960138577,0.007175113386098886,-0.0999314476548332,0.018785277715230198,0.021296690027909237
2026-01-30,-0.010052507834071744,-0.0007390666512366861,0.0046461370951069725,-0.007404848694840482,-0.00172963965455053,0.006334044404567862
2026-02-02,0.015294624385431943,0.01683436116163306,0.040581232988504023,-0.016082160363393494,0.007355520871264121,-0.02121646149801193
2026-02-03,-0.017863069956986388,-0.011580282508108053,-0.0019629018353019,-0.028721972051949374,0.021775845373529057,0.03851159778407043
2026-02-04,-0.023593955826118007,-0.01963435579599293,0.026012817340576033,0.007247001797792141,0.0076862018384213915,0.02685592923720881
2026-02-05,-0.04420791797466195,-0.005374778371478595,-0.002097520770734884,-0.04954253276678544,-0.02240996439539278,-0.010230900441833612
2026-02-06,-0.05554804877440456,-0.025328291524331137,0.008009669408572728,0.018975304586217767,0.03946354478197245,0.020331257780412226
2026-02-09,-0.00760748406141476,0.004522170418437055,-0.011660418612307155,0.031061465218646278,-0.0009304747294303084,0.014491734112910493
2026-02-10,-0.008432323191560842,-0.017698680633528863,-0.003423017398519912,-0.0007979095156084304,-0.011859774587850813,0.0025130608184855685
2026-02-11,-0.013915755650289796,-0.023918586241750917,0.0066501563343037695,-0.021535615805142183,-0.023438490009594637,0.026189084387423733
2026-02-12,-0.021952154485219033,-0.006303082331273746,-0.04998178993912428,-0.006256609768801269,-0.02631733644129297,-0.029767761278130633
2026-02-13,-0.004058180323715521,-0.010614855457529382,-0.022733375921363153,-0.001293985238056683,-0.0002974903603247814,-0.009871235092451358
2026-02-17,0.011871828009746288,-0.01210267861158787,0.03166790145686904,-0.011113376251159934,0.015138027414531408,-0.015223895115815345
2026-02-18,0.018095945812067082,0.004337534684544453,0.001781167564954833,0.006904178245914272,0.005372250834655201,0.03071336442023953
2026-02-19,0.00034184934085601526,-0.0015824155632001569,-0.01426159138112626,-0.0005768623429248665,-0.002364231324463506,0.0019246787699103152
2026-02-20,0.025627257563010764,0.04005281867780153,0.015350431056632585,-0.0030868435621884682,0.008894804889022057,-0.024441991405953267
2026-02-23,-0.023035535309270938,-0.011080102372493461,0.006047273769737682,-0.03212252071132937,-0.04221500565994296,0.023628491290873965
2026-02-24,0.016027637831418806,-0.0018940250460213193,0.02239105106810335,0.01178251519260276,-0.0012430563929834992,-0.00994966372170536
2026-02-25,0.009973158109912061,0.006432857285513016,0.007679856169661159,0.0298200264733548,0.020181667132352255,-0.0013398578585576137
2026-02-26,-0.012913032798065993,-0.01764130042663037,-0.004667689785084916,0.0027958182358562844,0.00933074592937988,-0.0034886340611473
2026-02-27,0.01000385652833935,0.01424943596044792,-0.032130377674157495,-0.022353901512221608,-0.01904426117671354,0.026659598092395154
2026-03-02,-0.007666669573102691,-0.016807887343381234,0.0020439219879579973,0.014793453501622311,-0.00912415181227677,0.011278690083532883
2026-03-03,0.001631538648142472,-0.009591575706884181,-0.003664094667077511,0.013498946894749508,0.009073762373418282,-0.015497333153763782
2026-03-04,0.038758260730479055,-0.0014821671387289514,-0.004663640952734749,0.0031441531290252733,-0.0028974061672935036,-0.013238460348413805
2026-03-05,0.009777672934109694,-0.007422642542599611,-0.008494536639458317,0.013524143668401711,-0.019506440877797182,0.006274141468621597
2026-03-06,-0.026171534044230005,-0.007843663772585718,-0.010872576884936036,-0.004188164531066962,-0.013864691959295072,0.002984939876281789
2026-03-09,0.0013132534612818603,0.026985254760708344,0.009399602442343502,0.0011003722075924038,0.0015200543179132442,-0.005092304689750193
2026-03-10,0.003934593265620068,0.0022197168869222406,0.003655516130785408,-0.008915215141642507,-0.004104644959157855,-0.015354902720048136
2026-03-11,-0.007838417021498234,0.005406520345286214,-7.665572857407099e-05,-0.0021688058128880305,-0.004190927525510646,0.02329025727098477
2026-03-12,-0.014671973697334306,-0.016683014417014475,-0.01936274044373243,-0.007459038776109095,-0.01610307770092656,0.012864530415857
2026-03-13,-0.008877013416636048,-0.004183772956429799,-0.022051947243152514,-0.015701969810700822,0.0019441943253268867,0.016869575258289915
2026-03-16,0.0195984367511175,0.010850879030806615,0.010794880344667579,0.011123782896491852,0.009596336831564134,0.007109961700376477
2026-03-17,0.016340754535353108,0.01754159974009184,0.00557702059525278,-0.0013502086602692476,0.002551115996153097,0.010048992858355144
2026-03-18,-0.024767666852414494,-0.010388577259506704,-0.01687444762321122,-0.019078100591435554,0.0029627319339777802,-0.007682146137123036
2026-03-19,-0.005288991452693015,-0.0018200011968599883,-0.00392088772665522,-0.007070176962847952,0.0007992643855008197,0.0036170120053331534
2026-03-20,-0.016238740557820153,-0.01995898201913937,-0.003896289131202657,-0.018379451907360234,-0.00489618556543292,0.009547273778944598
2026-03-23,0.02322639327005427,0.003521661147902977,0.014113509804804858,0.002959136952026542,0.011690279368677725,0.009143907680765118
2026-03-24,-0.013800294588880657,-0.03846919033715546,0.0005963911769359953,-0.026788584000617788,0.00858889146089048,0.026376193256980818
2026-03-25,0.021569200454641724,0.0016870180877650576,0.003894460372950048,-0.004560720873527657,0.010328428537211387,-0.012818994405623618
2026-03-26,-0.019696817795534227,-0.03440681152238945,0.001068847476965784,-0.01366431796733969,-0.012727681578398986,0.013291648141221524
2026-03-27,-0.039510442389467215,-0.02342306677223538,-0.016173054004998577,-0.02513874928256188,-0.03024072633607411,0.03360941870519185
2026-03-30,0.008076656164990093,-0.003061928559749294,-0.008721878071757061,0.00613842352061944,0.0032880668110599753,0.002807163374213051
2026-03-31,0.03642700888472317,0.05140767278298308,0.02903135056377515,0.031229157756083703,0.03661416754282243,-0.010555741608490044
2026-04-01,0.011043371606930696,0.03418426038221156,0.007250122916362178,-0.0021611901863888283,0.004147398728892249,-0.052339947978418455
2026-04-02,-0.0037992260242745157,-0.005447446206045203,0.0011344171618641319,0.011072868751592857,-0.002640680795986672,-0.0005598211782673612
2026-04-06,0.014396667550949704,0.014267800370968198,0.011487928393195013,-0.0015530146410365209,0.008017798550562727,0.01667803857807426
2026-04-07,0.004605531356027148,0.018233945467744705,-0.020706161436335302,-0.0015822508381434508,0.006600097448735687,0.0033054882558405385
2026-04-08,0.034990857360911454,0.03882673963431005,0.02130183701774646,0.005479578543501118,0.03554131170863384,-0.0469160615120342
2026-04-09,0.056045170153601775,0.003687064768298942,0.0061413306665165646,-0.003365977272341003,0.0076630179280876565,-0.007553437836438803
2026-04-10,0.02024400218227118,-0.003924717522926557,-3.837788982874457e-05,-0.005897032858082851,-0.0014822259329182463,-0.01631844232987434
2026-04-13,0.006334400855383171,0.012829389221314713,-0.004913966848681062,0.03640089840318694,0.01229546105901469,0.0008524794530593294
2026-04-14,0.03805913087682655,0.03610221659486279,-0.0014275206833038734,0.022738477393367207,-0.008161195883457983,-0.022274613211083927
2026-04-15,-0.002088202809168549,0.012646066883422513,0.029362881933440832,0.046068533854630056,-0.01668164506679881,-0.0015411767067384785
2026-04-16,0.004828961562342915,-0.0032629979618038485,-0.011372573588962043,0.021983402171766864,0.013140301225801565,0.01993157920727917
2026-04-17,0.003444135445983987,0.01684431209009718,0.025930172257302875,0.006020092104702002,0.0010969357503831656,-0.036452191056455696
2026-04-20,-0.009099612075002761,-0.012467774438631563,0.010435424419368289,-0.011163956243767315,0.02159270356483467,0.008467550271490154
2026-04-21,0.00656518805713957,-0.015203648803314485,-0.025196714096157535,0.014566950244961241,-0.012587150870674635,0.004604650712823677
2026-04-22,0.021807838295304638,0.02115626211004451,0.026299050276339386,0.020652560845584977,6.385654138285624e-05,0.007683974480842126
2026-04-23,-0.001096486445127165,-0.0012672556948888358,0.0009516199250387825,-0.039660934617680055,-0.004248833052150736,0.0068896321963785034
2026-04-24,0.03493017225717909,0.016258881347370746,-0.008667687188198547,0.021334937195510273,-0.010940380150622708,-0.010761917027958812
2026-04-27,-0.010871605831113018,0.017247411505119103,-0.012727786010601316,0.0004710499812119462,0.01086669445655386,-0.004835155130816782
2026-04-28,-0.005438047398549362,-0.0015984362710370625,0.011584039752220443,0.010427908679775388,-0.00057753054980203,0.0159929614507357
2026-04-29,0.012860978748156615,0.00045745218860759884,-0.001994732136373578,-0.011159034047451222,-0.007063802772193428,0.02729808106235354
2026-04-30,0.0076793983730685245,0.09961702406520634,0.0043676927881806105,-0.03929691983619443,0.01286987049440036,-0.002198226559964156
2026-05-01,0.012072784412985316,0.002312960442559797,0.032393627676644776,0.01633231850252348,-0.0024263326381473993,-0.010237822397487384
2026-05-04,0.014128002271583506,-0.006326388005902572,-0.011815752357562936,-0.0019785964451384253,-0.01542553598523233,0.0061538941189072105
2026-05-05,0.005513692583370089,0.013515988851422689,0.02655073078369341,-0.005415548178495877,0.005688299482735193,0.00774285199079916
2026-05-06,0.005264129064761924,0.024740662220501752,0.011718026357490974,0.0062715193636264654,0.01777636689210116,-0.039966430551094834
2026-05-07,-0.01389133038400725,-0.00012565985809642743,-0.0002435044393305219,0.016450879458010714,-0.027405562904829983,-0.014190627753102536
2026-05-08,0.0055683857848436435,0.007060470320022771,0.020456376775462637,-0.013427757958591635,-0.01361536214096759,-0.013712618052667547
2026-05-11,-0.013532354923427414,-0.03033924459227455,-0.0012626131025762488,-0.005925992396517588,-0.006951422136867502,0.035346173729486674
2026-05-12,-0.011784761609137218,-0.0033193073752801894,0.007243374589372076,-0.01185000702966521,0.016266698193691642,0.0063469281852877035
2026-05-13,0.016213969753363422,0.039421737678543955,0.013805987391627639,-0.006277990380058274,-0.01518625903724935,0.006240504976167571
2026-05-14,-0.010772604336833247,-0.0038497776707889786,-0.002208293097152536,0.010414344989990054,-0.0011323737917798837,0.007983012925278699
2026-05-15,-0.011526033074604314,-0.010696401675079903,0.006773819369938039,0.030505840389261074,-0.007002182681687286,0.0406589665169379
2026-05-18,0.0027257161474880665,0.00040326534105239453,-0.007960661114649215,0.00383963141857957,0.009804966055655173,0.016274109384609492
2026-05-19,-0.020841158796957915,-0.023378884460741545,0.0037939903054091673,-0.014449655975185771,-0.01672598122328084,0.012835675045705486
2026-05-20,0.021863243262898013,0.00322451056536055,0.010971059357449242,0.008720179231968883,0.021237827780780094,-0.038572772406928246
2026-05-21,0.01301830709151064,-0.0032141465159613025,0.00906524661379593,-0.0025229027109182622,0.0033776595528693942,-0.006334818920508023
2026-05-22,-0.007971333528174807,-0.012098216184623145,0.012557860054279724,-0.001240757398686676,0.011155101734823258,-0.0023826075934316737
2026-05-26,-0.003867523096163561,0.015431995898472772,-0.001586735786880733,-0.006068300404893701,0.0011749537442633518,-0.03298477066065375
2026-05-27,0.024727646527565872,-0.00012861975688982508,0.008173140408717527,-0.008076305462157207,-0.02432027250362001,-0.012749507330859777
2026-05-28,0.007908750591183455,0.0033434443979794004,0.00534019523725493,0.034700793226276616,-0.008520381291236778,-0.0063555593063451266
2026-05-29,-0.01226272026117703,-0.02509425962392897,-0.0014399642515899869,0.05445092515456418,0.008694742151130974,-0.011567856078975258
2026-06-01,-0.03465860321873382,-0.010438005061361721,-0.01842597822736758,0.022832265019252507,-0.00912103426891464,0.028363007929087303
2026-06-02,-0.0181429249589532,-0.0385790306785998,0.029022935295418106,-0.04171369737114239,0.014768341793673478,0.001204931516252561
2026-06-03,-0.02533909644314125,-0.007903866515702074,-0.01567264307615801,-0.03165575513355168,-0.0003653631645685884,0.0198582593553438
2026-06-04,0.01507874949703436,0.03676987830078726,0.00312645238815068,0.0016614205577818453,0.033372080535216675,-0.0032125188296440177
2026-06-05,-0.03057644001781823,-0.009833745219524848,-0.012498826008526143,-0.026585620113925734,0.004760511625581776,-0.013943667526989167
2026-06-08,-0.0032922715222234444,-0.013575520711203493,-0.018871545388655542,-0.011831960627074034,-0.004033725371046182,0.012206522501370776
2026-06-09,-0.004200304926880172,0.002614880442088685,-0.036446341189923515,-0.020231181740505533,0.005110785750300106,-0.018714967630251267
2026-06-10,-0.025349123139844942,-0.021632912402002935,0.0035450055495178656,-0.014997194555478321,-0.011384721351222371,0.011483388711468034
2026-06-11,0.01474787607914263,0.003900286525099661,0.01388983748609407,-0.017666572560045224,0.014071240233745508,-0.026689610569593958
2026-06-12,-0.012256186172015182,0.005338635773713296,-0.015221633631081977,0.0010247320290952544,0.023063020107523702,0.002796646563785421
2026-06-15,0.03131419461387441,0.02688504677670811,0.018170538868479413,0.023084454513702557,-0.004115760495236875,-0.04142572998740868
2026-06-16,-8.131156862656308e-05,0.010559073594251789,0.009513514092780229,-0.014833957996038927,0.03675641092824922,0.006670468731338586
2026-06-17,-0.03455284552845528,-0.0253449201743553,-0.010994537435617069,-0.03788432424867805,0.0070060237177231866,-0.007895073398905494
2026-06-18,0.029010523745888195,0.011655048612615904,0.006960644246616354,0.0012931572923366996,-0.024710573715507,-0.020818586188790733
2026-06-22,-0.047465142323687703,-0.04986008250517615,-0.003355513813629196,-0.03178702623248908,0.019248533511496246,0.0047892291836719725
2026-06-23,0.005670378290686617,-0.01015210440209613,-0.009124398732296202,0.01796702283800533,0.008024618744603806,0.009099404172226988
2026-06-24,0.0006834550497294423,-0.0024268232341632112,-0.004145480706800209,-0.022677464114465584,-0.002064954886221937,-0.020253359461721687
2026-06-25,-0.03098992458796135,-0.0045759131476235115,-0.06117774105404383,-0.03455919985256439,0.005008141585630899,0.004748058321791815
2026-06-26,0.025020959746330673,-0.018387527170465212,0.03136469225316163,0.05708135763656941,-0.018112939266905714,-0.007342855276018745
2026-06-29,0.03201683299701785,0.04819342168436691,-0.007188654692930396,-0.011797179081651232,0.0010333563941116175,-0.003515422228952292
2026-06-30,-0.007495640277891069,0.010518878226792872,0.027046212958856453,0.012073640288203347,-0.006254044887290422,0.004850828119595807
2026-07-01,0.014097510539473612,0.010745155973800768,0.017348672275670385,0.030186076074363744,0.020590950646787842,-0.0032182741184734187
2026-07-02,0.004013244654325954,-0.0035989807140492935,0.04840675364798175,0.01616006941502235,0.001197315436734403,0.005943627574472865
2026-07-06,0.006140048231783046,0.018198960090917593,0.01305778143996239,-0.009603319147180267,0.014265549396600186,-0.004741366356756704
2026-07-07,0.007454095831143315,0.0015554421697043797,-0.006396770744445224,0.0054300205733650575,0.004441549196311012,0.03847845137832362
2026-07-08,-0.009594278605344786,-0.013922527773091553,0.008787785980344909,-0.014144635458798516,-0.025352296658711193,-0.003952272912306043
2026-07-09,0.01403824906613349,-0.008372012231652626,0.00903022957872146,0.0026607946559606965,0.01466942766663748,-0.02600437923879262
2026-07-10,-0.006881464517662694,-0.004764752160439367,-0.002846043762522954,0.0019253324491523838,0.002980892468361418,0.010330264073834527
2026-07-13,0.008029678202122081,-0.013074592658932294,0.006310939222858636,0.015294687191659273,-0.005765751580729228,0.04053851833295985
2026-07-14,0.0007278635572656178,0.01985759214228877,-0.007721115748007268,-0.01549911176744212,0.02499033240560311,0.004013575898567101
2026-07-15,0.03018304196089816,0.03173765222711844,0.04014486379221993,0.027797294081065793,0.011723843920603993,-0.003997531502474949
2026-07-16,-0.019885500434225545,-0.044376203431425565,0.017587781993612772,0.013826052506617614,-0.010838574056478478,0.009964725597841895
2026-07-17,-0.010644698341696013,-0.021694980045105727,0.0014402172368908062,-0.018150083940457473,-0.00597402835328964,0.00966086804790689
2026-07-20,0.01116373341957555,0.01505320929169951,-0.02142383591993391,0.021507290292973824,-0.006537704328423155,0.006786102034867625
2026-07-21,-0.009760399967161937,-0.013750380613573365,0.0035212601306020552,-0.011285412136739392,0.018768306314465022,0.022580251346277613
2026-07-22,-0.010906875035172958,-0.014575824996564957,-0.005644666001250687,-0.018629801790344125,0.008631869692429461,0.018060708675221138
2026-07-23,-0.0457014586990675,-0.0713262420932762,-0.012979820539962161,-0.022441998892785864,0.004853400197806446,0.01579800899720274
2026-07-24,-0.006633583101364637,0.0064527929025617325,0.03531672413627751,0.0003145490827332065,0.009459838857765135,0.00031871407962480447
2026-07-27,-0.0031019827616640683,0.021329854045530894,0.011681009513348384,0.019386936494177,0.008465277948779049,-0.01382692834961241
2026-07-28,-0.002290499938177315,0.021894885931953434,0.009408945533389002,0.010922641823010837,0.003116185607869415,-0.011177947525817578
2026-07-29,-0.0182361894773313,0.008989841709321045,-0.005557412706758247,-0.007143758777149345,-0.03526351400634775,0.0242420731614299
2026-07-30,0.0390470167299346,-0.009058204004545156,-0.014074993355015719,0.15506733300956488,0.017812116853705096,0.0014035165595096544
2026-07-31,0.15320588778032107,0.0673440057965653,-0.07353858440208272,0.030192850660396786,0.002679214550530551,-0.009747077577872076
2026-08-03,0.04580603526208682,0.04880241665829743,-0.017772135672998512,0.049341523101114504,0.002416231509903888,-0.002444704560241817
2026-08-04,-0.023237715094833633,0.011083997811617285,0.019642637836096544,0.010581367223813976,0.013838402230386349,-0.007093969186417026
2026-08-05,-0.017194215631067156,-0.040301870691609065,0.005236336596166957,-0.010856123313284671,0.004810923231028941,-0.015133812220370801
2026-08-06,-0.001430347110176089,-0.012912818393503889,0.004533755277783991,0.02543797258000624,-0.008183950900032433,0.021169896140008415
2026-08-07,0.00815397466052481,-0.009643639991701591,0.0029447910342257355,0.0002600825963716691,0.00342408437412578,-0.011624923109852414
2026-08-10,0.013152088338200807,0.009088346970490768,-0.0153324852437281,0.012140257690705702,0.006349349969249296,0.04410611798302799
2026-08-11,-0.02092850300572191,-0.038375480091487835,-0.010867469011185404,-0.0044461131305670865,0.006253647812788143,6.264325705984675e-05
2026-08-12,-0.0183273604720513,-0.0007561933021458245,-0.008723897642456846,-0.022587890152951817,0.008673030761101153,-0.0003129102052746857
