Date,SPY,IWM,TLT,GLD,EEM,DBC
2021-08-16,-0.009315567406947722,0.0023546621974679383,0.004988291568599701,-0.009085821102872371,-0.0026221322583648288,0.002423707775468742
2021-08-17,-0.012188124343389117,-0.0065550223820142195,-0.0014950364679763295,-0.018337925557011636,-0.011040825503994545,-0.0004027713988538073
2021-08-18,-0.00873359168564114,-0.010945086175162988,0.0007786122169375354,0.0015900880956041252,-0.011695948003403234,0.0033588581589865107
2021-08-19,-0.011980898209299817,0.0015482905311234862,-0.002932408589264246,-0.017063692386010687,-0.013986101802516027,0.007365164112163036
2021-08-20,0.01689157532087071,0.007957082780577718,0.0005401616803368814,-0.0008072587291507727,-0.023458603619610274,0.0006655206999564012
2021-08-23,0.019023652475271824,0.008796366328888361,0.012177557387281546,0.015151471813304562,0.03631273593922524,-0.0006650780767291087
2021-08-24,0.009835158903741092,0.0015876302237136652,-0.00047414113127741686,0.022686537394911,0.02102424277086712,-0.007776576193461837
2021-08-25,0.0035170274974525295,0.0020983968755179383,-0.006937433805443538,0.0011675891608986522,0.008975771377595532,-0.008306736969768358
2021-08-26,-0.01060384850269136,-0.005903271020220036,0.0011344784228162208,-0.009523788080329498,-0.007849357848635163,0.002769315163849262
2021-08-27,0.028201602063913755,0.00894078136261034,0.015029547921398434,0.012362585204519272,0.012658262970791645,0.006804126296041213
2021-08-30,-0.004107531988651658,0.0043977433300856905,-0.0049356385559711224,0.002132184635978751,0.0036458100242307,0.002609442875473267
2021-08-31,0.0019513289093611164,-0.0014816620405491143,0.0020076547129428413,0.013733114521459644,-0.004670442485124049,-0.006806887845491327
2021-09-01,0.006728120257863068,0.0005316185021171371,5.8898619200498104e-05,0.01278377275650544,-0.004692472158768002,0.001675263477664224
2021-09-02,0.006946754448362569,0.003076502126428071,-0.0026517204262498373,-0.004521577581885761,0.011524400347092678,0.004365596246953762
2021-09-03,-0.0046283146071239845,-0.00024273406311081658,0.01069422486613747,0.005299120759412412,0.0010357261968574338,-0.009094412803342444
2021-09-07,-0.0068873128481276025,-0.003575593516814579,-0.01958371853465668,0.005836010173743356,-0.011381200358069443,-0.008435965127175482
2021-09-08,-0.010910346028669027,-0.0012181042314476365,-0.0025044029033459703,-0.014598721848978702,0.007325960267665632,0.006805682897938148
2021-09-09,-0.0004912490372995792,-0.004280222955675428,0.004423489287242344,-0.001899221316000843,-0.0072726808963794465,0.012100495912017006
2021-09-10,-0.009785188041182002,-0.00788454024023788,-0.005058656845151166,-0.0011417337910174519,0.013082071906545867,-0.008816375251051611
2021-09-13,0.005685719521551613,0.0025590753052495696,0.0033497597913456634,0.002667063373509526,0.007747884758394719,0.006064410867517189
2021-09-14,-0.012742601289968625,-0.005396379367677562,0.006438546534438316,-0.008360124056346452,-0.000512442084831477,0.012123722819087135
2021-09-15,0.009044012125987377,0.008352702632965059,-0.005864266379652205,-0.00019171115606841926,0.016410038852481046,-0.003507393250666402
2021-09-16,0.0007205466676105665,-0.0015852863266229145,-0.02264197706190263,-0.011307042435573345,-0.007063417806355665,-0.004582361088825593
2021-09-17,0.001305361094114943,-0.009741059158730692,-0.0015850424237688898,-0.004264452436972044,-0.008130141067019592,-0.0048037243788815465
2021-09-20,-0.023777604955671827,-0.01667434028511061,0.0071441542310690664,-0.026863837915444777,-0.011782712788655503,0.012401647856142395
2021-09-21,0.0015195632175382112,-0.0009443226099388191,0.006669036185550814,0.007401362020205582,0.0010368000378175868,-0.0008606371200066132
2021-09-22,0.015538751883134472,0.009754488740132627,-0.0037340107339023376,0.012510047833437898,0.011393101682112938,0.005964937642893409
2021-09-23,0.017700399864298166,0.012150213523528297,-0.011546389089901132,0.007844625112005676,0.015360997068008198,-0.022597463225926262
2021-09-24,-0.004823120234900835,0.0016470694509267414,-0.00128427290155253,-0.011869919296504161,0.004538548813994847,-0.009773080972530823
2021-09-27,0.015198392611424527,-0.0028608231322383437,0.00208203509820426,0.006498585864320949,0.013554240400230455,-0.0036760440441506725
2021-09-28,-0.022743346356114302,-0.020151967901677947,-0.009716428402719801,-0.012913169893720933,-0.007924773012192188,-0.015576724188497981
2021-09-29,-0.0021240551199360747,0.0016832946197833376,-0.004504756024632184,-0.009316342059865201,0.0009984959088369383,0.0017350342520614515
2021-09-30,-0.009374152515687295,-0.012222203576183643,0.01797665363761114,0.008003321819364029,0.006483749410180595,-0.00013843670663094
2021-10-01,0.016137038418274186,0.011884012222731943,0.0022530453929923144,-0.0009926531235147085,0.013379608076058425,0.008415717405279244
2021-10-04,-0.009087377956276566,-0.012896024481564461,0.0046783175745395145,-0.014702726958940704,0.016137031640685695,-0.002545975385353838
2021-10-05,0.0034502642218383617,0.010405117795355245,-0.004656532835140448,0.007057709366930176,0.01251195028806773,-0.009655982175339473
2021-10-06,-0.005203125757673677,0.004155980246806745,0.0026733243283083574,-0.005606752399006543,-0.016635083636427517,0.005641007918436802
2021-10-07,0.015418211078412458,0.00864569511394686,-0.005271739220885419,0.019532930019852568,0.012566590566189362,-0.010457617086073845
2021-10-08,-0.00752475626610416,-0.001824012035526179,0.00042636491147840516,0.0037527105757984014,0.0033412674571910994,-0.0069987172049793545
2021-10-11,-0.005731381503835342,-0.007239655537674361,-0.0018875818465466931,-0.0019677798423463067,0.006660281133774593,-0.002537275588769372
2021-10-12,0.005492082493302686,-0.002461465935719276,0.004514430828637339,-0.005126247376287418,0.0,0.017099747578475988
2021-10-13,0.00474001364625809,0.0035977260263813093,0.017794197805277356,0.013872392389944421,0.005671145260566668,0.009725998606878061
2021-10-14,0.014826667008056349,0.01682037181370699,0.0024464685904206362,0.0031275408176658637,0.010338382846803329,0.00371552876586434
2021-10-15,-0.0031431606009422186,0.007616099845462632,-0.015892846243722114,0.012081069724691806,0.00837203924854757,-0.005826730824389226
2021-10-18,-0.0005775932917784221,0.0029603720108848375,-0.0024799108302698825,-0.0025029192464082195,-0.005996271768030859,0.004688754425206998
2021-10-19,0.0037328205540316794,0.007714905075203671,0.003213671993580469,0.013317804452032123,0.002320069029402738,-0.013794678857954601
2021-10-20,0.006641191860810913,0.0039276279301292405,0.008763958748792211,-0.00019033400717072269,0.01111114268323199,-0.006750026039433532
2021-10-21,0.002550729599236412,0.0026082226423855825,-0.0008987052245035265,-0.0064775742793373725,-0.015109894935208867,-0.0011908238241145064
2021-10-22,-0.002368672248090342,-0.001036226599601675,0.006116967151190034,-0.002109288768691542,0.004649072998017756,0.011012517191973048
2021-10-25,0.009498110195221399,0.005362850801267083,0.006914158513320778,0.0051882362931676695,0.005090203473230526,-0.0015260418466295222
2021-10-26,-0.007535980337523673,0.0009002340608559312,-0.00739951491266011,-0.00516145743239127,0.0013812066878016172,0.00826911416271403
2021-10-27,-0.018390001737339068,-0.00443030746036821,0.002624060476058121,-0.008070708877853772,-0.01839068782966402,0.018194318138348597
2021-10-28,0.019941817394236283,0.009649028715780217,-0.00023788536339730548,0.0009687249377223761,0.005152088828537238,-0.0033840916435747825
2021-10-29,-0.0002629538855534186,0.002029120539261964,-0.008507900517562339,-0.014515399652609395,-0.005125680865411986,0.003055630769011497
2021-11-01,0.025915472840190246,0.0017199097125359941,0.005220584505493342,0.007855663143448322,0.007493994055195241,-0.007199701547715431
2021-11-02,0.002094279748027672,0.004043352378478193,-0.0021490007233168074,-0.008963447126990265,0.0027894845613805064,0.004438418114264042
2021-11-03,0.01787144925392581,0.006105150132181825,-0.008315382622616663,0.0047186878039180424,-0.025498417375004245,-0.010333437748132446
2021-11-04,-0.00037692481991591364,0.0047125311193321195,0.011340951773961994,-0.0023481792186264006,-0.006184546767075916,0.010510164544980105
2021-11-05,0.013665826387410984,0.003469686564072205,0.0130629437586407,-0.0011770634715444483,0.013882256380035818,0.014956201334004326
2021-11-08,0.00310167006256723,0.0008535506582001418,0.003591619309376348,0.00923026937867033,0.006137723032570541,-0.0018757519089144248
2021-11-09,-0.005813192133689138,-0.003305234674091162,0.0049281100201232775,-0.0038918247218657775,0.007977631033639021,0.01301870210705025
2021-11-10,-0.015757706853763653,-0.008044872957748916,0.010858781500706183,-0.004102318847357789,-0.01256995568737529,-0.01828300358546997
2021-11-11,0.008047113291822283,0.00032342748042601954,0.005602086369596027,0.017261661899837355,0.007072194548547239,-0.0014848053213549761
2021-11-12,0.0010031371634608988,0.007546961652443285,0.0018952552280546708,0.0026995461403562793,-0.0014044854458322709,-0.004392534341615351
2021-11-15,-0.003966481949931544,0.00034221554369073814,-0.0015477459282561279,-0.003269100674290648,0.00046882026651839936,-0.012556688041023834
2021-11-16,0.0018446147564836757,0.003957981144128153,-0.007233864736584827,0.0013506369831159937,-0.0014059044494456607,-0.002543446741125388
2021-11-17,-0.013096834540444635,-0.002429220726797854,0.009137183945092442,-0.005202395858254327,-0.008915945932406966,0.007924875927845632
2021-11-18,-0.004240069535712543,0.0033963284472786626,-0.0032091550635745536,-0.012202322312064084,0.0033143729556965873,0.003760725973945167
2021-11-19,-0.00911155324685431,-0.001788314034014249,-0.007646325240812324,-0.0015687184402360943,-0.01604509969495016,0.010557710013559651
2021-11-22,-0.0042541477627636715,-0.0028151034761373372,-0.022420457120115533,-0.008051650277390077,0.007194092578590716,-0.01172800126590201
2021-11-23,-0.0017261296570900697,0.0013261481455957291,-0.008652404091134991,-0.0009900133938489653,0.018095122878176273,-0.01445912759953416
2021-11-24,0.0010807052059869093,0.0026698476355042633,-0.0009565020521100642,-0.0013873072609245085,-0.003741893904589677,0.016055653038533846
2021-11-26,-0.03769765090958932,-0.022303286507823095,-0.001615539860939763,-0.03353823038798176,-0.05962425080682343,0.025268719747066237
2021-11-29,-0.0006281863822529266,0.01226669223379906,-0.0013785494630753625,0.0039014320169039607,0.0,-0.008038252860791406
2021-11-30,-0.020385092701740493,-0.019457818799732296,-0.006721853018899604,-0.0010229936178958177,-0.027458746929220124,0.015202047256350104
2021-12-01,-0.0225054988698018,-0.011107001402548056,0.003987937535404162,0.0036857401405616663,-0.008726955935820957,0.0061689320604962905
2021-12-02,0.027900346383891383,0.015316295415298331,-0.005536820827328315,0.012239955110099121,0.008803786189969243,0.0012475781556546828
2021-12-03,-0.020528589332941438,-0.008701504468519028,0.008412002804647267,-0.014107318446516692,0.0010266874599758058,0.011932266339478304
2021-12-06,0.020073774928784704,0.011843584177295474,-0.002460563224478851,0.0077677743486459505,0.017435898127655003,-0.013735877904763938
2021-12-07,0.02319415406877301,0.0206848653261833,0.003549490636251651,0.01582152703435269,0.01512076036126575,-0.008079342621442609
2021-12-08,0.006827438896600091,0.002647857352662486,0.0005395140531609943,0.00399371334551879,0.013406291409649107,-0.017285160525912113
2021-12-09,-0.02264776411126279,-0.006751618548664018,-0.006111378376110088,-0.004773460718915268,-0.015188644178599331,0.005594148671199228
2021-12-10,-0.0027661487644469185,0.009413406390287316,0.004219899491422874,0.0007994498166470354,0.011442822746883907,-0.0024130707981387944
2021-12-13,-0.014613912572571608,-0.008858292011392654,0.00252130006200435,-0.015858852698408032,-0.004918807862976382,0.014778964761344549
2021-12-14,-0.008609465623213741,-0.006880042268747388,-0.009341302746070368,-0.002263904238052117,-0.008897728190044751,-0.0023833805174232614
2021-12-15,0.015874532637632166,0.01562510975451792,0.004291534360497673,-0.002887822937662321,0.004987608873332272,-0.00962198727780783
2021-12-16,-0.02022264733539203,-0.008818598552019496,0.012097561477355745,0.0012413228374787977,0.005955296764565077,0.00038997436662890905
2021-12-17,0.009194165474687432,-0.010642892799192727,-0.002140821851282393,-0.004958611092491183,-0.011840190465623568,0.01133128384214821
2021-12-20,-0.014037270771342203,-0.0106333233841569,-0.0042312675861405635,-0.01495031565807925,-0.0069895807980613345,-0.007492319618708443
2021-12-21,0.028568900155858445,0.017758960122572276,-0.0004188884251822289,0.016863567744274777,0.021116226529459547,-0.0038072849543631104
2021-12-22,0.00962485168308036,0.00999868110313562,0.009400024100517657,0.004767858138705394,0.011816871676710639,0.004626881735196875
2021-12-23,0.007989823273831576,0.0062220545519418025,0.0022540179789249937,0.00515766523863137,0.005352763795510862,-0.008676939156403551
2021-12-27,0.009367758276668026,0.014152190459859826,0.002367247994286892,0.004515640258767828,0.012584730729011007,0.00242390268621806
2021-12-28,-0.006112841850670292,-0.0008172669630467366,-0.004310065233419702,-0.0032692367030225933,-0.0019121384485052406,-0.003963207856799156
2021-12-29,0.0010774861053568507,0.0012793418864016637,-0.0002965076609273698,-0.004510085453246604,0.0047892418636426015,-0.01092448314665806
2021-12-30,-0.00026904540345662475,-0.0027646297481497273,0.0071772153754725565,0.011455867753563664,-0.004766414352486259,0.008386385410435349
2021-12-31,-0.002153232074469713,-0.002520199261875078,0.00683158799329231,-0.004889052019961371,-0.004789136882453637,0.001960817684887095
2022-01-03,0.01290184954275686,0.005790091397948283,-0.015383743445999576,0.007164846599984287,0.0038498308578669427,-0.02625016704408245
2022-01-04,-0.0015088966809072568,-0.0003349226714268738,0.007366515057776857,-0.0034552428289598147,0.011984687895928658,-0.004157773304194312
2022-01-05,-0.03386968969004156,-0.019202327653655593,-0.00300766493835114,-0.016316581570491318,-0.004263458673348985,-0.005428174598141822
2022-01-06,0.005704737507371993,-0.0009392631091741377,-0.012244126909514819,0.004561441800594146,0.00856332288254169,0.002588317284444752
2022-01-07,-0.01157372164383208,-0.003953687474458456,0.004551137683908024,0.009081546312203814,0.001886780357383877,-0.007188181069830435
2022-01-10,-0.003471037128653154,-0.0012442849943586909,0.0030402057039400354,0.0,-0.004237364225082807,0.002460486790413441
2022-01-11,0.010635434211391459,0.009108371216657973,0.0120646549718888,0.02311318837634624,0.019385323874502758,0.006661557056244494
2022-01-12,-0.007444487324056115,0.0027035181777697037,0.002642622730480104,0.01659338997750015,0.00788502413749681,-0.00383104368351328
2022-01-13,-0.009167136644984586,-0.01377854483241403,-0.0033969884760131075,-0.01415933500310862,-0.010584378201825895,0.008880552726984403
2022-01-14,0.0014017489808924033,0.0004090094632835939,-0.0028796749096049457,-0.0003989826658856721,0.01302317216440696,-0.015109505300176629
2022-01-18,-0.03023655538865966,-0.017709820414404498,-0.001650255097062403,-0.0177609294311859,0.007805377140465364,-0.014074788464212395
2022-01-19,-0.01626333665287827,-0.010383449119451105,0.015880526897095182,0.004266643120563796,0.005466835582695451,0.006923865938273321
2022-01-20,-0.01809715626266095,-0.011068055907754282,-0.0024988838330701757,0.00586696193201508,-0.0036248074047936507,0.006166936746352603
2022-01-21,-0.018729872552766924,-0.019630524054661036,-0.0032624385581478954,-0.01448139176317964,0.0009095982904936406,0.011906459174172213
2022-01-24,0.023046764994658187,0.004246503044287309,0.005494198734739664,-0.014081433825052003,-0.0022717797962082953,-0.00821558113030052
2022-01-25,-0.013347812551733007,-0.012208836691784741,0.0031971345443269072,-0.0018631052565208917,0.009107510669315921,-0.0016145334867812
2022-01-26,-0.014433715733897401,-0.0025088844504480567,-0.016166464916677392,-0.01265032940497568,0.002256204488154445,-0.012093946372237818
2022-01-27,-0.022707633047338138,-0.0049378135153103075,-0.012898211138547944,-0.011552196800786674,0.004952693203346126,0.018363000704105792
2022-01-28,0.01947586350107744,0.024835273865659646,-0.0029832934474428585,0.004887398222249706,0.0008962482200984834,0.00034977180967854515
2022-01-31,0.03067870505238557,0.018011087155658245,0.005924537392067553,0.03277647400220052,0.003580997751770232,-0.0051702995463193124
2022-02-01,0.010534508568190937,0.006757023195741674,0.0008328835308379912,0.006142640875936856,0.004014247459613207,-0.003319830135199653
2022-02-02,-0.009933234492020215,0.009713883740440465,0.0036259919505645666,-0.0016280830036703442,0.0039981977046343875,0.0033874677615230997
2022-02-03,-0.018923105733384182,-0.023504807804820116,-0.0014214062993387344,-0.010599107488934112,0.0022124724241125993,-0.007806150339434215
2022-02-04,0.004303194331023663,0.004702101471736109,0.0015420788696549614,0.0024720499750729985,0.007946969107507584,-0.014742227021675491
2022-02-07,0.004940206810291281,-0.0032091895424817274,0.007402581993851909,-0.0020550919999892114,0.002190086866084684,0.0006475362512712302
2022-02-08,0.017054284904667094,0.008227956371374301,0.003056870675416823,0.009678753623993508,-0.008741203469426417,-0.006685884793703911
2022-02-09,0.018988077355573063,0.014635988319404047,0.0033991784238243117,0.015704723773279694,0.010141125435187748,0.0018810619549352037
2022-02-10,-0.015342938502393322,-0.017965759993875507,-0.0037965605384254753,-0.006626455344285409,-0.0052378538079639325,-0.015891970681683798
2022-02-11,-0.010125769213101043,-0.01971855528540223,0.019054878321533186,-0.015160819802925274,0.014918824087837956,0.014828095123713858
2022-02-14,-0.0034761737706977547,-0.00326937318445375,0.005350715998122091,-0.0069786558457859416,0.005187939242458306,-0.01244139827834645
2022-02-15,0.026808939685897926,0.01612691601875893,-0.009499848975192515,0.02170326491849317,-0.016343982779968735,-0.011352721894244744
2022-02-16,0.0020866948062367996,0.0011208235581174897,0.010284254451501385,0.00728304847673833,0.001311657863654947,0.005926932866139989
2022-02-17,-0.02561860594981369,-0.02136142344999703,0.013668073780773726,-0.011648998118064413,0.008296890814877278,0.007437986642332639
2022-02-18,-0.008598374264449538,-0.006474960019888121,-0.0007334549100845855,-0.009957351532120629,0.003897956696036431,0.01052714706029012
2022-02-22,-0.014087197823845488,-0.010731840889404265,0.0020890378623359407,-0.014162533096832686,0.014236319153185573,0.00260423982183533
2022-02-23,-0.018712812039901938,-0.01773858571059994,0.0045072272703239324,-0.011659346842088913,0.009357754027149001,-0.01378158440927113
2022-02-24,0.02622049882329036,0.015049066157257318,-0.006450131470019049,-0.02064458131283642,0.004214048151180982,0.0006585091511019936
2022-02-25,0.022520814662702948,0.022063995226180966,-0.003330678220184624,0.018498434979348444,-0.015107096059676528,0.0007311294622842635
2022-02-28,0.004049245817804081,-0.002558398805398876,0.010365345791119474,-0.013094101730157348,0.01704320720091701,0.02191878063058139
2022-03-01,-0.018837181572969097,-0.015230282317301502,0.018163415997793697,-0.013267470194308961,0.04021777180427066,0.011562023239733321
2022-03-02,0.023810569848278895,0.01839632319440976,-0.010406339832951472,0.0017349766544190182,0.0326217976435792,-0.03418308042649987
2022-03-03,-0.011848655281823106,-0.004978726458392924,0.005953415398956663,-0.014072235934033728,0.010920453222276194,0.010185408373652116
2022-03-04,-0.015657582308254314,-0.008124417282494023,0.015929145881701023,-0.020202193679156877,0.04205245611778463,0.01726440702081411
2022-03-07,-0.024866655199989984,-0.029479200368218716,0.014862865283030047,-0.037427096286150596,0.02184378560692868,-0.007629924383402931
2022-03-08,0.005523548568759251,-0.007581572426967886,0.027358997610294367,0.003259472047030032,0.017028956731685474,-0.010059757672069014
2022-03-09,0.028184108844606204,0.026810685938220447,-0.02971117615699226,0.02831288089550399,-0.0794442125583189,-0.009798737202004859
2022-03-10,-0.0017975585600739086,-0.004515658842114911,0.0031212277978962533,-0.01873160064325896,-0.011996827697468904,-0.01436785286001696
2022-03-11,-0.015956397252682497,-0.012714950700980276,-0.007027884128157469,-0.020929092682426154,0.017234429087803038,0.0033467632575527873
2022-03-14,-0.020433844772221987,-0.007308432191660996,-0.01507371193113849,-0.02419541125962421,-0.02926443762224007,-0.02334866501645161
2022-03-15,0.01593049085664755,0.021990425574196726,-0.01870545038411886,0.001444259579580054,-0.02459334615844444,-0.001745571454081607
2022-03-16,0.03146402020297967,0.022174345222325975,0.006260803404375848,0.08052886655236424,-0.008540180406007125,0.009807329184074343
2022-03-17,0.015697592864715615,0.012510932687109566,0.004888644573449508,-0.005116817573471266,0.04799012355979837,-0.007453467482109288
2022-03-18,0.010531059685421784,0.010952646236277008,-0.008789852082788041,0.01431123089026598,0.004696815360831996,0.012212376261748314
2022-03-21,-0.008829061308629704,-0.00029247818269872994,0.007640798069546317,-0.01543194055196162,0.03739767182726217,-0.02315600164146825
2022-03-22,0.010027191611690522,0.011701531423173206,-0.007250775291250955,0.018137042606373832,-0.0022531660427719258,-0.012811854430473946
2022-03-23,-0.01734926552320526,-0.012878394348902589,0.013659661796972422,-0.006597900531928436,0.024840054416560564,0.02191475079711358
2022-03-24,0.011498578420472416,0.015074275994922504,0.007260367097212894,0.00531324653037113,-0.009915472077707377,-0.007832492280542058
2022-03-25,0.0013604592504734558,0.004883413254585189,-0.004095451209537915,-0.007927701167756207,0.00741835057967033,-0.013873203653601007
2022-03-28,0.0003393401171136734,0.007113281095989965,-0.018203790082975457,0.003329753518285017,-0.043446132390458136,0.008549884173259414
2022-03-29,0.026771509224701173,0.012370868909696409,0.00044678784846130526,0.01703526699556268,0.00384900564893198,0.007552404086277997
2022-03-30,-0.020074669583630245,-0.006174755175857527,0.008038419372069505,-0.0028280268858900115,0.018021526889364425,0.007801768838635148
2022-03-31,-0.01055611388906097,-0.015391362816991938,0.00038759588392967004,-0.015052235064615505,-0.01845579167494693,0.002428380661865459
2022-04-01,0.01120488626585292,0.0028340717464658827,-0.006365867342034703,0.016611331144382513,0.006523450481791482,0.0038068797551085165
2022-04-04,0.0016378182032659172,0.008566566596436953,0.004846769455083555,0.017647066408697176,0.019062105085640324,-0.006949542254111485
2022-04-05,-0.023663973742302447,-0.012631382545144287,-0.006264842571455875,-0.018411671673893126,-0.0082304007043289,-0.022592634228698283
2022-04-06,-0.014187946324449419,-0.009999301760781565,0.002343216670796844,-0.013086069848126436,-0.007921488606813742,-0.008093840190547485
2022-04-07,-0.003248342602256371,0.005038925002299077,0.003784886240234986,-0.007955732742016774,0.003421947924081792,-0.007532461801797896
2022-04-08,-0.007971501818408111,-0.002673875968092987,0.006265969312183373,0.0008910174777301272,0.012504740765868716,-0.01083116822423602
2022-04-11,-0.006721494584508325,-0.017092165970193696,0.004959463770487282,-0.012463892565615864,-0.008233562960853869,-0.015824818662883433
2022-04-12,0.0031545684442506605,-0.0037053399921753716,0.007676751619002831,-0.0031552528266024504,0.029811381497274914,-0.0013801867257379197
2022-04-13,0.01901994296035192,0.011453554702182345,0.004788537865618281,0.013113546615291405,0.021986096618437312,0.0020328869471284428
2022-04-14,-0.009705664570904937,-0.012451741760324042,-0.003303550666205579,-0.012943807393655193,0.007529532560186514,-0.020045496603940394
2022-04-18,-0.006735192591725059,0.00041108159585623305,0.0030971927027434454,-0.003391294390542754,0.011387906407689385,-0.004969120164633023
2022-04-19,0.019937380581295905,0.016142681638574574,-0.01511290437629953,-0.004990887731209259,-0.025686051198562043,-0.007490417429432794
2022-04-20,0.0038203064540969223,-0.0007416385664260616,0.004894947496407287,-0.005928056350127053,0.0010833375091503505,0.020125745036629894
2022-04-21,-0.022389306240658935,-0.014953276192244735,-0.0035576001936851176,-0.019266051220670377,-0.0014429923143738366,-0.007398277378537155
2022-04-22,-0.025884736746305648,-0.02743920374029296,-0.009722093245064789,-0.008886662353990937,-0.019147356730792375,-0.006294114714812671
2022-04-25,0.0060722686161418515,0.005797446816261154,-0.017970993150090764,-0.007314787548251989,-0.007366516256497424,0.010000889473751773
2022-04-26,-0.03151907442821744,-0.02896079946396546,0.001525017044941901,-0.02186840309387017,0.013729122250393244,0.010066801652746982
2022-04-27,-0.0041547266504593505,0.0028119367792502903,-0.00755702425744631,0.011664506610900904,0.006954567923858734,-0.012825724546872808
2022-04-28,0.018666956860993622,0.025259404058176838,0.005398323510093839,0.014413102277405665,0.008360623199372919,0.0014896481829704822
2022-04-29,-0.02887885261064249,-0.03695574229217646,-0.00011297696546286318,0.0035518037875428288,-0.007570168726078741,-0.012973109965329632
2022-05-02,0.010489372228086769,0.006019574860413268,-0.018540493535693647,-0.0014159326640925674,0.015255985878793732,-0.017333798131106914
2022-05-03,0.008561008151325877,0.004583833406207161,0.00264926246698316,0.007325359275162313,-0.013953478158472477,0.006741808835438956
2022-05-04,0.026685683856062292,0.030453127396337543,0.009822544372671826,0.01079026853740972,0.031204604932874913,0.005509848583507004
2022-05-05,-0.040564237364068556,-0.0355429418717198,-0.003811138551277793,-0.03689925501558622,-0.005277939877300075,-0.02739843374443174
2022-05-06,-0.016642642583238776,-0.005968945263649883,0.0016558743678838361,-0.01373506507265676,0.0010611888664957547,-0.014735128772431993
2022-05-09,-0.04206355116307303,-0.032017279878105764,-0.014479496708730832,-0.028829602664130705,-0.045229627075300205,0.008797116235597757
2022-05-10,0.0002860732522522724,0.0023106850200536044,-0.008445202872691127,0.004779527935069305,-0.005921582775076151,0.009069618366176702
2022-05-11,-0.024864312900046204,-0.01588610858718531,0.008167128516088473,-0.007010339003646782,0.024571779255256443,0.019272382625394435
2022-05-12,0.01172322891229971,-0.0010440521341118503,-0.015333925720196762,-0.00655562570840551,0.004723887136159233,-0.0018652702854892178
2022-05-13,0.03169167324415212,0.023907921241915764,-0.00810956630229509,0.02766480206669719,0.01374321092182429,-0.014780763812216713
2022-05-16,-0.004773323018046449,-0.004057685226360408,0.009538483763206873,-0.003951373588882534,0.01641096247569962,-0.0010345786993553041
2022-05-17,0.03058362047157903,0.020570456664833037,-0.006279296383541522,0.02454729424812485,-0.010880942232261992,-0.012083720537788722
2022-05-18,-0.03504159213381097,-0.0403115252167171,0.0005314848929158789,-0.0239591616569923,-0.021646575342891827,0.021317700687146113
2022-05-19,0.001645347649500195,-0.006124572750280222,0.014697234801531733,0.015869138961495777,0.01269495704795065,0.002394967292742356
2022-05-20,-0.002549334555879912,0.0004362751812969634,0.0006980112537449124,0.004149120263502892,0.0014325771353715933,0.011350005009324926
2022-05-23,0.01209694720577792,0.01871024251881992,0.004650369455528214,0.00753557200006294,0.007510839303600303,-0.016454229204215243
2022-05-24,-0.01481392293983208,-0.007634081524642955,0.007521859850632806,-0.017370579189636137,-0.0007099706207247536,0.019732231047074666
2022-05-25,0.017998427738740386,0.008835217674112883,-0.006029994959596108,0.0049104237934052275,0.0071047503712784454,0.003954363982125342
2022-05-26,0.022324237078729103,0.01998138617199907,-0.0018488983177334939,0.01563640867067484,0.01093475225912055,-0.004525093646470246
2022-05-27,0.026926494202580864,0.02454912525413122,0.00052102106703944,0.011546756696479088,0.011863225179783443,0.0024411950878329147
2022-05-31,-0.012417253508430592,-0.005611034169588636,-0.009893009276743081,0.014030965284123509,-0.006896507936123841,-0.02116236462233889
2022-06-01,-0.00566631857240385,-0.008088623120589222,0.006369033199590923,-0.0070355038133600445,0.004861080032307674,-0.0011429228308567074
2022-06-02,0.0244217594654359,0.019043594571526823,0.012309182073779512,0.017241291511246093,0.022805811500114626,0.0005161131686735043
2022-06-03,-0.009005993641101107,-0.016411542894653852,-0.010152017266979896,-0.016252639580340733,0.009459399215291153,-0.0021500808147363326
2022-06-06,0.004330092896949411,0.003044709318429817,-0.0044037229040009285,0.005428191754201173,0.004350782190044145,-0.01844345666804237
2022-06-07,0.016128354596920413,0.009592277370673807,0.006518420844169315,0.0030517468126904923,0.006664402834372751,0.010800236577958255
2022-06-08,-0.015453309076898458,-0.010871966881763506,-0.0009251975242893229,0.005382756479862305,0.008937526633685522,-0.008860325962443238
2022-06-09,-0.020729944023854308,-0.02378295882888537,-0.0031832564859568535,-0.02366301635162693,0.0016403375316837998,0.0033300512230467483
2022-06-10,-0.02712880649460636,-0.02899578878779352,0.013412283666592417,-0.011060530434551241,-0.009826409974702743,-0.0062018613795413735
2022-06-13,-0.046978937157110434,-0.03796813165729662,-0.026412288230091452,-0.03501099221423043,-0.011247034572442027,-0.03137924698526173
2022-06-14,-0.004817792898246465,-0.0030133820408673184,-0.008003209616781914,0.013857549339985953,-0.011040484661634098,-0.012613230182453528
2022-06-15,0.014641348846178515,0.014256442303858696,0.013050939388113303,0.013171016741737374,0.0006765856716595131,0.018656554625534172
2022-06-16,-0.0463167438208848,-0.03309589241999589,0.011243181594596585,-0.030659760915866086,0.004394833384490093,0.007939286196025686
2022-06-17,0.007809774402702141,0.002155526867716917,-0.008222816311715064,0.003795520496627347,-0.03567821777941338,0.003222212285531656
2022-06-21,0.017919871327554127,0.025173418466701847,-0.0037367862070599722,0.01613300178977295,-0.002443265461702926,-0.01695210258407598
2022-06-22,-0.0019033517011534107,-0.001812843792263208,0.003985188163408093,-0.017861701907500693,-0.017844686403780896,0.027500232185180717
2022-06-23,0.011977248340498292,0.009802577743870389,-0.006129257292171064,0.003031090757481314,-0.022443904490334732,0.00821490321564311
2022-06-24,0.030972119340687776,0.03179404651880491,-0.0009984622015154487,0.023671687348268966,0.009475318629896368,-0.013842549790721859
2022-06-27,0.003712493110993531,-0.0038196866257487194,-0.0011170700540719114,0.001230072805088911,-0.002166130231646024,-0.008528867406940255
2022-06-28,-0.018777764938030295,-0.020433038241918666,-0.0016480211262837052,-0.006142498930106988,0.011939142776115075,0.004659624030872722
2022-06-29,-0.010148459963141176,-0.0008142239778178295,-0.0007663579045243951,-0.003955425473284091,-0.0171611365961456,0.015608267951208843
2022-06-30,-0.007791743513563376,-0.008124327434265832,-0.006077047294322124,-0.004715896008276044,-0.030920456377624306,0.00878202924785243
2022-07-01,0.0121042667129867,0.010576534864845,-0.0008310541616338707,-0.006234406665589387,0.004880013928791227,0.01026657925238994
2022-07-05,0.008284192940280155,0.001888301968880457,-0.02120964335120412,-0.007779175352711221,-0.06723950899042219,0.007857151949244745
2022-07-06,-0.007406433721100836,0.003377466882138025,-0.015842188833696924,-0.0060699525105439855,-0.014817775466479666,-0.016791006789884655
2022-07-07,0.023666860158340963,0.01497720821270443,0.000555053276362516,0.020101982454085565,0.041463419632774556,-0.008800575536028643
2022-07-08,-0.00011399645970544547,-0.0008225891471367319,0.0004315313201161963,0.0,0.01756437716281045,-0.011075614444677861
2022-07-11,-0.02010363697485884,-0.011423514422112202,-0.005360507452973451,-0.026689981942616403,-0.0019178171341308614,0.01724420836771623
2022-07-12,-0.0034290120641051747,-0.008848880536049153,-0.0037167247224720867,-0.0038443712899464133,-0.04534977759805903,0.005942240445367286
2022-07-13,-0.0008746791398629439,-0.005251700443338114,0.004787690503602615,-0.0023151578291202846,0.0056360350438753315,0.011466100331404716
2022-07-14,-0.010273324486666735,-0.0024286568247908757,-0.014047055610919013,-0.00902528109958567,-0.0092073077202528,-0.008158933417065861
2022-07-15,0.020818670096016456,0.019105126584327392,-0.0020084561635671516,0.005204195601135275,0.01292929904839446,0.005628577480769836
2022-07-18,-0.0028308832675102424,-0.008256926288448319,0.0009433945063559435,0.0069893826667477565,0.018747562190003286,-0.010418667714385599
2022-07-19,0.03528375887965329,0.02701925646934744,0.0023874693093759447,0.016452453185118898,0.003915315751560788,-0.005394787037180326
2022-07-20,0.015669764018894305,0.006373034248616349,-0.009402031234323593,-0.004299633627322774,-0.0007800262664697799,0.002624910306575412
2022-07-21,0.005124138843155546,0.010183316662745412,0.014110421925231709,0.011430054205632034,-0.01678382753883112,0.01727599604651453
2022-07-22,-0.015952316469269756,-0.009278126136273324,0.00249575020790771,-0.010045172166180394,-0.011909326255792219,0.016810787596434507
2022-07-25,0.005180927927229684,0.0012148738565078698,-0.0027385476219622396,0.0035516291043447,0.018079345719831164,-0.009784804543581438
2022-07-26,-0.006151839033912809,-0.011831156025918554,-0.0011858106875901608,-0.007836201662186237,0.0019733256748597494,0.0007666898710929626
2022-07-27,0.02275146666752681,0.02596652038166969,0.010184984698782484,0.01859859318894963,0.02284349328739932,-0.005618034355738821
2022-07-28,0.013739655313327548,0.012542475554254251,0.012185323455280006,0.004252209698926146,0.0007701989637047824,0.00796099094550673
2022-07-29,0.007099595679062931,0.014578718921921752,0.0028110896821249565,-0.004732236182061422,0.00461721558074335,-0.002717513991824072
2022-08-01,-0.0003738422003234376,-0.0029612423042474356,0.0056672312077465925,-0.008508465191674364,-0.020298858460484293,0.024083420428073765
2022-08-02,-0.0009616067166722253,-0.00659725267434641,-0.005938288400823777,-0.0047956452049948695,-0.005081977903571899,-0.02115972013104117
2022-08-03,0.014705874771996807,0.015659423283326923,0.002438243761313297,0.007862144398263382,-0.008644517949652597,0.015744729365143595
2022-08-04,-0.0021079988718277765,-0.0006755787862202656,0.016539989487255546,0.007045637252425019,-0.010701478836052103,-0.00033507864670967447
2022-08-05,0.0076578079051827785,-0.0016902053517106053,-0.011246066300201418,0.000999507578586467,-0.0036057464311380905,-0.023803716239172545
2022-08-08,0.010586995679462863,-0.0011607911412979677,0.008470017618367853,0.0012481892727089772,0.012062825903513152,0.01614164497539483
2022-08-09,-0.0136395670681273,-0.003971139199022922,0.0030595386607856767,-0.0037396906890564408,0.008343124936208035,-0.003886717292862607
2022-08-10,0.028550198472820476,0.021003880766511163,-0.0025119508170524663,0.012512288367585445,0.013790385552305828,-0.006531507915505053
2022-08-11,0.0037318875574836596,0.0,-0.0026382206776995876,0.003954863313164525,0.019432616863035657,-0.023309500019761065
2022-08-12,0.020422392649532828,0.016929000104557224,0.00919802099904432,0.01058583884632891,-0.005337366024742218,0.010140965075007724
2022-08-15,0.003543846906198578,0.004120883159028699,-0.012867030834262327,-0.004628586209703078,-0.012265241422396489,-0.0008653994364099526
2022-08-16,-0.0003978482156719032,0.001958711808422775,-0.001750096754401964,-0.0002447912103332728,-0.011253493750483234,0.004157314350981434
2022-08-17,-0.01681699627909017,-0.0070978757020629946,-0.006468335614034371,-0.004161751172125028,0.0039246221346793675,-0.010437074517231748
2022-08-18,0.006629474808093061,0.0029061247675508106,-0.0026164156896926194,-0.005653565833390051,0.015246276479650156,0.0014818697385110546
2022-08-19,-0.021466028000150517,-0.013437947511182324,-0.007320625681104476,-0.01359707949133604,-0.00038505727916937627,-0.016102482055199263
2022-08-22,-0.020601005312814946,-0.020822486302330523,-0.006637179344595956,-0.008771835820600704,0.008859897799768479,-0.0033615699634736984
2022-08-23,0.0016261227368283837,-0.0024190689836162127,0.0069908740848763085,0.005309507519408951,0.016418543292014753,-0.005503557719155339
2022-08-24,0.007645808650491581,0.003201079810102536,0.0029489200401788818,-0.0002514581939420113,0.010518257309997336,-0.007318559032419958
2022-08-25,0.015539988809110561,0.014117634606665153,0.003062787136294043,0.021635273240343977,-0.01412622392845675,0.013936233332592751
2022-08-26,-0.03285575785462114,-0.03384930430561117,-0.012152705301765265,-0.014774690333725804,0.004147703575202888,0.007537550336475629
2022-08-29,-0.009207360991803637,-0.006612255194844097,0.0006182375550920494,-0.006248535777733877,0.014645208867496207,-0.008273109071203488
2022-08-30,-0.013992758555239404,-0.010977704999985183,-0.008340578885610683,-0.01182085464577709,-0.027757282359138102,0.0024846304501033867
2022-08-31,-0.0060665970699043115,-0.007609042857014692,-0.007725314789180926,0.0035632736879491755,-0.020936463500619507,-0.009560724309881086
2022-09-01,-0.01089907448793892,0.003137879229654139,-0.008790162100319021,-0.007862038082670608,-0.021384001994965374,-0.01830821024759155
2022-09-02,-0.007768507866500518,-0.010544556127941584,0.008804709144487166,-0.009202628201776086,0.006753854605409115,0.005656813434538277
2022-09-06,-0.009884195787226435,-0.0037729626613109968,-0.0058394619355668365,-0.011867777315241912,-0.005919458001519051,-0.024768561078889362
2022-09-07,0.021759989648783895,0.017964811876125752,0.010168638866495439,0.008877349695142422,-0.023818826549481198,0.01581527694267093
2022-09-08,0.00834298231612629,0.006536383068096008,-0.006002292729855863,-0.005434659379083606,0.0040665785347338,-0.01025729263976094
2022-09-09,0.020086027001000595,0.01553531974882394,0.005283756568463582,0.014831886559902197,0.028351646966271682,0.0022209880197257004
2022-09-12,0.012113010756956477,0.010747630917717244,0.005068186218703863,0.014872012658623701,0.013784952972427211,-0.008217333402466442
2022-09-13,-0.039120653965393215,-0.043482525143137885,-0.01301133993119441,-0.030823658475698457,-0.00505047279309645,0.0023271382363858617
2022-09-14,0.0038958189325764003,0.0038157304636992073,-0.003847613448870524,0.004953057204728939,0.004295084024223739,0.003436561609965638
2022-09-15,-0.007269375950318069,-0.01135333876975586,-0.018679143196684067,-0.01063556080032746,-0.029160173171979498,-0.0006476419843020054
2022-09-16,-0.014534906863901131,-0.007628606105178903,0.005549107201315628,-0.009176728970719639,-0.0036043901944855516,-0.008335860488192792
2022-09-19,0.008547970614348088,0.007754856910108465,0.0007700871329356929,0.0031753553818918423,0.003215502073200094,0.0023348284858217827
2022-09-20,-0.013627194865540093,-0.011478573406658144,-0.005706587274526553,-0.0055394209499916025,-0.0012019154770459561,-0.009970375310475399
2022-09-21,-0.015276031305131221,-0.01744379450404354,0.004642973675810236,-0.01671094237256776,-0.006016809081187624,0.01675322983725902
2022-09-22,-0.022527532087514457,-0.008399783083411716,-0.0005776772692025478,-0.004855601328194292,0.002824840765458303,-0.02554838815979188
2022-09-23,-0.023805283071788308,-0.016754752623343916,-0.01727683040546535,-0.024667942038932744,-0.033802778635860786,0.004084650004658519
2022-09-26,-0.013691759487122757,-0.009892819797838959,-0.011633219026207842,-0.012229105882511915,-0.02332364869750414,-0.019110343956552867
2022-09-27,0.003410579104259126,-0.002552790018367501,0.002049841746687875,-0.0011252648618708117,0.010661006521057503,-0.02633134916274782
2022-09-28,0.03162784677255881,0.019676420201272915,0.02078665233491006,0.008732516309923444,0.027848016034762724,0.03348189175359706
2022-09-29,-0.02241964565362764,-0.020888998418720717,-0.00019392836526865853,-0.022340345206829593,-0.006157686665703266,-0.005175914556591055
2022-09-30,-0.0072834209112238035,-0.015463811381341896,6.462244018679009e-05,-0.003713251914354676,-0.012391405773879538,-0.012910170400323606
2022-10-03,0.02649762975115877,0.02640158440385898,0.024309785681440932,0.01634180283233233,0.022584639339218615,0.015889470325507027
2022-10-04,0.03963610146588192,0.030986500591864585,0.014328122056449066,0.03272226358404917,0.026993872510895356,-0.0027934257907930027
2022-10-05,-0.007386272509327441,-0.0023282838689296925,-0.005538266375543777,0.0005463027350747218,0.017921120044905203,-0.009561314868590687
2022-10-06,-0.005609449639887187,-0.010315563285770879,-0.00112629171222689,-0.0060060489648460225,0.006259741181931178,-0.005558664722206119
2022-10-07,-0.02941548025980867,-0.02789400314886692,-0.010962851258976669,-0.020873421500532507,0.010497686205132473,-0.009707838489943277
2022-10-10,-0.005574873255245194,-0.007635397169242442,-0.015201476317757034,-0.014025229279585716,-0.01115806716414569,-0.015545828032673459
2022-10-11,0.00029828544496668385,-0.006332897187805386,-0.002058091550185215,-0.015931716885876357,-0.014396965648179494,0.004425523235180195
2022-10-12,-0.002742664428112218,-0.0032985712465039008,0.00534932850905423,0.0011563513276862114,0.0,0.004906775532646179
2022-10-13,0.024751674789202482,0.026391106214560534,-0.006923532232980256,0.0028876300981495184,0.013817693366317885,-0.009566470081102119
2022-10-14,-0.026779322170176756,-0.022788721074187723,-0.012458897998479546,-0.01497263476246391,-0.01985977130230898,-0.008250101727105164
2022-10-17,0.03189261018529055,0.025697125377898145,0.0028762090057179446,0.027477423604929774,-0.0023838619521593385,-0.00486983566286292
2022-10-18,0.011851442995922445,0.011749485785729652,0.0021509701146735782,0.00028449707405098223,-0.01075270694541497,0.0023448217682011663
2022-10-19,-0.016994915483821926,-0.007086629070703898,-0.013398358104674823,-0.018202693756645072,-0.0004025739317053967,-0.018205645418002514
2022-10-20,-0.012732853005085643,-0.008385255565271366,-0.0015822103586343728,0.006373407118790864,0.0008054721254913133,-0.017092912560188744
2022-10-21,0.0217119787181852,0.024301519631383606,0.017827646105301076,0.015255995775637743,0.0012071475839139367,-0.018023219633892862
2022-10-24,0.004285194800050407,0.012236442557892246,-0.003243594030472474,-0.037992608868715694,0.002813575326948703,-0.008264358850596287
2022-10-25,0.02727154681394972,0.015968747643671177,0.002277944142005106,0.008252282493976137,0.0056111869503618905,0.02911263036072631
2022-10-26,0.004939146567218611,-0.007534186841336554,0.006363608620383543,0.016369295612552515,0.018732619671452344,0.014407185749510942
2022-10-27,0.00022326527744653824,-0.005339985213381637,-0.001548523944967184,-0.007765192125721243,0.001564935295482739,0.010471308282101521
2022-10-28,0.022726205778397235,0.023790920110888347,-0.010210687443231947,-0.006086819006442923,-0.011718761372107256,-0.006874341007066409
2022-10-31,0.0009280869209471465,-0.007223678791489774,-0.008161399648159207,-0.0029162620377793935,-0.00711457950760952,-0.007128024971247315
2022-11-01,0.001363419467882876,-0.004375739435459214,0.010203429757038585,0.018426327427063738,0.015127379433720334,0.009345623444651618
2022-11-02,-0.03317345110444814,-0.025096226493915186,-0.006972548399621914,-0.008328607474575977,0.009019550468341908,-0.0043403249706431835
2022-11-03,-0.006704687301456791,-0.010296767185619005,-0.003806036048150885,0.005792107412938563,-0.0007772978591084057,-0.0053971654884391596
2022-11-04,0.013499705798889705,0.014393026553227495,0.030696289684813083,0.04232640548977695,0.03383893018452744,-0.016800441783678455
2022-11-07,0.004533414678001169,0.009565781520422867,-0.003962389674382338,0.0005526060842717673,-0.008653068414378629,-0.009976689222915835
2022-11-08,0.00039004588649405036,0.0053952366309353295,0.023099074133724695,0.007178406841123586,-0.012144218932519824,0.010935194200154097
2022-11-09,-0.027456090657610233,-0.020602217370310094,-0.0050172660211307285,-0.017269919323080085,-0.02305026517560793,0.003287206559122513
2022-11-10,0.06155862064799322,0.054954157876803356,0.030444387121793204,0.03626223901578518,0.009044378014763765,0.038473294362599386
2022-11-11,0.008199385011635307,0.00967864311831268,0.006606324071935177,0.02718711108819205,0.019095919193355293,-0.003663569640185882
2022-11-14,-0.011182294012702765,-0.008506626447184473,0.002187655661719301,-0.00602702339591088,-0.014913946747723839,-0.002451873200724597
2022-11-15,0.014826049939614006,0.008529055770629679,0.0035168677995043307,0.022936876397870565,0.011645888408290617,0.01617992561994197
2022-11-16,-0.017595377147222147,-0.007628910655508081,-0.0022961020109516506,-0.01597938907305818,-0.011128095568822882,0.021868666966271322
2022-11-17,-0.009280879529962371,-0.0030596670340882204,-0.007267423593311895,0.001833488823228313,-0.016686217804524173,-0.01055249765387467
2022-11-18,0.006464298332832019,0.004540272502557174,-0.006893636502166456,-0.005751675275018631,-0.007103349601823017,-0.006877208494602494
2022-11-21,-0.005225294497023691,-0.003636154612471021,-0.005589952950737276,-0.01262170564322651,-0.003576996956977996,0.0042152194836810875
2022-11-22,0.010669729803903794,0.013457115666759112,0.00117372396636517,0.0023968776064089425,0.010370895112681078,0.014191357297437923
2022-11-23,0.0025986439803229455,0.006301710316475084,0.006231840940288613,0.00823592317014099,-0.013817606828331774,0.01744207865910896
2022-11-25,0.0021059796270637143,-0.00022380535228627707,0.000858470616118101,-0.004743117321320156,-0.00880698999328533,-0.0033899090202563764
2022-11-28,-0.02015312575551509,-0.015957092432458353,-0.007903495498554403,-0.004500903887782903,-0.0060581197041250645,0.0028188102931807624
2022-11-29,0.0029147002541209943,-0.0017176002478774821,0.004940425418036076,0.02154243058215055,0.013002760984662798,-0.011727035060598134
2022-11-30,0.027416842388126694,0.03150054843770489,0.012781920270785507,0.028898991753248282,0.022462841829581137,0.0073548684739166426
2022-12-01,-0.002188110074306193,-0.0007357373712508775,0.01838479961277617,-0.003289550098971805,-0.0050999212201697786,0.03194581658990181
2022-12-02,0.005830144069379761,-0.0011534907734904731,-0.0034556830535615868,0.003808047258864633,-0.010646792469660715,0.012575692219492618
2022-12-05,-0.02754596710630164,-0.017989265568597368,-0.017158885635801036,-0.011380909160207509,-0.02590657278923092,-0.014006899736003886
2022-12-06,-0.015311455530070961,-0.014415116321988108,0.0027373742314797944,-0.0012790551528324423,-0.015957523139843555,0.012880203231397935
2022-12-07,-0.002943172633048108,-0.0017010271048175651,0.009039101712364994,-0.005891274760614906,-0.004989664299359764,0.02356221169754691
2022-12-08,0.007240368795157215,0.00783394726246911,0.0008416965556858891,0.012110096499698741,-0.0016715314325861375,-0.0027401196522145455
2022-12-09,-0.012275867615999969,-0.007470261972992276,0.003544160110315664,-0.006619085916849343,0.0012557475960177644,-0.02601500636326526
2022-12-12,0.011757118579774906,0.014417314832894101,-0.008260534556326027,-0.003075368112732124,0.01086949648806912,0.003197807787337803
2022-12-13,0.008282563428881895,0.007569723933199102,0.017081132038632596,0.007151118031003323,0.01654267501950213,0.009655782871124119
2022-12-14,-0.006560936711763277,-0.006393451344642753,-0.0024330212847030186,0.0005181958651971907,0.007729901911692316,0.004271420623928934
2022-12-15,-0.025029107514939586,-0.024461799941751128,-0.01635930934057528,-0.023050927574638558,-0.012111524930739859,0.0039015657484371413
2022-12-16,-0.007456578836426253,-0.011806035693695649,0.008708721678036602,0.00291619646100294,-0.012668494324788337,-0.0111705494345965
2022-12-19,-0.013534427201196686,-0.00847984857651174,-0.0028178306902848504,0.0007928549622253644,-0.001873912048617532,-0.016805291870037098
2022-12-20,0.00529038179083785,0.0013685373145408963,0.016594482836064905,-0.00026414832179111336,0.0045892232925695,-0.017757208116571666
2022-12-21,0.017233291904069192,0.014952485782302238,-0.0016560135809358112,0.008982870440723989,0.01287368136742817,0.002513738472520677
2022-12-22,-0.013075611039850221,-0.014266060204856434,-0.012085358459954287,-0.008902896871579413,-0.01271005615433507,-0.00019278157116975336
2022-12-23,0.0045507027638556075,0.005752292622004385,0.002998321039039853,-0.0013208723910506093,0.018272310265529335,-0.014660175669097164
2022-12-27,-0.006709142606116436,-0.003943512221412093,0.008430011409881644,0.014814910294442374,0.008972212089693787,-0.01977298517744408
2022-12-28,-0.015529368583851566,-0.012427997554835257,-0.004505807286929064,-0.014598632858226157,-0.011317698854341529,-0.005891871275604754
2022-12-29,0.02533283162782385,0.018000442143475626,0.005598251568726287,0.016666774081247615,-0.0012264280274791872,0.011351271374447025
2022-12-30,-0.0028023699075501174,-0.002634252794211589,0.0046786689817972515,-0.013791350251817436,0.009005354730493575,-0.01112484678690251
2023-01-03,-0.005505879733511687,-0.004209846370317738,0.008370656531798915,0.00844317000734307,-0.02393510293194734,0.01908386876521262
2023-01-04,0.012456861004256359,0.007720286246805985,0.0094119059589024,0.030088767861120802,-0.017872015568917043,0.013700120142656091
2023-01-05,-0.010708835478033696,-0.011413283983386924,-0.012451461859522062,-0.0030476818152642693,-0.00507820859861674,0.0041812012123914055
2023-01-06,0.02245529511531097,0.0229319435593609,0.01870749684189077,0.020891611784850994,0.0055295188019302,0.018396316793640732
2023-01-09,0.0016892429165180634,-0.0005669681587425757,0.0022451175785793698,0.007486872597654681,0.011844324935323503,0.005324192370526504
2023-01-10,0.014785063452660951,0.007013196194138871,0.0036760446135073455,0.007183715534070156,0.0,-0.016550204671623048
2023-01-11,0.012464914086060652,0.012647589462341458,-0.000686793935011365,0.004180880084905247,0.017976526519090763,0.016251737231286256
2023-01-12,0.016797913149581234,0.0036407431092533304,0.011568000967502767,0.004898275035777111,0.00821359939840427,0.01968206820149887
2023-01-13,0.006565301379191979,0.003879593585376373,0.012001783992939385,0.006580579390881081,0.009776076192883565,-0.00937243537146315
2023-01-17,-0.0012297111901166113,-0.0018319069772806396,-0.00654507834469964,-0.005569171997574562,0.006857536614852666,-0.0064639076196773
2023-01-18,-0.016165271187217223,-0.015788063618273007,-0.0028717524486322477,-0.006817472797720492,-0.010817263940524291,0.02423151123691647
2023-01-19,-0.009575793250606979,-0.007279808932733833,0.015868520044824974,0.0075999947766358655,0.010125525309224281,-0.006259782304497308
2023-01-20,0.016480052622337427,0.018628951725225384,-0.003335405556458948,0.015328364562207542,0.006014381117972922,-0.016211218537203975
2023-01-23,0.012375660850659331,0.011998415969810772,0.0018964337632443318,0.007188949831907321,0.002391352469305774,-0.004707828062061714
2023-01-24,-0.0021352102799928607,-0.0010730818959853172,0.003618515163479552,0.0007139209576425554,-0.005566510938701197,0.01438025736541948
2023-01-25,0.0027816277914585186,0.00037482574590330664,0.004603959599926766,0.0009508882794624363,-0.0027988787758010947,0.0024249522215273878
2023-01-26,0.005921882820751012,0.010990476615651001,-0.009055266877155188,0.009501222593164771,0.004410557801677317,-0.004652170575541681
2023-01-27,0.0054094368849528784,0.0022975584626789836,-0.0013929904624704337,-0.004705802342894194,-0.011177638321621775,-0.0025238280978998606
2023-01-30,-0.0139257190358556,-0.012546751360647534,-0.002566715270248765,-0.020094414610768663,-0.012918820851704815,-0.0036546891973635587
2023-01-31,0.02428587623783951,0.01470332345925307,0.0036362115419990015,-0.0021714326016131213,0.017177903613498025,0.007994795490276152
2023-02-01,0.0157195963622645,0.010627730513844913,0.012596814339808304,0.012330763234650766,-0.018898272171740116,0.012020780243651163
2023-02-02,0.01969268082860398,0.014557059239092007,-0.02075193653580043,-0.005971055940435344,-0.0073771085409991555,0.0012944117448425718
2023-02-03,-0.006706347608192442,-0.010629047461188312,-0.024957770292002968,-0.017779593087176804,-0.025185796119233328,-0.01495565307436697
2023-02-06,-0.014467863080735888,-0.0061114496083855,0.0020754098721176284,-0.014677254830544273,0.0029649360870227515,-0.007404191412743288
2023-02-07,0.007417450661512559,0.013078611613261293,0.000920425708082595,0.003972147301889217,0.01900330066528566,-0.008025159051690767
2023-02-08,-0.014623173201576467,-0.010934803514228375,0.002471594120761589,-0.0012363785472753186,0.0020720308611330562,0.004758833122670225
2023-02-09,-0.01447693132249983,-0.008669202797541908,-0.007912418174625069,0.0047042384865716436,-0.00785765268474059,-0.009473087512911649
2023-02-10,0.0020007653237312795,0.0023337445172644244,0.0019071943211166342,-0.009610765669298638,0.014172525073594011,-0.011189893359756398
2023-02-13,0.012033040511595816,0.01173893540026616,-0.005076170279846859,0.008211022275920632,-0.0020549982254852717,0.008414644081125688
2023-02-14,-0.0004675658414898809,-0.0004600736689964746,0.0007537389032514774,-0.0017274513438444439,0.003294839693790408,-0.002301879374841942
2023-02-15,0.010129436649366719,0.003247444839613145,-0.00996466725346834,-0.008405478408333389,-0.01067324186092522,-0.009325200312324977
2023-02-16,-0.009564766392555213,-0.013768876841426803,-0.0008192368783922488,0.00024922776452873663,-0.002904562777277908,-0.014167799610014353
2023-02-17,0.0027516993250944477,-0.002498373047901792,0.002986790669610162,-0.010966994348848624,-0.007490606819669066,0.007776191628042994
2023-02-21,-0.029513887029570363,-0.020060789797157086,-0.003737004613899475,-0.012600694681830671,0.0012577956747101826,-0.01943693366050825
2023-02-22,0.0027209831056098643,-0.0013782368452914806,-0.005626488586046308,-0.004849519052826157,-0.012981502936796119,0.009164068520983726
2023-02-23,0.0071298229692553505,0.0053194692655200715,-0.0005304511136865475,0.004873151493842931,0.007636795725790346,0.009772161666727008
2023-02-24,-0.009351010690051398,-0.010682377041181801,-0.00719467575637045,-0.022460641920517443,-0.003368366819146318,-0.013001343114313224
2023-02-27,0.003519799615284258,0.003405942169356413,0.003920334893926292,0.005221950974443557,0.0008448457139405008,0.002773161598399243
2023-02-28,5.309968569733314e-05,-0.003696103868382705,0.00455596886271592,-0.0070130175720115595,0.0029549237999761946,0.0045432469857928925
2023-03-01,0.0012755930277388305,-0.0038359462458492644,0.005772150633673867,0.021449125843706618,0.01725584300825278,-0.010743107121438222
2023-03-02,0.0023881727269865483,0.007777275140007589,-0.0005855636445488699,0.0035852765432804468,-0.003723519336518377,-0.008866984054528015
2023-03-03,0.013924914468761207,0.016037836135675665,0.010723085619275707,0.008930696518047121,0.015780565786514877,0.024225815620444235
2023-03-06,-0.014621419596648866,0.0006929784214131374,-0.005043830646819902,-0.0035404283225911604,-0.004905890266225232,-0.0077536908770203805
2023-03-07,-0.011605865166333662,-0.015328868548454055,-0.017480480627863337,-0.016751314732242784,-0.020542254724567277,0.006132907568302981
2023-03-08,0.0004829184139154563,0.0016321426072882783,-0.00047445044105887124,0.004130048181586021,-0.005453160408333768,0.0009829988872394058
2023-03-09,-0.027813707512650332,-0.01844979332839214,0.009849316056938173,-0.02210792865783162,-0.012230975918772868,0.0024552992127280238
2023-03-10,-0.02882975565112411,-0.014429531486900848,0.021562856843419187,-0.005257967111871653,0.010674603813287886,0.034485647470615444
2023-03-13,-0.016290293157726454,-0.0014251424336076957,0.022948211912439564,0.0015859460778333556,-0.006337171315159429,0.0022735286165838087
2023-03-14,0.018521993450005825,0.01652996875732704,-0.005791064746217711,0.000527630033620996,-0.012755174355362775,-0.01644196347882254
2023-03-15,-0.01648560095635787,-0.006254309492505827,0.007804133170404848,-0.017141274200824674,-0.023255722300574377,0.01931042966599139
2023-03-16,0.013651230927564928,0.017545197336429785,0.002020092008242713,0.01529347220603472,0.003086417974025313,-0.007822798410493381
2023-03-17,-0.026991637379654376,-0.011692761234942006,0.029120214677489598,-0.006077968662124511,-0.0030769213087932235,0.015009141084626698
2023-03-20,0.012965124009684637,0.009615606462570536,0.00038086773577017397,0.0037224382464555728,0.003968237956706089,-0.008797510257236518
2023-03-21,0.018449159231619827,0.01313050228293533,-0.018875115806276654,0.009006555352984114,0.0035134338584137392,-0.008592054024847084
2023-03-22,-0.028361233750776038,-0.01704666414217959,0.01702060989813825,0.0039379741162783866,0.0026257781288521187,0.013333341129192489
2023-03-23,-0.004438409684652367,0.002703654259194055,0.01253817608562513,0.013859877222206718,-0.002618901474638502,0.0
2023-03-24,0.009045537464087428,0.006561910400293192,-0.011252350246951037,-0.0025792698402116176,0.004813878892289347,0.004229299253853291
2023-03-27,0.01111824603924605,0.0018698398938543637,-0.009256722051406263,-0.0054306014536060765,0.018728254780638443,-0.02349088976160918
2023-03-28,-0.0014392709519055469,-0.0022446079810725106,0.008189093257242153,0.014300542321450171,0.004702928631758585,0.0018209764313670274
2023-03-29,0.011357575403085018,0.014534808490172857,-0.00496077000653139,0.002819762854133545,-0.006382922106802691,-0.0020090483948672633
2023-03-30,-0.0013678671673293952,0.005855257607331188,0.009039576549164652,0.009969345308115996,0.007280442705261514,0.004601066716392266
2023-03-31,0.018380967652146474,0.014094639113176877,-0.005212246135594234,-0.0012654808205296852,0.009353775999617842,0.014981135811362734
2023-04-03,0.00044845782754832086,0.0038105606545106863,0.007204410308019105,0.0020272930102860354,0.016427933755942314,0.004702855518331495
2023-04-04,-0.017537170365384824,-0.005548032308860695,0.018640958960437493,0.0,-0.001243290753778048,0.004972256174472056
2023-04-05,-0.009808784657933334,-0.0026182148960580687,-0.0007979247786650268,-0.007840049457182308,0.003734515349737899,0.010454431539825615
2023-04-06,0.0014975511756136761,0.0039007747492327827,-0.00713409106547247,0.00407856784694971,-0.0028937560010734442,0.002586627410249953
2023-04-10,0.010696270371493233,0.0010264365293919386,-0.007399886547073353,0.0010153429366368538,0.0,-0.01612449102392488
2023-04-11,0.007908936558938873,0.0002685714436523323,0.006320556237304986,0.006086820841693541,0.005389585758984072,0.0020602992267568787
2023-04-12,-0.007338761219826573,-0.004075912986971297,0.004885138866613126,-0.007058172073844848,0.007835150510579147,-0.0010281950777777382
2023-04-13,0.01325087017235771,0.013282619783800742,0.013515672558895409,0.013709016509438454,0.0,-0.007858532662507356
2023-04-14,-0.00931704345441664,-0.002442868872968962,-0.017710313033588942,-0.005259134227255879,0.0012275206765779423,-0.009146675954044503
2023-04-17,0.012860469207752967,0.003588482629637957,-0.0044537552497121435,0.00427982375484115,-0.004086659695292094,-0.011895686401510508
2023-04-18,-0.004251249124741507,0.0006521155041727678,0.003880780603893852,-0.0012533220850402538,0.0020516250995101792,0.0035636356160675398
2023-04-19,0.0012921464724739984,-0.0001689482743481019,-0.004778520212877391,-0.010040299039748346,-0.013922879538861288,-0.0009597791097597508
2023-04-20,-0.005161204489739224,-0.005457160613583145,0.00393825919904689,-0.0015211884910626416,-0.008720924708834454,0.008549584937093124
2023-04-21,0.0012968163948630096,0.0007768805174901416,-0.009887669268098143,-0.009395722775167425,-0.0020947824955085403,-0.005619520890057572
2023-04-24,-0.0006758244902547172,0.0010431613806292095,0.003039335460481629,-0.0023070402090350495,0.007976499138109716,0.00967409162625854
2023-04-25,-0.02468427613263091,-0.01587352589516955,0.005086318131183543,-0.018756484192812395,-0.014160719745158756,0.014704316493444836
2023-04-26,-0.009649858966418123,-0.004235765002303826,-0.0054373863086724095,0.005760723415646929,-0.015209155925675066,-0.010657940312753245
2023-04-27,0.013361286463036803,0.01990791529641478,5.410039265307809e-05,0.013538167417431302,0.0012870272717238063,-0.009922244529402047
2023-04-28,0.008751622001778037,0.008535243352076005,0.0002706525128974846,0.005137444158388682,0.009425819445100458,0.016130280698446686
2023-05-01,0.0005709242141083148,-0.001009727060280019,-0.004491351825477108,-0.0033223709688617875,-0.008488920225549923,-0.028834751520061097
2023-05-02,-0.020536299239548694,-0.011239354590687367,0.01929664090994354,-0.009743381307356636,-0.022688409788228725,0.024920482791783494
2023-05-03,0.0036692180917756723,-0.006863822935470498,0.008479075840785777,-0.0015538075769743198,-0.012702427763627178,0.005581673427152767
2023-05-04,-0.011199677386299234,-0.007083005726655656,0.007032953449114698,0.008039410533890345,0.003992788331178776,-0.00987845881724636
2023-05-05,0.023767909285050015,0.018512449386183016,-0.015647950479605433,0.013378059650740903,0.022536429568217775,-0.003326114342415143
2023-05-08,-0.0022928785462242862,0.0002666058250597736,0.0012269055761324754,0.0005077762941430031,0.0047537379920705725,-0.014014403248530316
2023-05-09,-0.0029876924811591543,-0.004385344254685175,0.007086162362163417,-0.006089908740949279,0.003010657160314789,-0.0035777841734583316
2023-05-10,0.005071112780989262,0.004672291593952771,-0.0014284428439209629,-0.000510522853197859,-0.003001620310634001,0.009704178368556748
2023-05-11,-0.007682855226395668,-0.0017438744139337548,-0.008582755587748347,-0.003576118149957175,-0.017204304098302425,0.010571416542811907
2023-05-12,-0.0020224603838286948,-0.0013102677655305595,-0.0017100802429795836,-0.011791985755540302,-0.00787752509564743,-0.008368631399886306
2023-05-15,0.012216256727701547,0.0034500680249409665,0.0021412620336231925,0.018417777602593333,0.011469005332659599,-0.010357383370224404
2023-05-16,-0.014585659604775314,-0.006682569261043714,-0.0124993937971285,-0.007132092692278991,-0.010902808409130493,-0.003004719926903099
2023-05-17,0.022289461100246877,0.012138858327776614,-0.0034618889303413836,0.004618055967499535,0.011904809939404792,-0.002915894781813866
2023-05-18,0.006075446788356809,0.009633195523003346,-0.012972911279784172,-0.0053626491628155915,-0.00915041602768707,-0.007408541629715826
2023-05-19,-0.006095120378851182,-0.0014550025391444343,0.0098988291245512,0.0007699505770812909,-0.0013191920695937442,-0.007071667274862303
2023-05-22,0.012208199995967561,0.0004062626577325812,-0.002341497915543389,0.008209665418688505,0.000880559129142755,-0.0035609728014593944
2023-05-23,-0.00471219380410981,-0.01122291809080489,0.001200731149241463,-0.01552169725939867,0.003959605069007388,0.0028788296403294833
2023-05-24,-0.01059638932219753,-0.007244997517253493,-0.008068450017086337,-0.007495433615738567,0.0004381572836655856,-0.004948929668072477
2023-05-25,-0.007804524321354034,0.008660101589192282,-0.009618027091793824,-0.0020834695359247535,-0.01576866265565846,-0.0024870320962724346
2023-05-26,0.011368236724648817,0.012950584810208943,0.003995567330169925,0.017745279993655494,0.01602129708469313,0.008077510547205069
2023-05-30,-0.0036900030291069363,0.00038091226822878355,0.006190554546333882,-0.011538582479255877,-0.023215028597546206,0.009990994181739099
2023-05-31,-0.009857574376430644,-0.005545036280715343,0.0015382006614657051,-0.009338384783440179,-0.011210728156525351,0.008717081253788228
2023-06-01,0.010818782294949036,0.00950096190552796,0.007898130346476462,0.017805685623502265,0.01632646446728181,0.0039233313026849626
2023-06-02,0.03626558494845478,0.014460986902395279,-0.014747450675273832,0.017236904905692185,0.012940686333369866,-0.010958179221058684
2023-06-05,-0.013405368818554919,-0.001916135541940367,0.006020416015011243,-0.0002529250331037014,-0.002643225168556196,-0.0018628827502569223
2023-06-06,0.026339265301280168,0.002177387434340261,0.0010980396887692034,0.008854093439645716,0.001325115162025714,0.005893938011830802
2023-06-07,0.018710671106467514,-0.003457724968653264,-0.012010543410059138,-0.004295992784653646,0.0039700846666905765,-0.014843730412385847
2023-06-08,-0.003738698548253927,0.006048552856186884,0.013211240429905624,0.007106409806743708,0.0017573450792180978,0.011697299884491974
2023-06-09,-0.00809476913679441,0.0017943356990339776,-0.0026845203333208945,0.004536428545468318,-0.006140347859392992,-0.0013718790880619114
2023-06-12,0.004161578607828398,0.009071871555161648,-0.0008788640365902101,0.002006971259793433,-0.01368041881643145,0.0029436696245110916
2023-06-13,0.011463828816216104,0.006592886129865416,-0.007367558613950331,0.010015064705608312,0.013422797200697278,-0.009880662722643097
2023-06-14,-0.010748693950661137,0.0011908620144434057,0.0005539277015322863,0.0074367421414471835,0.0022075180476721634,0.00800296560914937
2023-06-15,0.008229935138039934,0.012397651683216271,0.007030581691497062,0.009350498630420923,0.02114541740986775,0.009605896684999893
2023-06-16,-0.00800268395086945,-0.0034062534638480413,-0.0015392159510750902,-0.003413028255563,0.012510723887176,-0.0038835699608288365
2023-06-20,-0.004356051363607172,-0.005188148969131445,-0.010350739592973501,-0.019569553212345547,-0.00894758780622984,0.006920334802920758
2023-06-21,-0.00232285468534299,-0.005123764779533357,-0.0014464228474878604,-0.004740572342129767,0.01461741438148767,0.002419673666279376
2023-06-22,-0.0074172671981025395,0.0036097827997971788,-0.009916979914319946,-0.003509507458036909,-0.018644135866155764,-0.012070257389238281
2023-06-23,-0.015054897942219592,-0.007559998055156614,0.0027572461643308177,-0.01459127114885539,-0.010794440692291518,0.009969628360836369
2023-06-26,0.0009967115958748884,-0.004085814610613303,0.0017396047357047806,0.003318909310862983,0.0013094982897299268,0.0010646089617165622
2023-06-27,0.01443998297350868,0.010963382020643841,-0.004593535884055422,0.010178159756023542,-0.01612910425936942,-0.00261039797589413
2023-06-28,0.004908331740530958,0.0005043830487498902,-0.002307409851291853,-0.006045385800979908,-0.003101363997765172,0.004265209264518788
2023-06-29,0.011505248162210213,0.003941350623776652,-0.001071764681377263,-0.005321833513212915,0.0004443888380061267,-0.018048597741468497
2023-06-30,0.004775196796631631,0.01180055238628075,0.006663323502016594,0.00789816661409315,0.00844070218449433,0.011794826611326803
2023-07-03,0.0020292257810186065,0.001150656789778992,0.0011218766110339118,0.011122256900055527,0.0,-0.005669298874357964
2023-07-05,-0.009965183229687868,-0.001487096684625211,-0.00353003237800964,-0.006000148106283132,0.006167397413770592,-0.009502223315852154
2023-07-06,-0.016148125558089976,-0.007830715743746053,-0.002980200124891419,-0.020372133933758363,-0.002189058864954019,-0.014143018783734362
2023-07-07,0.010558914298054889,-0.0025248080420355867,0.007500997402107412,0.01129644525129092,0.008336807002917945,-0.006019491446098146
2023-07-10,0.017108038213868637,0.002531198833205739,0.0007836956455820054,0.0007616725301131666,0.002176007221120324,0.0013125258751471858
2023-07-11,0.010273092833792186,0.006368542432200863,0.0037476125602418087,0.01014717683201427,0.011723600941929702,0.00514033789086743
2023-07-12,0.010906150667858494,0.008045897930127222,0.013541420874312982,0.022350628500500624,0.007296254450982698,0.011131127126825069
2023-07-13,0.00807834969326171,0.007936721564614668,0.0007146999149643118,0.013018895780500195,0.014060508386303683,0.01051285097210819
2023-07-14,-0.009771377058264696,-0.0006227452963282198,-0.0031866482531701656,-0.005577135522634835,-0.006722672304582233,-0.005888672670282369
2023-07-17,0.010703149496532616,0.0034722868528593853,0.000716556732958562,0.0012192074931509644,-0.008037233658683252,0.0004932296602748742
2023-07-18,0.012346443210272673,0.007430576751312978,0.011456278139591047,-0.007306436798698024,0.013219635381983341,0.004539569789622444
2023-07-19,0.0042353876906346954,0.0022237855714153376,0.00016335645500209495,-0.001962656652688355,0.005471338016519001,0.011296487042683712
2023-07-20,-0.008739967765113432,-0.00663456378155447,-0.005063389149303488,-0.007374687715084538,0.002930094709358011,-0.01214152983410799
2023-07-21,-0.0031780879108109783,0.0,-0.0030645332195953223,-0.001485692636847058,0.005425758589981067,0.00029469349444277704
2023-07-24,0.002468291762930619,0.004467341505875799,-0.004281473326684049,0.013640687685022357,0.017849668116340034,-0.003636639139328768
2023-07-25,-0.0001025010333219889,0.0027301361601883567,0.005567859975790901,0.008319191339596133,0.003670547338704422,-0.0018749644633607732
2023-07-26,0.007900687727543598,0.00015364150894203732,0.0048791150253857385,0.005823773849993996,-0.004876076388882766,0.0009883159096899519
2023-07-27,-0.012928822037350796,-0.0066299791777848505,-0.01571197400361901,-0.012303926282993594,-0.002450028990556574,-0.019452485628716265
2023-07-28,0.012943361087060623,0.009790334919762111,0.007981390400291666,0.0241816622861335,0.006140026750909744,0.00513567908945789
2023-07-31,0.011607184964104622,0.0019040724619332483,0.0026944104889445875,0.0004770216651084347,0.004068371258910686,0.002404799790460599
2023-08-01,-0.00457953008524159,-0.002861509882740698,-0.010364679607279492,-0.012634167960873577,-0.005267470340297176,-0.016386869406469384
2023-08-02,-0.01359959822583845,-0.01391073163050971,-0.004765602229612864,-0.0239015321091679,-0.015071350951825324,-0.01069899425502785
2023-08-03,-0.0028188340668383605,-0.0028661512032690517,-0.0003341470787491252,0.003957555435821991,0.00951206608930999,-0.023071682383648873
2023-08-04,-0.002004542578999735,-0.004522533943000173,0.003620414278603157,-0.001231924000837159,0.0016387355342024623,0.017712371420019357
2023-08-07,0.0006693058424840359,0.008728490538374878,-0.0022753962847783527,-0.0014799300903822754,0.0004088576678946687,-0.009841417722245449
2023-08-08,-0.00627877286126477,-0.00434886657265221,-0.006341080194621318,-0.012104649823519664,-0.0012264280274791872,0.011613220591965456
2023-08-09,-0.00782058311649747,-0.0066851008595815165,-0.00475820704444585,0.0025005073857020665,0.006958679146856994,0.005171188300864493
2023-08-10,-0.004437053298194438,0.00035894677866044056,-0.0010686044760203073,0.0014967462172053025,-0.005284511944357417,-0.016462475061241433
2023-08-11,0.0014157910978311872,-0.0005830170617915353,0.0,-0.014694885810753289,-0.001634717303160782,-0.002301683219607442
2023-08-14,-0.0017278177583081034,0.005519822628713866,-0.003040588549344525,-0.004802988111680451,-0.004912003563220302,-0.002202076230337413
2023-08-15,-0.013217239696177052,-0.011648832932378284,-0.002654474343068869,-0.011430058649332442,-0.011929189745075397,-0.006094883788620553
2023-08-16,-0.012225087611335339,-0.007338158445373,-0.005776029417432049,-0.008992647097524675,-0.004163220824957459,-0.007823945306694391
2023-08-17,-0.01178434853144783,-0.0076197295753629435,-0.0015378724223797935,0.0023331718400976253,0.0025084118513851728,-0.004262703713036831
2023-08-18,0.005445196152390697,0.0004812283899193748,0.00017112823031739666,-0.006725067368305915,0.007089262669616181,0.0035318272034527975
2023-08-21,-0.0014621611544900492,0.0065062308259808965,0.002737670236275802,0.0023438211005566423,-0.002484522035810399,-0.013330731500548865
2023-08-22,-0.002982961657728267,-0.002708703093032061,0.0016495566176504273,-0.002078725902495804,0.0004150580791881797,0.007674264653326768
2023-08-23,0.010661991829928219,0.01113781286600446,0.01016464068195777,0.015881528736338302,0.002074791022372402,0.024777174862654405
2023-08-24,-0.013832909178006503,-0.013858930050473894,-0.00022482031744353037,-0.0038442638958595676,0.0008280537164888635,-0.006594021658331561
2023-08-25,0.004257219140834101,0.007049725178177146,-0.0012932863561120334,0.0010290439567146592,0.009929685387181086,0.003266365365072632
2023-08-28,0.008913069308512878,0.006341375928172521,0.0028713533365909427,0.009766236610541323,-0.00163864627359267,0.0010500950421461486
2023-08-29,0.01395163753639217,0.014454759398322858,0.009768091768254772,0.012725806421339358,0.003692960941964696,0.010386143478737342
2023-08-30,0.003771861186572245,0.004118870418318155,0.0025018747942815445,-0.0032672975149716788,0.0012266061837875597,-0.0010383003688918535
2023-08-31,-0.001746397746123618,-0.0014635010411738758,-0.0016637258183913595,-0.012354923984558064,0.0040832333692204514,0.004469341092018686
2023-09-01,0.011876382828892362,0.0018653804451154166,0.0004999240959600026,0.011743631801575338,0.01179344380999714,-0.015578376748763056
2023-09-05,-0.021063531192326734,-0.004322054074083925,-0.008161685723844458,-0.008074684160402579,0.004823160981043406,-0.014022069449171837
2023-09-06,-0.0037469031760214433,-0.006722513446366762,-0.004534245193468567,-0.005596548645616206,0.0023998741495399045,0.0024593717362710876
2023-09-07,-0.009670657484956435,-0.003070089503753981,0.0010684498647577367,-0.011767666434968405,-0.0019950491550168037,0.0027735828180175393
2023-09-08,-0.002224192421331206,0.0015059836663897652,0.0003370270596214642,0.0020709805324437003,0.001999037332758302,0.003829003138236642
2023-09-11,0.002392114402735901,0.006576646870672942,0.001853109993606994,0.012399885102166497,0.005985756082852456,-0.0072054918110515676
2023-09-12,-0.0009762218593437622,-0.00548564137255747,-0.005156651253074851,-0.003061924386389414,0.0035699111415798956,0.005763399159258942
2023-09-13,-0.006569608261937754,0.0011660381670990372,-0.0023100098564432514,-0.0012797464499724187,0.003162090805409301,-0.00021210374217495165
2023-09-14,0.014100624473999845,0.008622406978120223,0.0005082241752882855,0.006663019762580102,0.008274399317739434,-0.007218095224922116
2023-09-15,-0.010455385761996894,-0.012048247006893997,0.006603816566220333,-0.003818610424657143,-0.0023447129991421845,-0.0060943507469503055
2023-09-18,-0.006644501968425587,0.0005862183024558654,0.005887647601878543,-0.0012777842693071362,-0.00039164703666405565,0.0057017166419777165
2023-09-19,-0.003892893300747935,-0.0020738290543264037,-0.0009476457412548323,-0.005885390719745587,0.0007836009683253042,-0.00738057484613841
2023-09-20,-0.010017336107481789,-0.00919312230615943,0.0007253927124595272,-0.004118400453885673,-0.008222391631572235,0.0031249415886818177
2023-09-21,-0.015512255651409235,-0.016528431397665355,-0.007248413758109917,-0.01731707441045216,-0.0031583453838240905,-0.025673942496976743
2023-09-22,-0.002258963271290937,-0.002248501529476976,0.0032013033173832195,0.01183580392108663,0.000792066460752805,0.008048419535499951
2023-09-25,0.004471694464843079,0.0042051361330319725,-0.005150588926742139,-0.004418937371922338,-0.00474872375085289,-0.02460884319068879
2023-09-26,-0.012857403480616258,-0.01469117974189249,-0.007990985893820302,-0.014099323290246435,-0.0011927804554501265,-0.0034763872744775215
2023-09-27,0.00934855980146354,0.0003990548684880135,-0.012366647894697436,0.0015889952342078573,0.00557324523094338,-0.005176111000896433
2023-09-28,0.009034617426826097,0.005797545769094192,-0.004997187509914736,0.0026441961092433797,-0.0011877586846981147,0.003054142233479995
2023-09-29,-0.004730403002195072,-0.0024269430976979756,-0.01027534966921384,0.0007911992454272543,-0.01070141752308007,0.00011268906071437712
2023-10-02,-0.015106713812124806,-0.00039785662496627516,-0.010498705650611395,-0.005006751130559373,-0.007612187496099043,-0.016740126855292248
2023-10-03,-0.016832497760114196,-0.013386023779400458,-0.0028882419805683623,-0.01324166311868824,-0.004440916137970263,-0.021511739523689788
2023-10-04,0.00046769076878461213,0.007281912133675128,-0.00011825651470720455,-0.0029519024409767614,-0.027980571288515166,0.014107384858107919
2023-10-05,0.0007591482835951346,-0.00037663825935596584,-0.0018327868021307259,0.0037683504440191307,-0.005840540420651852,-0.004984596537589314
2023-10-06,0.009629305926901477,0.01187277664751174,0.005153083621109555,0.014481094834229546,0.003776736760825905,-0.012116994672611625
2023-10-09,0.005780233264799595,0.00640212430684195,0.01838544744893622,-0.004758056498428198,0.020902946286301738,0.02346969191837922
2023-10-10,0.011321854858457714,0.005204912819663621,-0.0016780958953311886,0.01434262913524198,-0.0024569629967294837,-0.0013824700693644276
2023-10-11,-0.0017046954277502024,0.0040962567303299835,0.007303045938392039,0.006284200606942791,-0.005747123352511707,0.02088636903967167
2023-10-12,-0.022599160518671613,-0.006096385366099577,-0.0030496507265770356,-0.011188959547123956,-0.0004129202475577909,-0.02712821609848115
2023-10-13,-0.00832857041923818,-0.004980947856252582,0.03214825984540237,-0.0036843819530943955,0.026435382605798585,0.017892281699690704
2023-10-16,0.016150825685631753,0.010521496140540432,-0.004864928190345896,0.007395797216815048,-0.003219264098813457,-0.016094009715418633
2023-10-17,0.011154813574602906,-4.5823917290355176e-05,0.001854273768354009,-0.002622010667218899,0.00282599755901769,-0.011021006417061163
2023-10-18,-0.020577226836499873,-0.013325163319437006,0.014470816805260078,-0.015247081296549614,0.008856539826053389,-0.008797074839919983
2023-10-19,-0.015932591828262344,-0.00878637780529401,0.012274016037125302,-0.005873048788117008,0.010375194616410344,-0.020473582282358627
2023-10-20,-0.01292815949411219,-0.01228812561892556,0.0027308974274993236,-0.012083709358603811,-0.007503957773650871,0.005678161046170915
2023-10-23,-0.00847152953303587,-0.0017330797828243316,-0.0033770637265357895,-0.0008155009094343857,-0.006366876462412074,0.012013661513353258
2023-10-24,0.008725631938297562,0.0075393164938624135,-0.0001093308866343401,0.012785716785434165,-0.010812932378117202,0.01317643608397101
2023-10-25,-0.01651940356008008,-0.01435219205582361,0.004208823642007475,-0.01316154795676927,0.007287419964700614,-0.022261024555634723
2023-10-26,0.002565143210645049,-0.011974614723953003,0.0015784524505009223,-0.004899218872664424,-0.008440597397638694,0.015338459863712295
2023-10-27,-0.011758291204776672,-0.0045326618301441135,0.011629799758343662,-0.0008207433352704907,0.013376665426066525,-0.004248769041816702
2023-10-30,0.005548487500989463,0.011955718615566102,-0.005640547017974562,0.010402640379511885,-0.01600000348616215,-0.004503959330286245
2023-10-31,0.008644385851845682,0.006280243395604623,-0.005456562573315615,-0.0056893920078339155,-0.0036585218955088594,-0.004881793469911133
2023-11-01,0.005713788943860543,0.01066469332251252,-0.003150642851826202,0.009264225968210305,0.001631960612482386,0.021682201397173584
2023-11-02,0.02665290205178783,0.0191643412765532,0.0033240729584829154,0.017548600352757182,0.01059063826947182,0.02279684832874218
2023-11-03,0.02719705790898619,0.009123454289591049,0.003638921283475316,0.020429850498362434,-0.005239782121878145,0.00677838925126073
2023-11-06,-0.012493424110219253,0.002300417421303269,-0.007792560392528958,0.008060188078157005,0.004051798395507289,-0.009699823685817566
2023-11-07,-0.0035400670519819544,0.0028460460296850787,-0.0041451308444235835,-0.001805445566212427,-0.02138826782534442,0.01475008987511739
2023-11-08,-0.01065811422324825,0.000732411733296745,-0.009967643912220492,-0.00671843275104167,-0.011133886974294738,0.017033816749637554
2023-11-09,-0.015482305651904338,-0.007798612756973133,0.003982968433291489,-0.009365103574306644,-0.0025021354651306726,-0.023001247002508274
2023-11-10,0.01118122130604804,0.015604713951897109,-0.010909752197912237,0.007090228404099896,0.005016732613662533,0.005599642967893059
2023-11-13,0.00035495547146413564,-0.0009532526504951733,0.005570720464603163,-0.0002606691676662054,0.014559059925302709,-0.0022725153570651857
2023-11-14,0.05491514691430388,0.019400772365121943,0.008919177105678466,0.02660405698431423,-0.0016400792891101412,0.022667150902331734
2023-11-15,0.0017371608533538474,0.0021169453689655615,-0.002635601473798599,0.008384053913757183,-0.006570736349830297,-0.014033963283550888
2023-11-16,-0.016166138858785484,0.00122337296590036,0.011286077178189302,-0.009574204861826696,-0.023976912642381998,0.012426611382616803
2023-11-17,0.013702421798629905,0.0012437524924127086,-0.00010890234740634774,0.0012720376218804397,0.014400722629343221,0.004686210079732911
2023-11-20,0.005833418054684847,0.0076975551059770275,-0.0016333808174913145,0.012449090755983327,0.012525984736213358,0.006108370106634231
2023-11-21,-0.012881487333386898,-0.002179493691767731,0.010797900632885549,-0.006273591122777367,0.005773282984040229,-0.0004413827772894452
2023-11-22,0.006270716211271177,0.00386090356884794,-0.004262252597287075,-0.0020200452634981936,-0.008610170599870237,0.0035338522691639174
2023-11-24,0.006736625723052558,0.0006153992155273347,0.005201596914642392,0.0005062149469734489,-0.006616932740976411,-0.011775041598844793
2023-11-27,-0.0033459491159534283,-0.001801107383964884,0.006737817869841178,-0.004046738036943998,-0.006661189603885398,0.016703956716810575
2023-11-28,-0.0038605613109833348,0.0009901426768093025,0.013331852960407176,0.00837990047366155,0.012154357296773943,0.001971527225592906
2023-11-29,0.005279806875175819,-0.0007035021278180009,0.0014794398574640155,-0.005791915893515354,0.007039268584428715,0.012570886307509355
2023-11-30,0.0037993448683921738,0.003937497196577988,-0.004167950375202456,0.002026392393707388,-0.016858504741689817,-0.011551219107675537
2023-12-01,0.0292217684589271,0.005916071582951599,0.017271494075952187,0.00429707792073275,-0.004600647805037217,0.018834189970560633
2023-12-04,0.010708048782500867,-0.005249483147646505,-0.02161342646325959,-0.011326489405978468,-0.006722672304582233,-0.003979014229001154
2023-12-05,-0.01337692486564479,-0.0001970564017446108,-0.0037794459254785195,-0.0061098184003597344,-0.008883243701492516,0.021485374648763766
2023-12-06,-0.0017897503300849937,-0.004029771543733407,0.0036868953454944897,-0.0012807299363066793,-0.02432771785445531,0.01331810386838339
2023-12-07,0.007225949029315171,0.007630287287313076,0.0016503277504122948,0.004872888680227172,0.0017496576124880203,-0.005736808020263662
2023-12-08,0.007605511492120298,0.004299179050371249,-0.013340391114851191,-0.0043389645900793194,0.004366837156250414,-0.008183182503358255
2023-12-11,0.0020879169011094323,0.003889599760205309,-0.011042895165362165,0.005896057360845086,-0.003478204853723299,-0.0021153530463760006
2023-12-12,-0.0010150536593205306,0.00456728078917501,-0.0005446421195114404,0.0002548613417525658,-0.015270592046774056,0.0029679170907292995
2023-12-13,0.0338503733161728,0.013790131437190212,0.022562533466176315,0.00993632908213371,0.011519724350659732,0.023462000549503204
2023-12-14,0.02782804262473526,0.0032093651713736016,0.0058625529824696265,0.014631658258736913,0.016644784303717408,0.026013042306085143
2023-12-15,-0.008404343472775078,-0.001646595592390887,-0.009166511771857122,-0.005967225892911654,0.0017234612178043118,0.0011108383591278415
2023-12-18,0.0003552684093159897,0.0056251551127679544,0.00454548718457537,-0.0005002881114348767,0.007174652976920104,-0.007967940254667183
2023-12-19,0.019380037717398713,0.0060808128834979325,0.006813940578695332,0.00850843723198702,0.007616504171877647,0.005388546236583025
2023-12-20,-0.01956068508481812,-0.013857329752805847,-0.005445982936103211,-0.018001354549319615,-0.01156062104817579,0.0067750636653551854
2023-12-21,0.01701619992966652,0.009482014311207765,0.007070635455129759,0.01879482933329668,0.001799330043841696,-0.006327927424729429
2023-12-22,0.009317691126305983,0.0020097299447832118,0.0044344170889421,-0.0048015645629656545,-0.0017960982702622807,-0.0045484369833571625
2023-12-26,0.013003909568413352,0.004222534756743945,0.007620733251079592,0.007871993720049097,0.009896502087447079,0.0028431873489105364
2023-12-27,0.00352779379047119,0.0018080348792433032,0.004537842226414401,0.005794867955525085,-0.004454336185406249,0.0177196919028495
2023-12-28,-0.003808462750497288,0.0003777782220157899,-0.005815437657636924,0.007765610062768991,-0.008501114826424683,-0.00726295349599404
2023-12-29,-0.0163201068030715,-0.002894986119617915,-0.001566841018672216,-0.0004970465062817953,-0.005415135388224912,-0.009019976054415069
2024-01-02,-0.005928948841766535,-0.005596449629076128,-0.002353909884146743,-0.011688751552855425,-0.00816697521799059,-0.005764427372445091
2024-01-03,-0.02666410309517475,-0.00816668117796826,-0.008336809604204354,-0.0055359387277730265,0.012808687205040803,0.004170385402567867
2024-01-04,-0.001956621259459168,-0.003221008459321828,0.0010046128932528209,-0.0032896085628311145,-0.005419933705712254,-0.015194339978059856
2024-01-05,-0.0029410092318133962,0.0013696013623756276,0.0001584554095515056,0.0012693706626645263,0.004995347013218243,-0.009566005605156747
2024-01-08,0.01800783023914332,0.0142760527784358,-0.007816271130823171,0.002789075087769932,-0.014459968963474679,0.009865943659552068
2024-01-09,-0.008946323176561632,-0.0015171279191281695,0.0003193567900841021,-0.014159130986881485,0.007336016124552147,-0.006375705198338633
2024-01-10,0.0005641323433895895,0.005655265887522853,-0.00228804710551489,-0.0023084103937869305,-0.006827434895673279,-0.004657620624862413
2024-01-11,-0.00784285268166185,-0.00044047519073131536,0.0019733072916665595,0.004113152205237558,0.007332749317474185,0.005615245533792557
2024-01-12,-0.0016532996863248828,0.0006925840314171428,0.009794068475553752,0.003584162606942165,0.003639685755498112,-0.0019647071476495137
2024-01-16,-0.012368683040388295,-0.0036710435770059835,-0.009488181898979708,-0.024234734829147286,-0.008612775953441676,-0.01761320651139775
2024-01-17,-0.007126549275290217,-0.005558827080601625,-0.011015950635288596,-0.014901797369783365,-0.0013718063316371376,-0.0015817137148486093
2024-01-18,0.005911174847448741,0.008892811516994614,0.008232882099906247,0.00822704532168772,0.006410208254981731,-0.009295569413351967
2024-01-19,0.009601214668970126,0.01246628240222969,0.00298872590696031,0.010529087744020504,-0.0018197956348713351,0.0031986219141160177
2024-01-22,0.021358351357421812,0.0021143216898256156,-0.003777957126316789,-0.008856458279741575,0.0041020996472476146,0.005951868451213205
2024-01-23,-0.002900148090292487,0.00291641348770999,0.0038991332271092194,0.008672886932907353,0.005447090137128852,-0.00792421139714472
2024-01-24,-0.008215454202270767,0.0010931980516954987,-0.008246890539639784,0.011203759870340724,0.008577874209493075,-0.005856863375688803
2024-01-25,0.00828350697445357,0.005438906700346635,0.003969986681303217,0.0012883406979937728,0.0076096849013891354,0.00653434509857953
2024-01-26,5.103760327429541e-05,-0.001270398623401059,-0.0006946931881824936,0.0007719063344431287,0.004442463086574033,-0.0019157732480955536
2024-01-29,0.017501724830966348,0.007919308311993944,0.0070584854445865375,0.0005142762316807659,-0.008403449338189817,0.011516248701048504
2024-01-30,-0.008524987936337936,-0.0007733641731895169,0.0013805262268791196,-0.007967080917809843,0.006690584106111119,0.009066278149092444
2024-01-31,-0.024429770100177772,-0.016317196503981224,-0.0007423479101067443,-0.00544046948021315,-0.010633622686239574,0.009820390829270664
2024-02-01,0.013272421579517246,0.013088112675388786,0.01040067256889099,0.009638024462120809,-0.01209136604032579,0.01961581278805058
2024-02-02,-0.005270166415880184,0.010527359580152273,-0.009453300862027891,-0.00283790211436985,-0.011332758495544382,-0.02208884910629183
2024-02-05,-0.012705106177471559,-0.0036412592956026613,-0.005513988032274875,0.0012935699461487093,0.004126455507553972,-0.020193583342392962
2024-02-06,0.009013257625258175,0.0029033178002926263,0.005224693124019186,0.02273903945860334,0.0036530766374167634,0.009773470256695171
2024-02-07,-0.0023236435793339005,0.008340432139917198,-0.0002651978305409086,0.0012632769801066424,0.004549583572933669,-0.004839347699775565
2024-02-08,0.015164012368837465,0.00044162424309424075,-0.0009018470501077624,-0.005551405749378846,0.005434849573781708,-0.005814343357577245
2024-02-09,0.016263100253539164,0.005779525213360115,-0.003876152075833028,0.004313669554485644,0.0027026422748446244,-0.00202042036770822
2024-02-12,0.018160045273693193,-0.00043908088327770933,-0.002611969494785815,0.007832114095803977,0.0004492262812021419,0.0011718565865406205
2024-02-13,-0.041141108226669054,-0.013772989470670738,-0.013788690196348541,-0.018801694504191446,-0.005837505889076056,-0.017134970596445753
2024-02-14,0.023225860501609796,0.009087666865085442,-0.0005961123453055439,0.01430765647776111,-0.009485071590870753,0.005089329684406563
2024-02-15,0.026666022156709435,0.006899793274823374,0.0067238125229134305,0.004785841396332868,0.0022800257208417385,0.005171507028066236
2024-02-16,-0.013598016022393744,-0.004980098518564291,0.0036625695484679976,0.004763247814484339,0.0022748390293443332,-0.005788069539835794
2024-02-20,-0.013785626557162312,-0.005505381676902954,0.0060642100730936566,0.001496820360288309,-0.005447184408431505,0.0008626737613894875
2024-02-21,-0.00472647033854301,0.0009058827445727058,5.331256612173263e-05,0.0017441145275494119,0.004107716660821437,-0.007109094900124346
2024-02-22,0.007578101178101093,0.02069555162297987,0.00042672195902415666,0.010196270507364602,0.0027273063679502663,0.004881966183831299
2024-02-23,0.0022562608999747713,0.0006895959594583889,0.005651511902278861,-0.0004922743222171011,-0.014505945937193343,0.013386354407010082
2024-02-26,0.00630337135313308,-0.0036625170438527865,-0.0022266895335479875,-0.0044335423236611105,0.009199713833808243,-0.002982659273263466
2024-02-27,0.014168566166542718,0.0018576860509953441,-0.0010626830578386315,0.001979337770901868,0.007748326304344744,-0.007052124369903767
2024-02-28,-0.008235195391370742,-0.0013217028608305537,0.001808491158992842,-0.013086451695147772,-0.004070465692835756,0.006348751516671136
2024-02-29,0.006968966985992031,0.0035950303728897737,0.005150266749303967,0.0005003803151952813,-0.0013624616813546764,0.007057131943443817
2024-03-01,0.010602372406252947,0.009388268828250945,0.01891079117438932,0.012253085920112206,0.005002256710419761,0.006231310980771898
2024-03-04,-0.0009229926280893697,-0.0010724602446435805,0.016174996770490724,-0.0022234417953219676,0.0031674442438753836,-0.00402266202650059
2024-03-05,-0.009576988279464849,-0.009994130882066354,0.006020141664404344,-0.00891308825551218,-0.007668036240995546,0.014241844250773017
2024-03-06,0.007460920180412112,0.005067253552665463,0.00821540188209502,0.014489179698172538,0.008181824703990204,0.005868050295141147
2024-03-07,0.008331461402335982,0.009926513873233178,0.005683843351386164,0.006156280369380873,0.0027051731157234915,-0.0009375588619771058
2024-03-08,-0.0006281046850230565,-0.00600220881382052,0.008452547868211147,-0.0009791590667029837,-0.003147505149737162,-0.0017724593307921754
2024-03-11,-0.00792946192731192,-0.0008599241494925414,0.00183502012710135,0.0022049224420697122,0.008570229786288408,-0.0005225752970433595
2024-03-12,-0.0013643816622765925,0.010757411600059497,-0.01094062729637224,0.010999767549634054,-0.0026834888438586058,-0.00836124144233652
2024-03-13,0.003904029231446504,-0.001567407845057267,0.00700740378557585,-0.0031431649360028624,0.013901408394301651,-0.004848088412174767
2024-03-14,-0.017889123238705396,-0.001976943619330096,-0.004175139558116436,-0.005093332246256299,0.003095997982172749,-0.01535687659956253
2024-03-15,0.0018808665534528757,-0.0068664632814758875,-0.0031944066391379478,-0.0060947469664479614,0.0035273496190340037,-0.0003224892455025996
2024-03-18,-0.0057310664759099295,0.005942970450018459,0.0016022835845583838,0.0017169661782614476,0.009226598510747142,-0.003012995718489564
2024-03-19,0.004223678524011287,0.0055572727436055125,-0.0011498061737871268,-0.004897110853265385,-0.00043534077417983763,0.0028061455665859825
2024-03-20,0.019792176445934784,0.009249159262641582,0.011911859798154678,0.011318912926857383,-0.0026131822698701734,-0.000322844941692102
2024-03-21,0.011489597210324387,0.003304792319186678,-0.0010386361790747367,0.0012166551043995,-0.0013100144414468495,0.0021531161955563594
2024-03-22,-0.013801968789905583,-0.001895753313322257,-0.008020968992406341,-0.007047360132297675,-0.006996090046349712,0.00956063610878477
2024-03-25,0.0022917008692129315,-0.002763013810078152,0.003194406639138503,0.0007340248722147447,0.008366354647219243,-0.0050013361695374625
2024-03-26,-0.0018000916136393652,-0.001846851515827419,0.003233961285236342,-0.0007334864748987924,-0.00786026802831985,0.0027807285257088754
2024-03-27,0.021786768511059096,0.008403804513425595,0.007240660177973091,0.0017129871230250338,-0.0008802620566651376,0.009917832238533597
2024-03-28,0.0031483918243704334,-0.00019103899513839284,0.012900024807740218,0.003664732393192871,0.011894190586273279,-0.0008446782410527209
2024-04-01,-0.00941515990796482,-0.0017398715306377044,0.010208079384865787,0.001704205318224794,0.00478892934288111,-0.018641392805773926
2024-04-02,-0.0183851451804119,-0.006358076191276374,0.014772360490971526,0.003159107527206162,0.009098763747981353,-0.005510551452597823
2024-04-03,0.006552786398601906,0.0010984145355084074,0.008772374739768996,0.0007266540706800662,0.012022326681311535,-0.00021715190201787582
2024-04-04,-0.010008070424117665,-0.012206031586161514,-0.005734705223284342,-0.0036311188196882505,0.002545640189165699,0.0071724284625211965
2024-04-05,0.003336929334358807,0.010446918952096151,0.017114197447370305,0.0021866111366626306,0.005078264831409607,-0.013918905079754462
2024-04-08,0.005478091686905939,0.0005593141739412832,0.006228485366236658,0.0065454234235271525,-0.0004210432428460864,-0.00010967127052130543
2024-04-09,0.0039402871541309725,0.0011568527924610272,0.0054970549930351,0.006743806531893215,-0.005475955215021533,0.00930221479018356
2024-04-10,-0.026407537477126986,-0.010013164687256437,-0.00946385618561385,-0.013636308980136347,0.005082566526767973,-0.021793482546278664
2024-04-11,0.0067683451571194375,0.007546862940373655,0.01943324720349282,0.006063606870352123,-0.0016856799037304748,-0.004544547893791218
2024-04-12,-0.017796014560980233,-0.013803028527343941,-0.013239324939518515,-0.0229028323358349,0.0012663289146679357,0.005344621161201379
2024-04-15,-0.014646071696548857,-0.012528166703078103,0.01871915519396472,-0.006414967576441666,0.001264814908530587,-0.015505435484936547
2024-04-16,-0.003677424049196909,-0.0018238497618979777,0.0012220152803359419,-0.01316109649809949,-0.0016842604154641005,-0.006637591886902605
2024-04-17,-0.010560972764845133,-0.0059181136527785005,-0.007368252752093074,-0.0007549145330708606,-0.015605233037907285,0.011098673089424915
2024-04-18,-0.0008289314327621922,-0.0020578308962153624,0.0034154561341945833,0.0040291513265233725,-0.00042843948370152596,-0.005040314578829697
2024-04-19,0.001555687910435699,-0.008728272490450606,0.003131535140574737,-0.004012982413110322,0.004715032387083706,0.0036023576166941407
2024-04-22,0.011183554834087284,0.009209133674185743,-0.02470249054532203,0.010828413804807369,0.0,-0.0016822393998144891
2024-04-23,0.016743448607396072,0.011866574121826012,-0.002458663172418052,0.008221409884844988,0.0042662049514945455,0.0003367114758987544
2024-04-24,-0.004482069242441655,-0.0004745904155173397,-0.0018600907225296837,0.003459287965131397,-0.00127448628612703,-0.007076047204477631
2024-04-25,-0.006070473369724549,-0.0037989601429470055,0.005963468053189924,0.0022162252880186806,0.0055295271324999895,-0.0070138572616914585
2024-04-26,0.00956836887906043,0.009473954297642972,0.003241927353549112,0.011547929122223799,0.0008460927356641612,0.0052403382734804715
2024-04-29,0.008066349613974344,0.003541427118913587,-0.002031218037689575,0.009715714889017013,-0.0008453774679297865,0.00838636260202219
2024-04-30,-0.020304139412492983,-0.015841227166982663,-0.019937078844561418,-0.013952317748067045,-0.01269033682327203,-0.008541046469721314
2024-05-01,0.0020928567802365183,-0.0032471503538188395,0.00906215232545482,0.0009757595317296808,-0.014567209386339375,0.007370725406265821
2024-05-02,0.018389333627315096,0.00935338761440474,-0.0030870874411647042,0.025834920365497727,0.003478273589455183,0.0042910807303409015
2024-05-03,0.009903846183929588,0.012395333312771761,-0.0007976266365629092,0.009028267778202537,0.0012998876658065761,0.010118716378273662
2024-05-06,0.012927260797152673,0.010326796175695652,0.010518361024399514,0.0009417560744782172,0.011250468874379527,0.0038960482337753177
2024-05-07,0.002249270422679084,0.0011036055016220292,-0.004600326433150892,-0.005645787556528337,-0.0008557789427900975,0.006098108344754882
2024-05-08,-0.005805668040903655,9.660296345659347e-05,-0.002941061869504713,0.00023667193597831648,-0.00513924945007127,-0.006061146814784757
2024-05-09,0.010207047694175131,0.0057616829058904084,0.015778607960932778,0.003074675722995801,0.003874303629325393,0.00487872904153952
2024-05-10,-0.007529474820574422,0.001288108604805327,0.008112513438038427,0.0021222573445616177,-0.0017151386208535957,-0.00562694029625066
2024-05-13,0.002104675519177368,0.00013448800866400212,-0.011202103844459743,0.007529392664502144,0.006443243902911178,0.0025516667742611077
2024-05-14,0.010354634488467518,0.004588101776224374,0.008462045119477013,0.005371281878018053,-0.004268114379296084,0.005645030716634691
2024-05-15,0.012472308410789612,0.012382947312628012,0.012838750510223651,0.010685264094174363,0.003429074000469212,0.013647368418617578
2024-05-16,-0.0072099359260322515,-0.0020574030719894276,-0.0038933433506626036,0.00206841842417238,0.0025629501907620256,-0.0009774732043813517
2024-05-17,0.00072158205681494,0.001437543393062457,0.016497772589880277,0.004357842373245768,0.010225858539237409,-0.006738170852008563
2024-05-20,0.002210604740475519,0.0011521723456615618,0.004023937591649318,-0.003653839143478499,0.008857088074849528,-0.0029545574764323623
2024-05-21,-0.0009590451000142108,0.0024525846446206145,-0.001469548604570936,-0.0061882808906470466,-0.004180682368419952,0.005158140533933375
2024-05-22,-0.008447698604079235,-0.002879396021646441,-0.018373969565577797,-0.003228814624977927,-0.014273750968322174,0.001200740253015642
2024-05-23,-0.016410008750390115,-0.007304634392069964,-0.01994457033971775,-0.00740396099772378,-0.005110619075699652,-0.00643382706863016
2024-05-24,0.011073375891273551,0.006616754292589677,0.0009271136061119734,0.002797043393351073,0.006849340034678075,0.0029631764971529417
2024-05-28,-0.0013628470464697173,0.0006989883256873775,0.010513172896031486,-0.0013946208815525107,0.017857185429963396,-0.014335368669307624
2024-05-29,-0.014769170169007806,-0.00700262895838899,-0.009303812074717088,-0.014897542541007835,-0.010442886875824398,-0.012101759697602521
2024-05-30,0.009498957200384517,-0.00663387586724884,0.0018967600627464165,-0.002835567310138898,-0.013085661781562119,0.009664702256344304
2024-05-31,0.008429274566947198,0.009108274712344322,-0.00586417430627717,-0.009715642655373946,-0.004704859891269342,0.006790220734579133
2024-06-03,-0.005637492884169815,0.0008153592768926909,0.008917780500373507,0.010528844803094017,-0.014181389954532664,0.016174442646179177
2024-06-04,-0.012902624766934934,0.0011180085718740518,-0.008977059834655576,-0.013971156377603822,-0.010026112960371703,0.011681103247016322
2024-06-05,0.015299440354263893,0.011885059841088896,0.011845603201319,0.016090364370061394,0.0035226900801812455,0.007338181754398931
2024-06-06,-0.0071686449128220975,-1.8874713054506387e-05,0.007391356612921562,0.004963320598901921,0.013163647762864272,-0.0014999019422612392
2024-06-07,-0.011739428212586112,-0.0012153903329163995,-0.0356833014337965,-0.011288824928600283,-0.014291852291442808,-0.018345599749170383
2024-06-10,0.00342976093641445,0.0030895357339006946,0.009168181127878539,0.005946682056714003,0.014499070870690023,-0.0066670359994120965
2024-06-11,-0.0034175731605720072,0.002408338954078104,0.0028566106093963484,-0.0033333282623796423,-0.0012992347691596073,0.010342293778445422
2024-06-12,0.015351068082860131,0.008212992649689665,0.0026617200115086614,0.01003352489964593,0.0034691332696545896,0.007513974936810941
2024-06-13,-0.008737468053232944,0.0020136256376885875,-0.008150148984962247,-0.0023651402078274097,0.0008642849975741829,0.014699432574517113
2024-06-14,-0.0158958629243402,0.0006082700460166013,0.012959545903254766,0.0011853263415488868,-0.0038859239433172155,0.00841507992175039
2024-06-17,0.008403202433588497,0.00795905911726269,-0.005191652247571343,0.006393562484846349,0.0034676295610196473,-0.009929342898246651
2024-06-18,0.0017465800032228085,0.002540605288468889,0.004007271832187076,0.009176496322711447,0.008207340234878124,0.009175502720005113
2024-06-20,-0.00423408791482438,-0.002716558424119553,0.012484347826456244,-0.0016320794436944785,0.002142286398670201,-0.0066602370296777735
2024-06-21,0.0022511302845746872,-0.0013408369476496373,-0.01549323810998593,-0.00350311025420047,-0.008123126088120713,0.0
2024-06-24,0.004342477340787854,-0.0032505107896350083,0.003957566385821121,0.0,0.008189651661182129,0.004044426538571955
2024-06-25,-0.003279993496584699,0.003850869326469164,-0.004962237629221877,-0.0023435231966775216,-0.009405696905208427,0.001695804442680915
2024-06-26,-0.0026425818618804886,0.0012481564062454265,-0.00922816811180438,-0.002114322374172306,0.0017263317762288288,-0.014285667420923853
2024-06-27,0.01014844777806978,0.0015765761896335828,0.011336925587312363,0.00070626740169355,0.005170159550974995,0.003972017510373682
2024-06-28,0.004107623660301485,-0.0039351790968482625,9.297647872519299e-05,0.0018819878804638979,-0.004286320246010833,-0.01860552749975075
2024-07-01,-0.008378856702397353,0.002058023732368186,0.002604589701363791,0.002347925174312815,0.012914405032088627,-0.017258878800045396
2024-07-02,0.0034295285289602795,0.006729662300142714,-4.643394389258759e-05,0.003045311959493313,0.0012749396555040704,0.007785444627755211
2024-07-03,-0.00024763807270855587,0.004462634526017029,0.01127300038083301,0.014712727333091813,0.00551779191711721,0.013133378253940231
2024-07-05,-0.004756585880036246,0.005766484349109424,0.013486798057396943,0.0041426336503462835,0.0037991620751103294,0.008278493503605766
2024-07-08,0.0070197341281033054,0.0011540968862364664,-0.012402074526820739,0.00022918666558302547,-0.013456734768949152,0.0021608443490044316
2024-07-09,-0.004350612362797213,0.0009721720258399902,0.0016957473442753557,0.004124780748631762,-0.006820232781840185,-0.004419877961738261
2024-07-10,0.009781634220072055,0.009895282755445267,0.0036603361122540257,0.0057050960287508,0.0,0.003140425324865914
2024-07-11,0.03594431962420086,-0.008622455249252425,0.017733403441032136,0.005899721587292239,0.0034335784577848028,0.00971490264226138
2024-07-12,0.01167634681003804,0.006307514045889917,-0.0006270969301160889,0.004060397717911224,-0.003849446970661252,0.004276409983552165
2024-07-15,0.019001709197607797,0.0027500647684435275,0.0032271131671974818,-0.010559344522861558,-0.007299285694222224,-0.01149706934223016
2024-07-16,0.034117585820058416,0.005930226787752568,0.019925798233449088,0.005676596577357751,-0.0025950978969019323,0.014107187860727288
2024-07-17,-0.010463005089312971,-0.014021126594645938,-0.004643206403117328,-0.016256440209448053,0.0,0.0002126827759234562
2024-07-18,-0.019347745049207554,-0.00768475421990622,-0.006381186355259083,-0.009410234187624322,-0.007372088319161585,-0.0076443997848441025
2024-07-19,-0.005092845954467018,-0.006640753333208238,-0.017937829186175036,-0.009731125305875832,-0.013543001807058253,-0.005884178430600406
2024-07-22,0.01591033418792409,0.010310082054099778,0.00031573231212611574,0.008422902431194368,0.0026571593890025724,-0.0029057073820445423
2024-07-23,0.010622412254954527,-0.0015686194110259288,0.003516676143213937,-0.00881655967012318,-0.009275595077074206,-0.001403315003787542
2024-07-24,-0.021470569591548916,-0.022662644692026945,-0.0035043524704835294,-0.014513191413942916,-0.0004459141174595338,-0.010808261683282416
2024-07-25,0.01248571091124484,-0.0052103090560375875,-0.01564473026582147,-0.004037957751408583,0.002230194702037336,0.008194767453533203
2024-07-26,0.016547965302783352,0.011199785362203674,0.010534525866662925,0.010255157007388993,-0.010235826900685252,0.00780347082422117
2024-07-29,-0.011105261510750197,0.0005875723850159442,-0.0014050562105476505,-0.0033049994692467832,-0.004496489288854932,0.00537663526748311
2024-07-30,0.0037883806676968224,-0.005066326870009408,0.009985461488319025,-0.004500256703518057,-0.0031617217979359458,0.003850864302617385
2024-07-31,0.0057960633178300025,0.016254499976771752,0.018110725786084636,0.021889078776683224,0.023108437319826924,0.010228896465651394
2024-08-01,-0.03252036937658365,-0.014160984898541451,-0.00344294314186655,-0.017462072222929836,-0.011957585150737637,0.008625101141817915
2024-08-02,-0.0353679737772451,-0.018618373566652413,-0.0019046282784817015,-0.014218121599242961,-0.01837746581243982,0.031161328346351658
2024-08-05,-0.032165552800538455,-0.029123578985874254,-0.012691935106198926,-0.028365259545465427,-0.0018263486568715903,0.00529123071044868
2024-08-06,0.010880297448112364,0.009219546871610085,-0.00800071383261225,0.00569021480647347,-0.008234223920690509,-0.02236865286347045
2024-08-07,-0.011839486917676334,-0.006684223865169869,-0.0006796279952806517,0.006150093763289677,0.009225077934962744,-0.007040061334233294
2024-08-08,0.02430932487179338,0.023117545999794764,0.015688013635013043,0.022738321303898745,0.009140753769058874,-0.006151565491658295
2024-08-09,-0.0020782964692098727,0.004409692610797711,0.0024552612171104826,0.005498505658221742,0.005887643970794221,0.009861455290590682
2024-08-12,-0.009008972265380555,0.000525405070076923,0.017144665770273848,0.003328572803913632,0.013957740126962603,0.003635785021444349
2024-08-13,0.016471093407508075,0.01644549418204444,-0.001532358906807807,0.01113735509817837,-0.009325112955800408,0.0069354665824781225
2024-08-14,-0.006202885732373042,0.0031547803065354874,-0.008155751250824461,-0.0053902624510140384,-0.006275166385788511,0.006270387830979107
2024-08-15,0.025933878723084725,0.017140165062293322,0.0031388449312386157,0.011074562662230836,0.00811908617564261,-0.008070172514489604
2024-08-16,0.0026411506927450645,0.002242106873271421,0.022387738526589374,0.011652356836397315,-0.006264028251871334,0.0035014563325281856
2024-08-19,0.012229334868735675,0.009561318466884128,-0.0016380226467286318,0.009675082162718951,-0.005402944899985829,0.004618203296969048
2024-08-20,-0.011663484537198565,-0.0016260607383481451,0.0036699887797402297,-0.007757153888029666,-0.0040742449729103125,0.007968212189046309
2024-08-21,0.013023601593748158,0.003436459935198366,-0.0013336178629831386,0.003908898874114053,-0.004999983008025288,0.0006081913221924751
2024-08-22,-0.00881822420940992,-0.007848403727718778,-0.011975011209935715,-0.012368307082022856,-0.0009135439604489592,-0.009926320279430967
2024-08-23,0.03193473574730299,0.010625387116536933,0.011553425520715921,0.016697627988306207,0.01783253270147589,0.006547496022407673
2024-08-26,0.00031763227041969877,-0.0023839192597401304,0.0031893380775309677,-0.008439741377896937,0.010332391062160218,-0.0025410460066894736
2024-08-27,-0.007756919624162806,0.001373405228298763,0.002706671669018057,0.0013801812259526258,-0.004891046188555848,-0.0017320485299301414
2024-08-28,-0.006765984272490644,-0.005805407046062694,-0.007026862307456638,-0.006202713972898954,-0.012064352866174688,-0.0012251586529049563
2024-08-29,0.007134268352964268,8.941711011511977e-05,0.005177980359189593,0.00046247841536595224,0.011307224867610044,-0.0032701899134718326
2024-08-30,0.005804228217592966,0.009546185515074246,-0.0071260085162319076,0.002079360410291775,-0.011180801036094978,-0.010663157915400956
2024-09-03,-0.030579892651389495,-0.020579026837119763,-0.0043235765879541255,-0.019829410917598156,-0.01990043021915211,0.016355115393902775
2024-09-04,-0.0016872694805073474,-0.0020467176748472093,0.000607926500195255,-0.00023513106043737686,-0.007383506265563167,0.012890215106281522
2024-09-05,-0.004976797348870909,-0.0024325205199265953,0.008332306942507417,0.0014116819310725504,0.0023244483888460454,0.00565578779444631
2024-09-06,-0.019015721435820532,-0.016830094114019922,-0.00740263040895639,-0.018327120580450718,-0.013450728232330733,-0.00010049814915913391
2024-09-09,0.0027899019889039423,0.011196254802991135,0.004205876079289794,0.008377393015165602,0.0028208113977574722,0.004318937846148119
2024-09-10,-0.0008155090173470603,0.0043556871607624,0.004404097525006145,-0.0037978303447468997,-0.014533488909729164,0.007001089882711975
2024-09-11,0.0029283623560774075,0.010259078447624193,-0.001590555949419148,0.007386271082970852,0.00903890743493263,-0.0007948772526088499
2024-09-12,0.012875640591202497,0.008423348039961365,0.017567284525531468,0.008278226854169013,0.01933056440117209,-0.0046713714936572615
2024-09-13,0.024668015446985825,0.005222782664183523,0.009943683944142245,0.0046914435814144895,0.0018501935878272313,0.002696016328887385
2024-09-16,0.003597329514477332,0.0014765931853479852,-8.374817448175698e-05,0.0032687316420552115,0.007386819128736732,0.009162781734693759
2024-09-17,0.008271767842168876,0.0004087336229028349,-0.005530911354914458,0.001163534278119549,0.00687436920386153,-0.004836092414401416
2024-09-18,0.00018222533954204145,-0.002965714357998861,-0.007710465405288858,-0.0034867317705202794,-0.006372278871213055,-0.012395584763585488
2024-09-19,0.02059709139202548,0.017064378832593485,0.015540757281972128,0.021226932476916982,0.017865400914570673,-0.003313439918844363
2024-09-20,-0.01071585796731156,-0.001728712126973564,0.012710660066880486,-0.002055704042832951,0.0,-0.003828515283382683
2024-09-23,-0.0036557091107275452,0.0024987950515615864,0.0019404068737312041,0.00778219363679411,0.0004500349513125723,-0.0021238456257091087
2024-09-24,0.0016761243715504026,0.0028612688100160266,0.01396907347432852,0.034067495942909476,0.016644083175012314,-0.0002025773830464095
2024-09-25,-0.012197343265640925,-0.0022053562014971995,-0.001381767735032069,-0.010542496657641176,-0.008406984580793031,-0.008312149796671053
2024-09-26,0.005328807291638871,0.003964799781107642,0.005086884066794806,0.03662613308182294,-0.008924665933192744,0.002351041943283727
2024-09-27,0.006762521063421234,-0.0014505076178044085,-0.007935830791900744,-0.0019272528326887972,0.0049527072839283814,0.005200691101388433
2024-09-30,0.002541667010516502,0.004007306781378839,-0.007999374253898295,-0.016090967070453766,-0.0022400935526338817,-0.00476804969822453
2024-10-01,-0.013581508256308328,-0.008958495996637117,0.010491249392624358,0.007195827035087143,0.017512331156504413,0.007219960116913837
2024-10-02,-0.0013768220032474021,0.0004220737216988901,0.0002035871977259518,0.019701289586426585,0.008384907276882014,-0.008427147214084552
2024-10-03,-0.006709833809357524,-0.0018281779867485026,-0.0006920058878574498,-0.01188957730582274,0.014441962891958982,-0.009420595161019008
2024-10-04,0.013973021496474836,0.009087424667289845,-0.001996030315693398,0.009239336553890087,0.0025884701577818525,-0.012301114849447181
2024-10-07,-0.007848375367294214,-0.009040591890144833,-0.0033877625757333663,0.008303025222458071,0.013769323638040287,-0.007535223495452548
2024-10-08,0.0006898673270485656,0.00945766211928345,-0.007371925565205384,-0.024704295358762063,-0.023344660221132907,0.0016870913094564344
2024-10-09,0.002205953567623764,0.006926482951566726,-0.005446185963701722,-0.005412455494907986,-0.008691950096944456,-0.00568469143679462
2024-10-10,-0.0055488195850049715,-0.0017501446222122352,0.007342892553628744,0.0019591361303192834,0.019728297402437756,-0.003917270332896572
2024-10-11,0.02033664870880103,0.005988234357958255,0.010913408354139564,0.007169164023213215,0.0008599153209749577,-0.004039223198311959
2024-10-14,0.007366858911861618,0.008178347889252757,-0.001629502157067031,-0.004098379013101949,-0.0154639281021548,0.0007469155090447099
2024-10-15,0.0008075338403183974,-0.007769709751462295,0.003468359323146597,-0.021225872269906354,-0.019197321693364966,0.012157468669632188
2024-10-16,0.016452191251019377,0.0043464144766458546,0.005001609209081437,0.007745152784419007,-0.0026690721050416366,0.004214783417977097
2024-10-17,-0.0027343752677314592,8.589743781750592e-05,0.005988310835030708,-0.0015371954382212838,0.0013381538738008736,-0.015842950063810757
2024-10-18,-0.0020785174163374665,0.003846548369420555,0.010618185005034864,0.009896670181107181,-0.0053451849209559255,0.0007460308531062054
2024-10-21,-0.015732265603822237,-0.0016422800212634314,-0.00019900127714234106,-0.006968667476821122,0.0031348192707774114,-0.017471033668830738
2024-10-22,-0.0037820820469425254,-0.0005310730001248931,0.01078732362833379,-0.002193029123885637,0.017410696115397917,0.0009758309224516815
2024-10-23,-0.009129451864144822,-0.009137365781024864,-0.012050555849465017,-0.005933981851815595,-0.00570431115319181,-0.002707839637411391
2024-10-24,0.0021892507892573576,0.0021628023642212835,0.007693259346016168,-0.0015476429280779636,-0.00044129643820145503,0.006408179962627214
2024-10-25,-0.0037774293662014014,-0.0003456198650340081,0.0020569789010425055,-0.0008857760913321133,0.007063951958414583,-0.005611988737463158
2024-10-28,0.016309427219396655,0.003091538099100566,3.945407605776552e-05,0.00443262991969906,-0.0267425178628673,-0.002713219104717557
2024-10-29,-0.003236379114345045,0.0016184868692048493,0.010894858433216914,-0.0030891390828963194,-0.001801855065966862,0.0015232555690543048
2024-10-30,-0.0013531266743689319,-0.0030253159284875375,0.005505891218995584,-0.009738693720508729,0.01263537838470552,0.0029339452077397077
2024-10-31,-0.016618490619215276,-0.01960297886667106,-0.015495166963743867,-0.006481960992020919,0.00668443543470798,0.0016252710017083949
2024-11-01,0.00560256614014687,0.00422036880029264,-0.004102375877353404,0.0008999245615799456,-0.010624117487687879,-0.014098252452580784
2024-11-04,0.005068897980062825,-0.002154001685066964,0.0014259144001700363,0.005619269451886844,0.01700222965284981,0.015521665879802082
2024-11-05,0.018810629010527213,0.012091814888343544,0.002254447895035039,0.01363424499047361,0.006159306311461554,0.005311668013511683
2024-11-06,0.05793150576699424,0.02486581184441672,-0.030386729020158265,-0.012348381595212343,-0.010931379346323933,-0.027388593795023675
2024-11-07,-0.003540953166339622,0.00773195496019774,0.01607650385553039,0.022103010376001597,0.0101680415116987,0.012528141575840479
2024-11-08,0.007361041723658701,0.0043317116431220715,-0.006769426092267272,-0.024683131508482004,-0.015317307733382357,0.01270101799841128
2024-11-11,0.015034346992073289,0.0009528857307679051,-0.02347155656813127,-0.0076147820555841905,-0.01600010411674646,-0.0048652914411349
2024-11-12,-0.017542487978539745,-0.0031063360412690866,-0.008631355179477884,-0.01895731521849331,-0.005419933705712254,-0.01499357923388378
2024-11-13,-0.009896416067669223,0.0004857686482722112,-0.010081225320474285,-0.006441396911697539,-0.0031789515043431082,-0.00948594528458968
2024-11-14,-0.013482930093605128,-0.006430310763933411,-0.0026091417886486834,-0.005556794014909605,-0.0009112360006628961,0.005790610921614592
2024-11-15,-0.014917674827881866,-0.012808642169713336,-0.0017720694429753658,0.0,-0.005015942944430085,-0.0026572800502306926
2024-11-18,0.001969509736544417,0.004097516903905474,0.019020246289590537,0.011408597241734597,0.022914722643863294,0.001776392509448943
2024-11-19,0.007425858178063072,0.0036554745910837294,0.008959325127211315,-0.0006904753653081963,0.0031362240201486813,0.005097398632283978
2024-11-20,0.0013008336723272507,0.00033882773833160407,0.005632045702723465,-0.0011518327304478326,-0.0004466180163760214,-0.003197423812287381
2024-11-21,0.01519940930516639,0.005368247246335223,0.00833950039098208,-0.0020757081818434386,0.007149359561478441,-0.0007740444038913941
2024-11-22,0.018469475093148224,0.003099394453447868,0.012892210445830887,0.00023118574847380557,0.0008871994414947348,0.0005533823247769742
2024-11-25,0.015202998228617481,0.003392000823393637,-0.029458856541119016,0.000693120136763925,-0.014184357337215125,0.025887707918830216
2024-11-26,-0.007343253287070417,0.0052215902593417685,0.0019383092584317474,-0.004156116937409582,0.0,-0.0038821951033709556
2024-11-27,0.0013713470680312145,-0.0030300883971953185,0.002222714763140843,0.001391061522343806,-0.005395656413011429,0.00692878649548323
2024-11-29,0.0038182987457424655,0.006212362438985819,0.008624546377060671,0.00162074314526639,0.0009040450405772837,0.010321441586303548
2024-12-02,-0.0004961529194444925,0.0017923270044692963,-0.00875440338997513,0.003929866486819922,-0.007226672077220275,0.002402752850220846
2024-12-03,-0.007114862482890727,0.0004635326138326956,0.002012776164397767,0.0020722706337450436,0.011374006175211226,-0.008629246488057185
2024-12-04,0.003582955619843897,0.006209614402377772,0.003033679807253664,0.002527517086318376,-0.005398176977843061,0.010745838326770452
2024-12-05,-0.011665094370966522,-0.0016455346383350555,-0.007397709454119106,0.006646779414790416,-0.0013568218976118818,0.002020037592208812
2024-12-06,0.003570199542137109,0.0018955917276137768,0.0003705687954558279,-0.0015937135963555171,-0.007699291847998224,0.001485370111037998
2024-12-09,-0.005022320303394556,-0.005149570589002672,0.009919751769426055,0.020524495559657296,0.009584735400335331,-0.009216817650688824
2024-12-10,-0.004332776308787145,-0.003109196745000764,0.01316431251835759,-0.01608933454470185,0.0022603473207913893,-0.00470512139569812
2024-12-11,0.004520758914458689,0.007730740341302056,0.009533812345188464,0.004087972537763385,0.012629679198110866,-0.009454287187552812
2024-12-12,-0.012995813640156562,-0.005152844723640637,-0.014663722649505995,-0.004976139101379173,-0.004008819309974321,-0.012147527222531207
2024-12-13,-0.006860364800108543,-0.0001983089932406923,-0.012091578404740733,0.0009093350225524155,-0.0004473100606405822,-0.010210593548301006
2024-12-16,0.0058779824067929365,0.004270055990104105,0.002415209844427002,-0.005450871908228905,-0.005369100700489016,0.002994775566778962
2024-12-17,-0.011448298409189817,-0.004120298593844662,-0.0038386247250202787,-0.002391921908204475,-0.006747674510724222,0.0024333086292926964
2024-12-18,-0.044272347852466254,-0.029803361147563545,-0.01918507783771306,-0.023277446813956493,-0.009057957212528445,-0.012504677404752473
2024-12-19,-0.004437541430711622,-0.0003071527492615189,0.0014210967336201197,0.003336519170993313,0.0,-0.015141262993109028
2024-12-20,0.009369556921279276,0.012011013709321894,0.010434056495473909,0.004038081279888139,0.006398584588895417,0.005694284181010589
2024-12-23,-0.002298076287977846,0.005988313845908255,-0.004708795377563857,0.005677679703537608,0.0007653590297793667,-0.009171957265789565
2024-12-24,0.00894265019769791,0.011114993282984376,0.001992014086009908,0.0030581511543679163,0.005736132621843915,0.004228330600541508
2024-12-26,0.010251097189859282,6.669503786849162e-05,0.006751179863859091,-0.0035177006330388005,-0.0028518022370630502,-0.0005690581012883777
2024-12-27,-0.0145780877673235,-0.010526583116915789,-0.0068705038771270655,-0.004471729938307245,0.004766471824138918,-0.00819859928832356
2024-12-30,-0.0076891895545020406,-0.011411689511399481,-0.0031896811646237033,-0.008037884142282015,0.009013353365501464,0.00803696188918157
2024-12-31,0.0012688182114417579,-0.0036380303829519622,0.006233636577161361,-0.003336519170993424,0.005171521400364254,-0.005353186250640185
2025-01-02,0.0008145600933715524,-0.002456912408398071,0.013587714119632333,-0.001434670111327363,0.00982230205524548,0.002747918916153669
2025-01-03,0.01487744528230417,0.01250340323286947,-0.007864039973028758,0.009339223950663333,-0.00509496232107598,-0.0031970265363947536
2025-01-06,0.0004010520003376872,0.00576050990496646,-0.0012320959587240887,0.003558593862094117,0.001862226449636406,-0.004468070008418645
2025-01-07,-0.00801720333342204,-0.011304045433904064,0.005633435188264091,-0.007092228869371886,0.004646866713475584,-0.011277416016117092
2025-01-08,-0.004534701577370903,0.0014610115160782478,0.005315681488124113,-0.004761862908689629,-0.0018501675263821182,0.001280417291280811
2025-01-10,-0.02201076507691524,-0.015267427998534089,0.00955831000439944,-0.016985646247676844,0.02687674525580519,-0.006625497150066106
2025-01-13,0.0019369135709217389,0.00155047779484363,-0.009951255605703535,-0.006814230760041284,0.007220151084557314,-0.0003512931686547871
2025-01-14,0.011369431235306982,0.0013759502770052112,0.005249423200524239,0.011271608189838744,-0.0004480135958698783,-0.0016386990823036296
2025-01-15,0.01966132336334825,0.018189922211973686,0.007488993695735191,0.013084678637578895,0.016136337065006723,0.01723539812481234
2025-01-16,0.0020086816487869807,-0.0019229971694386672,0.006910965874952435,-0.0011959694523872022,-0.004411141101204219,0.0032271563252519453
2025-01-17,0.004320803043618815,0.010039795288152353,-0.005307269747253374,0.007902304525355897,-0.004430685480031893,0.0017235477859594006
2025-01-21,0.019205161474769694,0.009153584329701925,0.01548521901629396,0.010691374759141059,-0.004895338912262903,0.00894592046788123
2025-01-22,-0.0065277028187904484,0.005621434809803594,0.005135652699768123,0.0007051939440283483,-0.0008945123496930663,-0.005228899211423665
2025-01-23,0.0045556650262355,0.00545805853915704,-0.0014148699521492336,0.0023489592366137124,-0.003580988118677353,-0.007770408882668667
2025-01-24,-0.002790689189558937,-0.0029193667721001404,0.006218705580031125,0.006562188149499049,0.00044922113893686166,0.004491174412094789
2025-01-27,-0.00957630831891465,-0.014145255556364478,-0.0104048052682425,-0.01816074686713809,-0.015267191791584867,0.0118091517689618
2025-01-28,0.0011037760908620964,0.008592418892591214,0.008656417783572623,0.00735128204626756,0.0009120518595653326,-0.0006797253801910097
2025-01-29,-0.0022933366206246975,-0.0044829666982550975,-0.0038404097330004827,0.00023545827881754633,0.0018222619185344069,-0.0020412126398937636
2025-01-30,0.010166722885913915,0.005367185422382015,0.01514551884715587,0.016945031077427952,0.0009094736600503417,0.003749753507537701
2025-01-31,-0.008970361749581213,-0.005322013140813708,0.0019763991077346166,-0.011339995279508241,-0.0018173841134345725,-0.006565619749618334
2025-02-03,-0.011700922321033813,-0.006729655863189077,0.00533727141028395,-0.007256545958032268,0.0077378331285364865,0.008141921642686789
2025-02-04,0.013849882615441844,0.006708265932884538,0.00984841707528572,0.01792038559261311,0.0027101139772385263,0.003062700459090628
2025-02-05,0.010884384025867444,0.004054629802519472,0.006209542410714253,-0.0025480978369141205,-0.006306359911262827,0.016510083722762303
2025-02-06,-0.003269400005930345,0.003475526445625654,-0.0026502562908058414,0.004180249788073631,0.0004532938834191924,-0.000444903568398769
2025-02-07,-0.011589739996431425,-0.009153411562772051,0.0017841598670260694,-0.0009250975253142224,0.0004530885011730934,-0.0064552889321881635
2025-02-10,0.00451324623268845,0.006791120950360163,0.016938239196991,0.01203713088760594,0.014492801503801056,-0.003024161784024426
2025-02-11,-0.005814465776036171,0.0007606438304508245,-0.0036516022155236305,-0.003888453744556486,0.007589293926426155,-0.006404715113302761
2025-02-12,-0.009215816981169467,-0.003221484742329972,0.0010471549570203464,0.005510894372871222,-0.011076713700079233,-0.013569958350682643
2025-02-13,0.011269092730532115,0.010557397411396385,0.009862831092105395,0.006394079555303023,0.0049284145468389,0.016622799634233187
2025-02-14,-0.000751776355989553,-4.907515727980982e-05,-0.014871773334245386,0.007715056108567264,0.00044581642770258334,0.005299886176200808
2025-02-18,0.005487598083187439,0.002935693726665356,0.01656090548123368,0.006304901499399218,0.014705825503393388,-0.011778011257255305
2025-02-19,-0.003433074483163323,0.002354919076306361,0.000554096378723612,-0.0015664375680691789,0.007905218422570304,0.0012483663143032508
2025-02-20,-0.009583479146174967,-0.004160245253420958,0.0005168326664386491,0.009188765211048278,0.0013071454103914526,0.0037414462642890722
2025-02-21,-0.02880581070117827,-0.017104107843856187,-0.0009225433005247696,-0.0028868342150291104,-0.013925197555321844,0.012084676998650679
2025-02-24,-0.007208472370285213,-0.004550406866907997,0.005429568123388684,-0.015367556110419067,-0.0035304182636869408,0.0029016825409535763
2025-02-25,-0.003792281136428932,-0.004973182941032439,-0.013188334192659745,0.0006785557377708695,-0.011071721009814017,0.017246952595035614
2025-02-26,0.0012534646327826415,0.0005047975617609168,0.0015263333689308212,0.009945698202802555,-0.008508798835403675,0.005906882256735635
2025-02-27,-0.015254072054606493,-0.015961702356043994,-0.015239958822878874,-0.01947173413292913,0.0013550569886191521,-0.007068428269280003
2025-02-28,0.010640706114036114,0.015605275017160691,-0.006265820058134697,-0.013695561541239631,-0.00766802818994361,0.012265981797339176
2025-03-03,-0.0273467166507243,-0.01751987501654706,0.013180390342641513,-0.008794074319661616,-0.006363601169160682,0.004667006398598295
2025-03-04,-0.011303825030277825,-0.011836867992038314,0.00869763593445505,0.008405119632829638,0.003202177968041786,-0.012315159778093387
2025-03-05,0.009931268163005935,0.010747731993943743,0.0020813110966890758,0.029868072352804642,-0.0027359757754711334,-0.00798441821898499
2025-03-06,-0.015302017114141808,-0.017751052138385348,-0.005081207410422395,-0.006294890904832151,-0.005029731796317605,-0.003307489825900012
2025-03-07,0.003263843406769773,0.005604885844907148,0.0005219558189655249,0.004977260264333205,0.008731685766587338,-0.003207877069410725
2025-03-10,-0.0251516506652405,-0.026635619444153158,-0.008755937163287819,-0.023863145298008814,-0.006378186173946809,0.010431664085479575
2025-03-11,-9.963400901569219e-05,-0.008312891177371884,0.011727541035094546,0.008302745866491934,0.0055020585487512985,-0.007138991858980148
2025-03-12,0.0017434215705736111,0.005306711888906301,0.004346793335703092,0.005489375691639875,0.0,-0.005973310038410173
2025-03-13,-0.014917958011267718,-0.01333076809346656,0.017756144523255468,-0.004094666883090681,-0.003647937733423867,0.008791527253571685
2025-03-14,0.02417970162776939,0.020656021042966044,0.00039975774946587883,0.018273203197958443,0.005491895743038544,-0.005295044324118869
2025-03-17,0.012617681478976461,0.00771133679017999,0.0054135329342379634,0.017047994657482413,0.006827621229447356,0.004990348849388537
2025-03-18,-0.008683307913751825,-0.010808487898628982,0.011671955843306048,-0.005072721538881164,-0.002260499732478105,0.0009930599709742083
2025-03-19,0.015550358721294621,0.010890956650734918,0.004107707999658539,0.0024384273162363357,0.006343417679080865,0.005181422360337029
2025-03-20,-0.00634787169951645,-0.0028918080871890295,-0.0012805854303336028,-0.00928786143753313,0.0018010187220196539,0.0006582116539117777
2025-03-21,-0.006193234464139219,0.0003298919546212975,-0.008049901213267985,-0.004910775998505756,-0.005842588506749347,-0.005918761124067529
2025-03-24,0.024878539366611996,0.01790848775160092,-0.004452548665506595,0.00448627729277562,0.003616603487294645,-0.010253496257533468
2025-03-25,-0.0055539731637533896,0.0024038215328545665,0.004400365088198743,-0.002902951088054162,0.0013513057471346013,-0.00011127411395606135
2025-03-26,-0.010158949679395013,-0.011938228305225729,-0.0008259812019960622,-0.006047084300773831,-0.0013494821841035787,-0.0065731473741095225
2025-03-27,-0.004766709539404834,-0.002655735881150312,0.013405732882559862,0.004957161842781943,0.002702700302480876,-0.002915875222416431
2025-03-28,-0.02033142265027954,-0.020138212342233786,0.007412123023167627,-0.018609860100920583,-0.0031446365413939636,0.013834462002743075
2025-03-31,-0.0047890608207021845,0.006712688489439067,0.014363222998346359,-0.0015992727593111544,0.013970229445228188,0.009873383297617444
2025-04-01,0.00010012628156030878,0.002824442743211364,-0.0019782303576065807,0.003203669059278713,0.0004444294509868829,0.008665406348905114
2025-04-02,0.01578876771532789,0.0063284086265045225,0.0020516615880092903,0.0013685652441401963,0.0062194234670645,-0.0006555797038330091
2025-04-03,-0.06419627621273771,-0.04928080108999533,-0.006038278082531101,-0.021184396098541725,-0.04017655271151477,0.00459375137849749
2025-04-04,-0.0446084841730211,-0.05854299254528794,-0.02339226273628292,-0.055620199565380224,-0.036338499487616804,0.010887262134316344
2025-04-07,-0.009051197628395125,-0.0017811884523963872,-0.02148580630415131,-0.03721056308471293,-0.015751822453165087,-0.03015629662367514
2025-04-08,-0.02634365531832672,-0.01566275431689801,0.005443793790763651,-0.014077274287979558,-0.022308450372542143,-0.01887829257616669
2025-04-09,0.0850016930547084,0.10501937798947614,0.03699125081478161,0.06931456274195691,0.036210269290578356,0.0058857888023988725
2025-04-10,-0.04201812039439701,-0.043819062573260736,0.0244235794430141,-0.01723710049078475,-0.012446199023855242,-0.027568475564519024
2025-04-11,0.014583662309658907,0.01784277577362925,0.019086664805096243,0.03137355186566282,0.0145420134466272,0.005438461872945721
2025-04-14,0.01177052359475761,0.009701506983955888,-0.005705977012200658,0.009101791180281094,0.0004777669744333579,0.0071354132830814265
2025-04-15,0.0012329463896245674,-0.0028010217219820444,0.005232379352138938,-0.0009494710981781118,-0.0023877882627511005,0.0035424762128988263
2025-04-16,-0.009584460893838354,-0.022227965823144014,0.0325408102664011,-0.011641654907513566,0.01244610464652629,0.00557963812029727
2025-04-17,0.008163483639098912,0.0014267172797870487,-0.004390692094044635,0.007692163912457195,0.01040200730057994,-0.00883263705843007
2025-04-21,-0.020055674881770846,-0.023802592345244733,0.03093558529908469,-0.0002385100634196835,-0.00842310754546216,-0.017479520776690793
2025-04-22,0.025883616574496005,0.02601775974219156,-0.014195668551963636,0.015032248706341012,0.004719234308373732,0.005581322815319201
2025-04-23,0.014829120529682438,0.015495362918822586,-0.023978630729734163,0.011518598555584791,-0.007515289871365405,0.009713290260132457
2025-04-24,0.020026281426770653,0.02104903098185429,0.014556277018207942,0.011619788750030224,0.008991931604926062,0.010535822882946189
2025-04-25,0.00030910243742399146,0.007225424527655733,-0.010841679678267213,-0.0018378689597267073,0.0014071745651047518,0.007366477433864427
2025-04-28,0.004224236129710679,0.0003811603167485078,0.01424210344049559,0.0018412529413545098,-0.005620604141531982,0.006299656809740872
2025-04-29,0.005899173267168933,0.006299501905075555,-0.009738925467677295,0.0027567132241492764,-0.012717887702692332,0.008384533063889643
2025-04-30,-0.006272499702178802,0.0003968300492129817,-0.007482221012837242,0.0025200775807110443,-0.018606902091659605,-0.00809277628987315
2025-05-01,0.006209586947863555,0.0070868680708551235,-0.02077228754256477,-0.00022857101832562954,0.00486147685498195,-0.005070580522044343
2025-05-02,0.022491881915589484,0.014844136511218409,0.0017481999132260562,0.028571446523786292,0.004354180590427026,-0.010824336328756345
2025-05-05,-0.007681523534555645,-0.005734434003937805,0.029867754776654154,0.007555523867428526,-0.005780341880260664,-0.00558521203249196
2025-05-06,-0.010907880307065687,-0.008358217676558977,0.02802400275899264,-0.0039699522211248395,0.015019446533423908,0.0033239805337459405
2025-05-07,0.0033034867711250193,0.00420552756227166,-0.014993060801348546,-0.011514617322066711,-0.012410552446834422,0.0042271734935988015
2025-05-08,0.01904562401476606,0.006967762571935099,-0.0196942722998793,-0.0006720194805595048,0.013049723459981566,-0.011148820552091099
2025-05-09,-0.001839234999964301,-0.0012742213508586397,0.007254674259445482,0.00672497803838179,0.007633612917365529,0.001495347369806721
2025-05-12,0.035157595781381,0.03304754271395138,-0.028190568373488878,0.021598753548448535,0.006628844542668988,-0.009305085275218117
2025-05-13,0.003656322629827402,0.006603966987809073,0.004258992599597278,0.0017435609574845135,0.015522046961654823,-0.004058271289082649
2025-05-14,-0.008867416104676895,0.0012779770394448775,-0.021037827999516923,0.0076154217973527505,-0.00509496232107598,-0.0066364298767392915
2025-05-15,0.006528627097503348,0.004884285134641564,0.015963953531585195,-0.0004318852950646601,-0.00977648234427797,0.008790228136806633
2025-05-16,0.008264024496364542,0.006334043929497213,-0.012087047232674286,-0.0006481502690587337,-0.003761224443639466,0.0026724208808825978
2025-05-19,-0.0041933651121452975,0.0010938196429841618,0.012880671121226372,0.0021616757571256695,-0.0014157144678093037,-0.002896802960644429
2025-05-20,0.000526377933881994,-0.003362153676216839,0.0186222454642182,-0.0010784217888807346,0.012759866702867662,-0.007205002655131021
2025-05-21,-0.02807538202955795,-0.016850775346555102,0.007378683875855163,-0.0025913117703879607,-0.0013998595356506938,-0.017090092100805254
2025-05-22,-4.929883439463989e-05,0.00039470808698149895,-0.008861493387459118,-0.0032474276107012923,-0.00514019785072406,0.0052401959894030625
2025-05-23,-0.003149574788002374,-0.0068258512570531504,0.021906288045034472,0.004126843941888891,0.005636444252486106,0.0016582524082515704
2025-05-27,0.025375197999859767,0.02079068471986001,-0.016949152542372836,-0.002379437298883791,-0.008874427023372378,0.013956287052554028
2025-05-28,-0.01054407021192405,-0.005785451740996206,-0.002266017869971493,-0.004553350192862626,-0.0032987567018044617,-0.0043159275940672925
2025-05-29,0.002968307312561702,0.003947442276660329,0.0059247154716219885,0.003702967121090417,-0.005200863824581958,0.009254784878053535
2025-05-30,-0.00509407198439682,-0.0011184010326800164,-0.006576942326457891,-0.012152806629330493,-0.007604681026191384,0.0015092751957355155
2025-06-02,0.003120778484812181,0.0056328156906035876,0.026581051258171673,0.007249479459405572,0.02107284396524789,-0.009306762836393423
2025-06-03,0.01613929318538565,0.005702557269405606,-0.008855551213511115,0.0023991580206701446,0.006566568040223819,-0.0017612163673706993
2025-06-04,-0.0028226171779228704,-0.00026851243178294126,0.006441974072654677,0.012402082581946416,-0.00372783231929652,0.01623315892152788
2025-06-05,0.00043174097973963654,-0.004832652403296889,-0.00504987891618125,0.005158035576308562,0.004677295475291832,0.0006944748814214918
2025-06-06,0.0161607248635538,0.010268925536670137,-0.013416073696802311,0.003207155762678493,0.007914347679669698,-0.012724164455957143
2025-06-09,0.006890053387371031,0.0009012287764704752,0.004718534884218695,0.00852515782384966,0.00092375640295983,0.0010545470985825478
2025-06-10,0.005389952787735464,0.005669718390465928,0.000293510988597534,0.005705798938410833,-0.002307259661513572,0.005149756174118503
2025-06-11,-0.004102340794028381,-0.002851975015019881,0.005412290790508978,0.004202691703145467,0.016188623890825093,0.003027761989169875
2025-06-12,-0.003978918433547141,0.0039742753822695764,0.0124202002480438,0.0016738768549258154,0.0,0.011957085447123372
2025-06-13,-0.018281746313723368,-0.011180162300879815,0.013100564311248064,-0.015876241332453467,0.030951332514145724,-0.009636203084400274
2025-06-16,0.011789831766891634,0.009514344503849026,-0.01425909653729851,0.012259301843742687,-0.002207431156828865,-0.010077674508303436
2025-06-17,-0.010532638033318498,-0.0085450687006845,0.0005131941200071655,-0.013127197617905484,0.021238831671029468,0.012169437842673547
2025-06-18,0.005274473633804844,-0.00015071307483049967,-0.005385627565021256,-0.0002146220894694295,0.002599651306915751,0.0017340256672602194
2025-06-20,-0.0020987786417285825,-0.002348577608368929,-0.00041901914110908933,-0.00579387032256895,0.005185906487371605,-0.0018466235521878982
2025-06-23,0.012236543600903316,0.00987738189722287,0.0030631724583116693,0.008201906250616453,-0.03697336892167824,0.0032376627370980238
2025-06-24,0.012749662508291237,0.011047392828865465,-0.015719378751237634,0.025904518606627347,-0.024107122346438303,0.007260467391545955
2025-06-25,-0.011656656977227065,0.0005603843646864171,0.003037305817845004,0.000834776234111434,-0.001372413523156979,0.0012585672807827741
2025-06-26,0.016228757792007054,0.007823707286618964,-0.0011070472235482631,0.006672234228144003,0.0036646484924114375,0.005027757391460108
2025-06-27,0.0003248641997504187,0.004968423150459644,-0.018123728993798327,-0.003935398909566401,-0.005020549573540478,-0.006367010627406078
2025-06-30,0.0014386974850910672,0.00478117884896645,0.01198454729743359,0.0031192031041438195,0.0004587906015667276,0.009840909120178987
2025-07-01,0.010287755510448138,-0.00032381401369563356,0.008923010663382636,0.0018656862326948964,0.0055020585487512985,0.002479408330713584
2025-07-02,0.013852633046908203,0.004533365945032841,0.005527596405484614,0.00434513434362227,0.016415854652826578,-0.0063534789293108185
2025-07-03,0.009274706731439153,0.007881400243543668,-0.006822911403597365,0.004532264066340552,-0.00044861655481764906,-0.006965027081135888
2025-07-07,-0.015016982290662062,-0.007451971921066947,0.000748780548875283,-0.014150921949654727,-0.0008976358039172183,-0.00954354255680856
2025-07-08,0.006917529978009762,-0.000547635869473373,-0.010443411868664265,0.006240920756092061,0.0031446365413940747,-0.001276972606083171
2025-07-09,0.010847419030050487,0.005996456521760729,0.004471282664348264,-0.0016538592018069398,-0.0017913400113259703,0.010461587330728328
2025-07-10,0.005142055371760046,0.002820357441072119,0.0022257895319868215,0.00269197334782878,-0.003140492782996329,0.0006899911118383173
2025-07-11,-0.013790091508505298,-0.003515507092989867,0.009601575193336043,-0.0033043831976006244,0.013051398610674836,-0.013794634357070401
2025-07-14,0.006720804452024387,0.0019082832595347377,-0.0036553174266280575,0.0014505058596874232,-0.008440758743387455,-0.0020980401767272117
2025-07-15,-0.019579708523122075,-0.004273310957695342,-0.004155705135267751,0.007241783271526359,-0.0017920543834800684,-0.007008544897572744
2025-07-16,0.010053989340790048,0.0033433729083833796,0.004988096125243757,0.0047248057896767115,0.0013464537058760495,0.0014115268854322238
2025-07-17,0.013120863958727247,0.006119538410830128,-0.0021735334020257513,0.005724757113322987,0.008068124347329508,-0.000234922880942956
2025-07-18,-0.0071006761306084965,-0.0007322363413652111,0.002600924347578637,-0.0022361478386196953,0.0017785960443619242,0.0015272163811248518
2025-07-21,-0.0040481694581016026,0.001896143305678999,0.015370115792427752,0.006519894935499648,-0.0022192759442687393,0.008916208890332067
2025-07-22,0.008309717951540563,0.00014309727876682388,0.009484882235462067,0.0006072659811613423,-0.0017792995060619266,0.0060466703825652335
2025-07-23,0.015273022866134855,0.008507378219608341,-0.01240118112003663,0.010115350641621168,-0.0026738823006808854,-0.005547938028091837
2025-07-24,-0.013808007758966068,0.0003310296833012316,-0.006118276977772341,-0.005407535152795573,0.0008937130699171458,-0.0017435192839003744
2025-07-25,0.003712766046221727,0.004224435835635587,-0.0092499926477293,-0.003020667701646884,-0.010267863076030337,0.006287072532313198
2025-07-28,-0.0011587346979889945,-0.0002510690047468067,-0.00647361832754334,-0.006665242150694306,0.01037438584943029,-0.006479181624659547
2025-07-29,-0.006380502859542281,-0.0026376616892719307,0.002750389076383808,0.0004067340866178437,0.012946432225634519,0.016885927256043542
2025-07-30,-0.0050743589688558854,-0.0012593696215839056,-0.017273497289540862,-0.007317130243021164,-0.0022036265257513454,-0.005153151758310548
2025-07-31,-0.009794171469082014,-0.003751164153554032,0.0066454015709211944,-0.00573296229544018,-0.008392204570164097,0.0005754972768523547
2025-08-01,-0.02037463713470733,-0.01639041762130744,0.020299689958884537,-0.007413486893060206,-0.016035620896206026,0.01421642948352786
2025-08-04,0.022380439202884128,0.015199764160073403,0.005823229257701401,0.01037339928420522,-0.0036216045337799097,0.0027328565491979706
2025-08-05,0.005097108887843982,-0.005070024116712868,0.0008040912066364925,0.002874721482654996,-0.00863241778282886,0.0030661750542138044
2025-08-06,-0.0013131034883318016,0.007659759469106797,-0.00212110700071233,0.004709247469660394,-0.0022914888370674236,-0.005773879727233644
2025-08-07,-0.0032644272010575737,-0.0008377339559806352,0.008437987494967825,0.008355353052782455,0.0032154163205675435,-0.00170794449030498
2025-08-08,0.002183552650541598,0.007797750804225512,-0.00022357985855403495,-0.0008083789055237656,0.0,-0.004334456164402645
2025-08-11,-0.00022707445459979603,-0.0019775980053369224,-0.014374701087597641,-0.002831693856408468,0.001373670393670201,0.0011456648823275906
2025-08-12,0.0296907964333446,0.010646078845516938,-0.0009074665058316222,0.012170428602377159,-0.0041151777390060484,-0.005035010799873563
2025-08-13,0.019443668969843175,0.003423132386020322,0.0030492830145867345,0.012024012326356637,-0.0013774544818595524,0.008280694065696759
2025-08-14,-0.01288817810209908,9.301357079483097e-05,-0.006338706734070332,-0.012277178797396093,0.0041378821483593065,-0.007414361795992197
2025-08-15,-0.00486322270575712,-0.0023411979263346927,0.0005858183101099534,0.001202844345578935,-0.003205110555777324,-0.007124722528613625
2025-08-18,0.003654245580372084,-0.0002176166478941033,-0.0015612675411803556,0.005806996682561794,0.0009187550646996279,-0.0028935736696801273
2025-08-19,-0.007676781585625458,-0.005425196437217061,-0.005473279447945512,-0.008162473605433873,-0.0078017520577917665,0.0058040340856995165
2025-08-20,-0.003536614913404179,-0.002657080804944645,0.010122175284489776,-0.0014050085192840456,0.011100822776949126,0.00219269349555562
2025-08-21,0.0024844373840935408,-0.004011809805612443,-0.0034698951143765644,-0.0022110551506671072,0.005946914824862093,-0.004951593039746904
2025-08-22,0.03920873513963108,0.015356833041096918,0.01070642694476942,0.019943592739453564,0.0040927211265424646,0.007406501836228596
2025-08-25,-0.01051825223032754,-0.004401115665894628,-0.0024148368614391735,-0.005727856964744538,0.004981984227124592,-0.0028718754731770213
2025-08-26,0.008262997060394017,0.004186969160700382,0.007262047243691283,-0.0025824252916972767,-0.00766111649531398,-0.0005761580680651024
2025-08-27,0.007085509599503048,0.002278644276482167,0.0020187288833615202,-0.00597492627105356,0.0009082345555133653,-0.0011526125409063726
2025-08-28,0.0011867131515472806,0.003541324132844581,0.007419038046796889,0.0038067955781946328,0.006352051803974801,0.00657808048666686
2025-08-29,-0.004444915814257988,-0.005963734491660877,0.00964990177666114,-0.004790327582947618,0.0013525243165044554,-0.00710847581478935
2025-09-02,-0.005400404925476776,-0.0074102526816088865,0.023642559312442524,-0.0008022958845380623,0.016208990961707137,-0.007441570953679144
2025-09-03,-0.000983370239653114,0.005419546163007771,0.007831992196408066,0.0038136726213826577,-0.00886128360772176,0.010977505961364376
2025-09-04,0.012496259000172705,0.008357417548391144,-0.004418882618094533,-0.003199324935205694,-0.007152547400961606,0.007624008815042105
2025-09-05,0.0049876272125473076,-0.002896289175246314,0.01334594055214322,0.012036151053204103,-0.00810436232850087,0.015246820811197326
2025-09-08,0.0020187633333597077,0.002456577970201934,0.011388067271604019,0.009117924280291456,0.006808846219968245,0.01332430542292129
2025-09-09,-0.005876229426353796,0.0023119799519342177,-0.002269905468609279,0.00549986003967784,0.00270513752130519,-0.0056829817009441674
2025-09-10,-0.0017732630441945618,0.00289071040325517,0.0035922056391106683,0.0068373352589623515,0.00674455441191113,0.005715462570142771
2025-09-11,0.018483251525865274,0.008310385862863257,-0.0014913797811720864,0.014551817645271248,-0.007592684071539235,0.0066862411649040165
2025-09-12,-0.010215928258459628,-0.0003345365701959979,0.0019715725978484144,-0.0005737775336417394,0.0058506544997709575,-0.004317204174775546
2025-09-15,0.004237712432218599,0.005323774557475458,0.01040483601055886,0.007271301849637979,0.008948508958212198,0.0023347075067725598
2025-09-16,-0.0016467205108524618,-0.0013768849532600491,0.0020064107533963593,0.007408848473151819,0.010199650368145186,0.0021071948777056093
2025-09-17,0.0025600624960040452,-0.0012422701734727815,-0.007715171664187115,0.004337161002296197,-0.010535548084427693,-0.0025454510904602268
2025-09-18,0.024906830659293444,0.0046724054804268,-0.0040063094596702875,-0.002440769905423079,-0.0044365823778409474,-0.010319623990453386
2025-09-19,-0.007596791020433091,0.004952868450893266,0.010607227252210416,-0.0022586773392234694,-0.008021383326866971,-0.0019061570771818914
2025-09-22,0.005802929196418116,0.004731049353107419,0.01730643093326134,0.004904708242570388,0.0,-0.0035948550740618757
2025-09-23,-0.0022504721745392198,-0.005443562937222368,0.004086375052867464,0.0005631488614983304,0.010332351902055725,0.006990009100883654
2025-09-24,-0.009186307274453576,-0.003181571733739008,-0.009063049726670935,-0.0033770643919687204,0.006669669419053337,-0.0038064990353605666
2025-09-25,-0.00956138858299238,-0.004613467564511753,0.004165188877066628,-0.005835856647215976,0.007067073805264057,0.0
2025-09-26,0.00856701737181309,0.005728940562627516,0.00577227044053652,-0.0018935874692543875,0.000438668209197024,-0.0008989167530552011
2025-09-29,0.0011602550904967757,0.0028105400319002882,0.016496514338703028,0.009106404707125426,-0.008329658479767299,0.008211258380107722
2025-09-30,0.0014072484141809394,0.003766742028707082,0.008540004081594166,0.003948190474853508,-0.003978819952600854,-0.0029006698171510914
2025-10-01,0.0021904104195271668,0.0034075725394382417,0.0015753722020723782,0.007865108634423024,-0.001775438256901185,0.0025824349597443064
2025-10-02,0.006309548859743552,0.001151824796685963,-0.003482825151325697,0.004645093723186777,-0.006669581755982423,0.0029119940159791913
2025-10-03,0.007417374269795163,-1.4713447336833774e-05,0.008032937892485048,0.002959166409627345,0.003133375635301805,-0.0018984541525489673
2025-10-06,0.003986471574603412,0.0035861796762737264,0.01884573861512795,0.004609974907885839,0.010263281408425584,-0.007943689726322534
2025-10-07,-0.010736961753513463,-0.00370742225752696,0.005159462258136571,-0.007709192840334889,0.003975218130178648,0.005751797280322046
2025-10-08,0.01048495803724836,0.005962962748359724,0.01649095687844504,0.007954131274642506,0.0013198839383385952,0.0007848970076922424
2025-10-09,-0.006444576449367689,-0.002896974724933221,-0.018452848086064955,-0.01027717948946727,-0.009226749118025013,-0.000784281427546607
2025-10-10,-0.02994336899449146,-0.027027862178845674,0.01009770001194199,-0.036899678946029524,-0.021286013982651286,0.01614709984241669
2025-10-13,0.027839790092141214,0.015344118135168339,0.02430104394061705,0.02907202697928435,0.012686924689490953,-0.0005518941796666121
2025-10-14,0.014279185148590612,-0.0012216462876413203,0.007141189222626965,-0.008980328952246874,-0.011185658250812303,0.0032020366817864243
2025-10-15,0.009802433194319171,0.004439529909605389,0.017332403569977117,0.016424397291767923,0.0036198766438961805,-0.0022012226069832996
2025-10-16,-0.021052211380675923,-0.006810227081276099,0.02338727694573106,0.0065006573113992605,-0.001803454643635738,0.007500492763712563
2025-10-17,-0.00673308304024911,0.0056762988463516795,-0.01881705572696668,-0.00018452937580626383,-0.0009032229109264822,-0.0015326719100453579
2025-10-20,0.019514405398018964,0.010400500262923273,0.03640197438905224,0.013658196561850966,0.009945681872408851,0.003837908906356269
2025-10-21,-0.004714627885249345,-1.494287878323064e-05,-0.06426889260666147,-0.011106955587970258,-0.010295440124328814,0.0049152055660788285
2025-10-22,-0.014778050697301648,-0.0051990077413519575,0.00010605594835544352,-0.0009207513594635675,0.015829853485242795,0.0006520117701340755
2025-10-23,0.01265721380572149,0.0059300554070227385,0.004002358382396931,0.008846341401699265,0.01691901270135099,-0.006843168455655468
2025-10-24,0.012214958311050461,0.008172554694480416,-0.0033528327110016187,0.006576524113140136,0.0004378999516436721,0.0004374998917080486
2025-10-27,0.0034879969783963016,0.011797664492784632,-0.027839530498784404,0.011070812413692899,-0.0021882825502284042,0.0033889249223453266
2025-10-28,-0.005353573093298536,0.002656016019079832,-0.007166030388359279,-0.0003590590822888373,-0.009210475912203808,0.0026149894127449613
2025-10-29,-0.008515476202900163,0.0004802810674313651,-0.0037872684129753864,0.005746100909982843,0.0053120805890432,-0.010106612139004212
2025-10-30,-0.008061894261768843,-0.010998009070644743,0.01964188672951095,-0.01035527488979704,0.0004403198222053817,-0.005818207810428078
2025-10-31,0.005636047800828159,0.0032802217906446884,-0.005430550723012573,-0.002345287606119073,0.007042276742775799,-0.002981538392642258
2025-11-03,-0.0032082842350650287,0.0018766494782573861,0.0017929035935666526,0.006329171347602358,0.0074300781025491425,-0.0025009351750022724
2025-11-04,-0.01727520337659394,-0.01185363741888057,-0.01751719582531963,-0.0183288904022485,-0.006941454343098674,0.002228676000586738
2025-11-05,0.014427917965811554,0.003465476656154154,0.011564369498526794,0.008969398122010253,-0.003058087118058661,-0.010896061511952326
2025-11-06,-0.01769655395661407,-0.010729273044794985,-0.0012005195756796816,-0.007438335692587117,0.0013146783837223452,0.00899268959153976
2025-11-07,0.00524226938447403,0.000984473178775147,0.006119021470095687,-0.0029244788197269056,0.00218810998634944,-0.0021165990003307877
2025-11-10,0.010016203402491763,0.015604278627143309,0.02734111859838051,0.017598481487135276,0.010917093540047329,-0.0002232817482590299
2025-11-11,0.000860567415061908,0.002289357854538432,0.003937814406542062,0.0010809182234601256,0.006479433449417371,0.004578386223735631
2025-11-12,-0.002456613961634213,0.000556300212536609,0.016110762091908537,0.00017994685163702506,-0.011158760950733648,0.0017785102064307168
2025-11-13,-0.02811524317448122,-0.01659390636118807,-0.008083098515826892,-0.011694790870589444,-0.005208328876541102,-0.008211181499339304
2025-11-14,0.0029139129947557407,-0.0001638243733123046,-0.018047911171504505,0.0005461303095382064,0.002181427314084994,-0.005706141274171683
2025-11-17,-0.019875389666239474,-0.009316347515515466,-0.011463979297139493,-0.011826718476261266,-0.0013060074281748824,0.0024757120103160446
2025-11-18,0.003050427092156971,-0.008397553343794883,0.007264932736103624,-0.004971570360528865,0.008282454819535934,-0.0003369928894855212
2025-11-19,-0.0001713379750867272,0.0038631766432766224,0.0016294519610446923,-0.00351593383558213,-0.009943802090209841,-0.0020209551917766966
2025-11-20,-0.018506618618830628,-0.015242227316648038,-0.0002933255655774847,-0.013741823593294011,-0.00960692178426148,0.00393794305411288
2025-11-21,0.02832704042614398,0.009961138168965045,-0.0015473311468576778,-0.0001882817978736684,-0.0066137943288426815,0.003025789395010081
2025-11-24,0.01825120255208068,0.014718606876234608,0.01584423909859045,0.010546132490234505,0.0048823895759047,0.005698403150823594
2025-11-25,0.021800806761798297,0.009405928065710611,-0.0003156907704157108,0.003540759762240775,-0.005300348895078466,0.002555100604236582
2025-11-26,0.008852479106196354,0.006903490619724062,0.007998338908444147,0.007242445174991952,0.010657184586705837,0.004432655205247604
2025-11-28,0.0058632533359859185,0.0054584342293309,0.012424331348639184,0.0014748740068373234,0.013181008294943952,-0.004744062433578722
2025-12-01,-0.012582920453842017,-0.004565470301164498,0.004821066034977672,-0.0007363509785004441,0.0026019914117358933,-0.012448492901736108
2025-12-02,-0.0018320462379175506,0.0018521864059071191,-0.006440050713598433,0.00036844679540837255,-0.004325284006119312,0.00045049067603897264
2025-12-03,0.018191428183187863,0.003462839691083186,-0.0009296182229129313,0.0007366938127175704,0.004778377919137045,0.0028148966370273865
2025-12-04,0.00877302162210003,0.000731139787988333,0.0006461951944911615,-0.0001840199798028852,0.0025941168593646147,-0.005389434384455383
2025-12-05,-0.0041696685565574265,0.001899394752821859,-0.0017823532991586566,0.00754642259021554,0.006037051222266943,-0.00462865467066631
2025-12-08,0.0003987944819840994,-0.0030042091058060105,-0.002639449868615973,-0.0021922457566183606,-0.012430350597357087,-0.0032892421881055567
2025-12-09,0.002072720799183081,-0.000863028073573191,0.005137202012788666,-0.0016476898802547657,-0.0021701512936278533,0.001024294555828753
2025-12-10,0.013604400883855838,0.00663205445836712,0.00425914796716631,0.011186463719847994,0.006089570455026561,0.003864842786041045
2025-12-11,0.011734207482156034,0.0023270357445543954,0.010769830543307712,-0.004715244662215068,-0.0008646487948146264,-0.0013586900863267193
2025-12-12,-0.015321903269348902,-0.010751986278262682,0.005594579039939651,-0.01166174951968968,-0.008221527997395062,-0.009638449141118222
2025-12-15,-0.007563588742080407,-0.0015108084138407696,0.0009103412637567754,-0.002949891428105089,-0.0047993121278409046,0.0006870249353134739
2025-12-16,-0.004731400826979204,-0.002732375302379353,0.00022745542760294057,-0.006320705730391563,-0.010083302635125024,0.005491886164251225
2025-12-17,-0.010644174199714085,-0.011003593983400228,0.008588228474273762,-0.007172545089687232,0.011957518063885786,-0.0009101956952065615
2025-12-18,0.005945595980956009,0.00755126270975226,-0.0018032036998042456,0.011406910630922251,-0.007002210802136477,0.004783530145823889
2025-12-19,0.008363153700595483,0.009063506223587092,0.0011289903434379411,0.009774434789578512,0.007051587504331547,-0.0037322979270182355
2025-12-22,0.011124861120996643,0.006229803850433591,0.02308160549906857,0.005398314493576306,0.01284712194942661,-0.0021702082501557918
2025-12-23,-0.005915314869049726,0.004570492347330646,0.013252341857567629,0.0055545592369175,0.011165699277132735,0.0016023663621611561
2025-12-24,0.0024992924810429695,0.003517674396244841,-0.004134082564786645,0.0020253578531119754,-0.00044170623460404457,0.006057298352003304
2025-12-26,-0.005104779768645762,-0.00010140966545213459,0.011676735474757116,0.006982753585108359,0.003093309976529346,-0.0032943383015527905
2025-12-29,-0.00612513507249568,-0.0035636535074947684,-0.0435283019531133,-0.0025547173790545497,-0.009251144703225855,0.0037611140361739626
2025-12-30,-0.007403603385397806,-0.0012212136133650242,0.0007275678386380324,0.004024848227240696,0.006669614053216089,-0.002384484121703556
2025-12-31,-0.007539381382032695,-0.0074088529688375315,-0.006467991163222386,-0.0030976646847499234,-0.012367437581509155,-0.007967129649732563
2026-01-02,0.010643496672464003,0.0018329931020035772,0.004970859258759619,0.027965680334191667,0.0013416269444552764,-0.0014917174047118786
2026-01-05,0.01587739069616312,0.0066602071082446646,0.026313174195160993,0.011024122939343517,0.01875837819308379,0.004940904207703323
2026-01-06,0.013255264234983022,0.005947158299371091,0.010813149047262716,0.007386552577740124,-0.00043841425322110883,-0.002057970713328361
2026-01-07,-0.0023429787494257948,-0.003223412281198157,-0.009559953917112063,-0.007506980201585689,-0.009210486469285128,0.005843240807724692
2026-01-08,0.01092057547924874,-0.00010152731427326422,0.005522515913727544,0.00035181853286414544,0.0128374947419152,-0.005011992123872155
2026-01-09,0.00758906022018957,0.006613382996888628,0.007242001159325273,0.004747677523108562,0.0008741459133430052,0.006639967965145432
2026-01-12,0.004880308614781503,0.00157043300066384,0.018722729613168898,0.014000647185167248,0.012663795648829579,-0.0029568636807353332
2026-01-13,-0.0005736334399115695,-0.0019995067653818532,-0.0014210408732292512,-0.007421467676817728,0.00776197934585765,0.0017108078809036087
2026-01-14,0.00704033533022308,-0.004915252903138989,0.010222226854542216,0.004173238400327461,0.0008557359733367687,0.005807490399496906
2026-01-15,0.008814955675468195,0.0027232975079871657,-0.0061276608305878,0.005887440253616427,-0.008123071041766461,-0.000226598414573842
2026-01-16,0.0009415779613970443,-0.000837905189162047,-0.004818883830700504,-0.0037872619437471222,-0.001724177336719812,-0.005774912025735324
2026-01-20,-0.011965748102270468,-0.02035680001149731,0.03783617488689295,-0.009676825784336707,0.013816912648208612,-0.01309793296614259
2026-01-21,0.019841593097374766,0.0115411092816613,0.014568979615140476,0.016576509716315968,0.011499167931327658,0.007616580779314708
2026-01-22,0.007468490303916608,0.005223257672714476,0.01846258414950319,0.007552355978729608,-0.00042106226870886054,0.004352438308455664
2026-01-23,-0.018458755061993348,0.00036273518897367296,0.013745304981574558,0.006303253846087431,0.01853414230411743,0.0027369722906234184
2026-01-26,-0.0031342375762266617,0.00507823176187272,0.014628847613605389,0.0016928516195238164,0.004549239411217654,0.004776561191326856
2026-01-27,0.0028411056467816387,0.003984165378470905,0.02453194232197564,0.01977356535160002,0.01358583414029857,-0.0062252133732493276
2026-01-28,-0.005401838187714225,-0.0001006645803248718,0.038773348494905324,0.006794811659930566,0.012997550118450052,-0.002277967333282782
2026-01-29,0.00026594317707950843,-0.001984377154833794,0.0027094717415592218,-0.005102853644219141,0.014434590829752514,0.00022830788888272835
2026-01-30,-0.01412463496349814,-0.0029824841055743345,-0.10274245274560034,-0.022170775183136038,-0.034387310597636445,-0.005592490036273268
2026-02-02,0.009743827241361247,0.00497122273706152,-0.04004945911975233,0.0030456900877002813,-0.036430592653733274,-0.002856970744281484
2026-02-03,0.0022884659283435305,-0.008455385901172563,0.06358720612372104,0.005398090409023171,0.025913282892039646,0.002426312119189644
2026-02-04,-0.008600374200066874,-0.004843853725993386,-0.0007044119795716064,-0.013422768703556742,0.0016563526359911762,-0.0025358440276025407
2026-02-05,-0.018002390916352917,-0.012489284060324235,-0.026631707613677613,-0.004591843821618147,-0.01777595269460086,0.010862089286604704
2026-02-06,0.035922230140668754,0.01918478647681998,0.03073229479090611,0.026311275914818966,0.010521885420527344,0.0006858368534361503
2026-02-09,0.007018464445962547,0.004821726716577324,0.02540290594406658,0.0073247921364336666,0.00999582544066202,-0.00022839616947001318
2026-02-10,-0.0026978195256914805,-0.002637057770699447,-0.009913720520981939,0.001487359786508824,-0.0045361076433632075,0.011540208201866298
2026-02-11,-0.004546140127270948,-0.00023112214366449724,0.011310577541873812,0.015841587792086553,0.009527815053863797,-0.005309051930456166
2026-02-12,-0.020419030743455968,-0.01544885969788623,-0.03472828959819363,-0.011371024008201225,-0.023389478151153886,0.013286443270962067
2026-02-13,0.013177140573955803,0.0007044991031190939,0.024878663914389865,0.004272099570131305,0.0033613414399393804,0.005491473736842556
2026-02-17,0.00030427809642885606,0.0016134830190519533,-0.03117025433910059,-0.004090306581330028,-0.012144012494571643,0.0016718716403389955
2026-02-18,0.003611547959551098,0.005037707550576753,0.022489929267582198,0.005257085477405221,0.026282277569919854,-0.003783285343234022
2026-02-19,0.0023108505501778787,-0.002637344323549562,0.0027930496262249527,-0.002451363913489102,0.009087204833651885,0.0010051995454460894
2026-02-20,3.763977094628501e-05,0.00723184928909637,0.019714504323102178,0.021297508080049266,0.006958660424491558,-0.0023431103126199115
2026-02-23,-0.015570118574713132,-0.010211366038766267,0.027015500392687075,-0.011068331681383214,0.006097545374156299,0.0036907654404003676
2026-02-24,0.010902591936063022,0.00726847527019836,-0.01385890426498504,0.015733992801168606,-0.0012121489553742482,0.0017828976443523548
2026-02-25,0.004746864904620507,0.008438306300538434,-0.0025072627221415233,0.011018840426623155,0.0012136200436423383,0.00011137384806625406
2026-02-26,0.005329268702302548,-0.005554445579207146,0.008575889154321725,-0.00947717028156414,0.00040404965179141605,0.004003977764860389
2026-02-27,-0.017218631399050777,-0.004801940858611298,0.01313141674919538,-0.002073003830367126,0.013731831560780394,0.0060927592247475015
2026-03-02,0.009180826145402277,0.0005685229860479257,0.012919896640826822,-0.017257935959388626,0.028286815684545497,-0.01004206261934859
2026-03-03,-0.017322934709212312,-0.008814250912485666,-0.04461221500318879,-0.050081329341935765,0.003874482120841627,-0.0020086308369838823
2026-03-04,0.009720701099050544,0.007055355958297538,0.007818116439543887,0.010783994998970536,0.008876863897754994,-0.003130902840773775
2026-03-05,-0.01910151808610072,-0.005575670491907769,-0.012017768242597704,-0.024047375379556257,0.014537149081407907,-0.004038164158649438
2026-03-06,-0.022861747419466893,-0.013107129910862048,0.01583250339069653,-0.0053791804922151965,0.03733030746718358,-0.0037166589577551923
2026-03-09,0.010881208672769871,0.00875996152231262,-0.0020696732193965506,0.01971388769738236,-0.013449685065612837,0.00870452679181355
2026-03-10,-0.0010251708472079901,-0.0016070155764896787,0.01127967872100144,0.003934964092247251,0.016949189468174364,-0.010646770913592674
2026-03-11,-0.002012894279990962,-0.0012551345486657706,-0.003390104145245987,0.002556284792043062,0.019202854056940888,-0.012913454786388168
2026-03-12,-0.02151470327127869,-0.015184966271003186,-0.019653925633074443,-0.03195652614584865,0.02595099436060777,-0.001950866826293307
2026-03-13,-0.0033144089529049126,-0.00566013575260893,-0.012936961278600778,-0.002633871051145986,-0.005197557959340404,-0.004944206742483859
2026-03-16,0.009448938376197091,0.01017686501045656,-0.0008896876689684641,0.027816914387340796,-0.013932414882820598,0.007742075694902928
2026-03-17,0.00632650484706021,0.002630544991105488,-0.00251939204778584,0.006337738242366164,0.015895470555582936,0.002751996147062785
2026-03-18,-0.01611674635540772,-0.013953644515257158,-0.03163716142328721,-0.020255235138636363,0.01773297026505838,-0.005603179413187553
2026-03-19,0.006544143593911089,-0.002464381043311259,-0.041215062676522196,0.0010423032837414414,-0.014690819899243479,0.006094676927293152
2026-03-20,-0.021847072959914282,-0.014335696266852715,-0.0305574415876555,-0.034363056205808595,0.0034674195887878234,-0.01897357475931971
2026-03-23,0.02159186990535167,0.010499991225476402,-0.02259421410703788,0.030014394631223684,-0.041119575400739294,0.006524538179382144
2026-03-24,0.005374879569430835,-0.0033568144771775055,0.00022274115430986896,-0.013784686361133947,0.017657649409663634,-0.004398656282758595
2026-03-25,0.012219645103590082,0.0055726882440485515,0.030089336389747867,0.015923523882504176,-0.002478742754658536,0.009650074254296426
2026-03-26,-0.017393395323881067,-0.017858729983344035,-0.0375939695290467,-0.03396019118935334,0.009584680760824194,-0.008406349465670981
2026-03-27,-0.017539577182397736,-0.01705189415742525,0.03509384246336822,-0.004867503234149084,0.0232067452538105,-0.005457960498254755
2026-03-30,-0.014356293457816527,-0.0033433906874337227,-0.00028942761329309175,-0.008152186182858956,0.005498276471294972,0.013311441260236423
2026-03-31,0.03501526188277615,0.029067865784757174,0.037893826237359374,0.037260237131228946,-0.010594650154390428,-0.0010371121405847727
2026-04-01,0.006290284870166918,0.00753449141030349,0.017499822514495555,0.007747847460037205,-0.009326440436896788,-0.0009843548500987342
2026-04-02,0.006932182553929467,0.0009004595313388819,-0.019208815315471806,-0.011182970768697342,0.022663863724330824,0.006144201753125467
2026-04-06,0.0042580801450076144,0.004726845083763864,-0.004098669687746526,0.009188969794050816,0.005114204531894373,-0.0016130771452739223
2026-04-07,0.0021794088861746275,0.0004400005646272298,0.009727589667910319,0.00350196671315417,-0.0037312993456913857,-0.00011551452107827487
2026-04-08,0.029892073285009868,0.02546963651219092,0.00629906958171822,0.05461525347475815,-0.02757920838085204,0.003231829465131897
2026-04-09,0.005720371229872789,0.005769017699185586,0.007778530578574028,-0.0026472434814341916,0.00525208758176432,-0.0025311080830746624
2026-04-10,-0.002519518797132969,-0.0006617754265585418,-0.0017811851128632927,0.004645004271538911,-0.007314492900357905,-0.002422172290105995
2026-04-13,0.014427946547187487,0.009772447246481741,-0.004049183335572026,0.00842139201490566,0.016140318753426586,0.003006157153737643
2026-04-14,0.013770011495397583,0.012184877209840739,0.022349346089928224,0.019158372290253745,-0.004143609657401681,0.005302631409738856
2026-04-15,0.0024933613386353137,0.007890969227043909,-0.010402401583740839,-0.0006427018713517363,0.0017336767266300512,-0.004357279121259827
2026-04-16,0.0020787083982956034,0.002457347646937613,-0.0008627455164704756,0.004019285071910295,0.007615134141607083,-0.006334239682012188
2026-04-17,0.021596566741486578,0.012085686101644066,0.013293051904224695,0.019055225819143873,-0.028169003010347637,0.009156251590983322
2026-04-20,0.005692975956482993,-0.0019997351150194964,-0.008611208936292858,-0.0072281161075423705,0.01343227813605452,-0.00022973668190118257
2026-04-21,-0.010239731481681669,-0.006546892848539487,-0.028320000717914406,-0.014719890618322906,0.018834984539299438,-0.00551396838766105
2026-04-22,0.00717633235582138,0.01012671209511895,0.013245809401007946,0.018152611391724527,0.010270494824104803,0.001963592724988361
2026-04-23,-0.003472261023568457,-0.0038807408683984024,-0.00969535708776803,-0.016251175072029,0.012876962311734852,-0.0021904446240862407
2026-04-24,0.004101336542753131,0.007749309237231605,0.005127114447075254,0.02229350482485959,-0.0010036393412330424,0.0018486672552899819
2026-04-27,0.0017712765486921356,0.001722787837563633,-0.007755303754327758,-0.0015688826660573696,0.007702596702445996,-0.004959041714150181
2026-04-28,-0.011654809681339917,-0.004865992267119479,-0.0185629131043068,-0.010213671142709546,0.008308408066874051,0.001043101357540266
2026-04-29,-0.0066811187478843514,-0.00015450932498595193,-0.010665781709228828,-0.004762688311918395,0.024390236235876994,-0.00775738796932135
2026-04-30,0.021648200855260535,0.009949633527564838,0.014973287523456946,0.020737019101672693,0.000643515373641268,-0.0009334562995825246
2026-05-01,0.004712712085249704,0.0027690952923506984,-0.0011330099187528697,0.0021877585712628544,-0.009324788166245046,0.0035755300409310298
2026-05-04,-0.0050128503168108685,-0.0036633921467564834,-0.02001512681908013,-0.0004678204523759222,0.01687765228099014,-0.00759270505974774
2026-05-05,0.01684175531182941,0.008022228723942426,0.008584306218673232,0.02028093012782972,-0.004149350816570974,0.005532070190025662
2026-05-06,0.015005586253485692,0.013899399692774095,0.030339261182306565,0.0319570711453292,-0.03173082225186219,0.007608522709151355
2026-05-07,-0.015829764304362892,-0.0030660824190705815,0.001670691560653248,-0.01333533023336575,0.0013240952247464133,-0.004995250261966344
2026-05-08,0.006766875980055875,0.00825609701116825,0.004841540894530816,0.0202734047130515,0.001652867340844466,0.00502032805700825
2026-05-11,0.004081880022287265,0.002277563042387465,0.0020287362083613036,-0.000735975961128732,0.025082516436246705,-0.0060408741096146246
2026-05-12,-0.00967289129972615,-0.0015149526145865622,-0.003957209812161411,-0.030490490501798084,0.020283357338947816,-0.006662080817694482
2026-05-13,0.00035389178662526,0.00559483781461112,-0.005612899814961825,0.02111820159721778,-0.010097812856781463,-0.002235405632034282
2026-05-14,0.006297131904184017,0.0078943149045545,-0.007642296271595517,0.0025293830973036613,-0.007013108537376023,0.0014150269748050004
2026-05-15,-0.02408163682303366,-0.012029343756796207,-0.02322039069444226,-0.034283204438351866,0.0012841385559294594,-0.014837425032328433
2026-05-18,-0.0058717443968009375,-0.0007035093177317764,0.00273187497307803,-0.0015367565797141935,0.0060916519222729,-0.0011954419864652621
2026-05-19,-0.010762031411298167,-0.0066607880874933745,-0.016561892782745558,-0.010928071934439676,0.00732955563212756,-0.0064623924966782376
2026-05-20,0.02516482544957155,0.010248994582563453,0.014337773746013083,0.018674064725897388,-0.023094003020863507,0.010720403371144993
2026-05-21,0.009361436734829587,0.0019830877010671433,-0.0009822799906678004,0.008707640827418706,-0.005828963818620747,0.0036943966263449646
2026-05-22,0.009310131351728756,0.003931549076803931,-0.0076020599640160835,-0.0022717949456511066,-0.005211721284556381,0.00546190068571617
2026-05-26,0.018904374342253227,0.006638641352187502,0.00043495402009452455,0.03825142845967555,-0.016699417602916267,0.004959795151062707
2026-05-27,-0.0004819493794151475,-0.0001732421647460125,-0.013309202332427494,-0.00014620528881936767,-0.01798204805794379,0.0023502459676800758
2026-05-28,0.0057168616445948395,0.005516578600909927,0.010477609933210896,0.00321687455747921,0.0077992385222593885,0.005158109918242726
2026-05-29,-0.005478950115628267,0.0024914048034492264,0.010538571648365469,-0.00014575778342651446,-0.008075362606429048,0.00023343233577088895
2026-06-01,-0.004992504922989083,0.0027231134609038143,-0.014048680044494555,0.021574402364661127,0.017299872347391165,0.0005384881308954093
2026-06-02,0.009273902616242058,0.0013579397972762752,0.001677776649860796,0.010273987968302478,0.004334813908215995,0.0021059269280867543
2026-06-03,-0.01368029861425546,-0.00701718232049986,-0.009904155768766798,-0.012429493215544762,0.005644092681183155,-0.003969612206535134
2026-06-04,0.015086760356516127,0.0037786857621391334,0.008335974543818736,-0.011727658762345494,-0.013535877925661133,0.002227127133072271
2026-06-05,-0.03547833133928002,-0.025809371248925683,-0.036545333189379026,-0.06526772532857605,-0.021753669236502016,-0.00514620541424804
2026-06-08,0.008734241020434963,0.002264172608771542,0.002599431669397134,0.01795939855837525,0.008210734686169507,-0.00517273545039354
2026-06-09,0.003202970316751541,-0.0029354505508077944,-0.01633647245916592,0.001064685847108171,-0.013573112583990077,0.005908779843731171
2026-06-10,-0.010420314644346784,-0.015765562508027298,-0.04145558180468856,-0.017623785194817998,0.003439985638786558,-0.002819658976350947
2026-06-11,0.02964018365155008,0.016996847886747934,0.03134182597256374,0.04392197542203502,-0.010970164346495115,0.01295962492685665
2026-06-12,0.008746333574127796,0.005408247901529384,0.0005694792310315666,0.005629651208170827,-0.010398653048263706,-0.00244253492829416
2026-06-15,0.008160714874947406,0.01763396989375332,0.025896360083728975,0.032889583637671915,-0.011558666638340487,-0.0005829286612030193
2026-06-16,-0.008688663959056875,-0.005961562844234103,0.002723533282284585,-0.01591398724518367,-0.011339465010999472,0.0054829765914006234
2026-06-17,-0.0075321206196673485,-0.012487870885051433,-0.02270955075927472,-0.0011655278520698031,-0.006810055077256294,0.001624389281813965
2026-06-18,0.019697776179445237,0.010396992441959574,-0.003808571701190089,0.03252630449742577,-0.002887041730394113,0.004864997586069952
2026-06-22,0.008762124462865728,-0.003146979693962715,-0.0065354381359996605,0.005933015447287415,-0.007962335144290567,-0.0076081226573586624
2026-06-23,-0.009591473008962903,-0.014521954010491611,-0.018903219228002532,-0.056733618416915044,-0.010580044136924371,0.0012777118892310924
2026-06-24,0.00463901897335206,-0.0004635170636431152,-0.030213064971900017,0.0011910351829020893,-0.024705016797959778,0.01368904374345048
2026-06-25,0.007482561604486682,0.0014456352254532678,0.009674185334065832,0.010557607204054298,0.018147430184912494,-0.00034324246133621283
2026-06-26,0.0030777923083371572,-0.007231373616869652,0.011286779419095394,-0.011330144988809021,-0.013368013600890016,0.00011451211808433115
2026-06-29,-0.0028682433047944045,0.016474862380159383,-0.013516094115971211,0.0035719281894479593,-0.0003763729392809445,0.0010302270336643993
2026-06-30,0.004950366191541544,0.007786800986842035,-0.0005425733809176769,0.01453364010823499,0.0037650746792354806,-0.011778271094797454
2026-07-01,-0.003761041227829387,-0.001352504438058455,0.006026389031102086,-0.02821225262183058,-0.00787693494653341,-0.006759350589188973
2026-07-02,-0.005813245721554283,-0.001314069480687241,0.020318398961908235,-0.011732947793391735,0.0045368214904895066,-0.00011689040355766789
2026-07-06,0.0044358067873566664,0.008727409093039817,0.01057837238078907,0.02846275241162033,0.016183677460092083,-0.0007017827377749919
2026-07-07,-0.0090665490478955,-0.004751899671231685,-0.012142502784779907,-0.027378991896943927,0.012962977091471428,-0.010532340848387278
2026-07-08,-0.00914950346986887,-0.0030894297130047432,-0.008053135463158223,0.007760227126560215,0.016453340011494344,-0.002247212388478581
2026-07-09,0.012811704740674834,0.00846525000257925,0.009961224054354512,0.008304324241072303,-0.007913644582450585,0.0015409242512691712
2026-07-10,-0.004205356079491129,0.0043101596888019955,-0.003093719744077905,0.0017969863548310538,-0.0021754701272064247,-0.00023663079096059025
2026-07-13,-0.008479946386225401,-0.007656174850540931,-0.02620621369961662,-0.03587446145200035,0.029433119639133976,-0.005919255704355919
2026-07-14,0.003509604541158451,0.00355064169730146,0.013673600487310367,0.01813950649527607,0.010589454213500327,0.001309984949769083
2026-07-15,0.004278222152956923,0.003963635929681075,0.0005374505181017231,-0.0015227421487638004,0.005588604940652608,0.0019029149847882287
2026-07-16,-0.0006085562513677978,-0.005418617756386079,-0.01984695723728025,-0.021046168367252593,-0.011462376539095764,-0.00035618141154958316
2026-07-17,-0.005243708556350923,-0.009897156017872222,0.009453124418586922,-0.014020898763798084,0.018271274578057772,0.0036812462295174875
2026-07-20,-0.005883590450460385,-0.0016143782471810253,-0.0021986307389650905,0.004266083960466904,0.005521043821236971,-0.007453762122910601
2026-07-21,0.014470976092701981,0.008341309298597777,0.019613686984128575,0.02800495478509535,0.014756359443457212,-0.002741630061377842
2026-07-22,-0.009273622178315288,-0.0011627413779321527,0.011499153135369422,-0.005356573213000426,0.00980726812716548,-0.0026297696220726197
2026-07-23,-0.005786487482848823,-0.012349287272575782,-0.020046439653404247,-0.00600091402473879,0.015070289564388828,-0.003235908448614766
2026-07-24,-0.0031496556598672454,0.0010160123647910968,0.0010228383237773642,-0.01965939122390492,-0.0069283763831345935,0.0009619139545677946
2026-07-27,0.005975856558480652,0.0002165755636849287,0.007340712640850455,0.0045791424671628445,-0.03621262919514501,0.006006000755983454
2026-07-28,0.0015704190684069363,0.002394780651586048,-0.01404054586409964,-0.01980506668794868,-0.014133052195012596,0.005850783258425585
2026-07-29,-0.01636154982738225,-0.015387473482586067,0.004629481218515252,-0.020686351874621534,0.028671317618425896,-0.01650046534551275
2026-07-30,0.013930723608275963,0.01676579949601198,0.016384653740035837,0.041264130839307134,-0.003399061224010791,-0.0006034720120091652
2026-07-31,-0.0047506208286567375,0.007199809675054292,-0.014900824749758845,0.007862811512863166,0.004433870036437471,-0.006642570568696993
2026-08-03,0.01723897253858242,0.01424300656734756,0.00045750903333918735,0.003588755969355706,-0.019354892611417318,0.0032959506652343595
2026-08-04,0.018533489338164566,0.018029002715958642,0.00659119276681408,0.02611940785365041,-0.019736832111773794,0.007665132433438027
2026-08-05,-0.00643002385187863,-0.0019966020100066206,0.04137270374924307,-0.004242405746922362,0.006004948057256598,0.0021733917633306454
2026-08-06,-0.005070517628109061,-0.001597813044932006,7.699101265035146e-05,-0.010651317173381303,0.013342734347719487,-0.0057831729751035565
2026-08-07,0.011098063901403776,0.006115348472417681,0.022583179330530445,0.00953557026441576,0.0017324752599836568,0.0029084525318412435
2026-08-10,-0.005239377188808292,-0.00029741673673222557,0.01021408716277361,-0.00716028679270897,0.035281925394232694,-0.008458247457321821
2026-08-11,0.003366821824981159,-0.0031952597501651026,-0.003925118140567174,0.00398959864256021,0.0013364185690232233,0.0015842662281297937
2026-08-12,0.005714479805005501,0.0025046624297864195,0.009876351898066904,0.01574199563644818,0.004671381388209994,-0.0009733766720803061
